location,city,property_type,bedrooms,bathrooms,size_sqm,furnished,serviced,annual_rent,listing_date,listing_url
Festac,Lagos,flat,2,1,115,no,yes,3600000,15/08/2026,#######
Garki,Abuja,penthouse,2,1,140,no,no,4800000,05/08/2026,#######
Garki,Abuja,terrace,4,5,,no,yes,4500000,03/08/2026,#######
Ikeja,Lagos,terrace,1,2,100,not stated,yes,1700000,06/08/2026,#######
Mabushi,Abuja,mansion,3,2,1156,yes,yes,6300000,06/08/2026,#######
Asokoro,Abuja,mansion,1,1,609,no,no,15200000,13/08/2026,#######
Ikeja,Lagos,self-contain,0,1,,no,yes,900000,05/08/2026,#######
Ikeja GRA,Lagos,terrace,2,1,150,yes,not stated,3200000,02/08/2026,#######
Ojodu Berger,Lagos,bungalow,4,3,725,no,not stated,5000000,18/08/2026,#######
Apo,Abuja,mansion,3,2,1182,not stated,no,6600000,05/08/2026,#######
Ojodu Berger,Lagos,mansion,2,2,688,yes,yes,5700000,03/08/2026,#######
Wuse 1,Abuja,bungalow,3,4,448,not stated,not stated,4800000,14/08/2026,#######
Dutse,Abuja,self-contain,0,1,43,yes,not stated,600000,03/08/2026,#######
Ikoyi,Lagos,terrace,4,4,442,not stated,not stated,6300000,11/08/2026,#######
Maryland,Lagos,penthouse,3,3,501,yes,yes,6100000,14/08/2026,#######
Maitama,Abuja,penthouse,3,4,,not stated,yes,10600000,01/08/2026,#######
Maitama,Abuja,bungalow,5,5,,no,yes,8100000,13/08/2026,#######
Lokogoma,Abuja,bungalow,4,5,541,no,not stated,5100000,05/08/2026,#######
Maitama,Abuja,self-contain,0,1,67,yes,yes,800000,18/08/2026,#######
Asokoro,Abuja,duplex,6,7,,no,not stated,9000000,01/08/2026,#######
Mabushi,Abuja,duplex,3,2,,not stated,not stated,3600000,10/08/2026,#######
Dutse,Abuja,bungalow,1,2,,not stated,no,2800000,06/08/2026,#######
Surulere,Lagos,penthouse,5,5,,no,yes,6800000,12/08/2026,#######
Dutse,Abuja,penthouse,1,1,,not stated,no,3100000,06/08/2026,#######
Festac,Lagos,bungalow,3,4,640,yes,yes,3300000,12/08/2026,#######
Lugbe,Abuja,penthouse,2,1,125,no,no,5300000,02/08/2026,#######
Ojodu Berger,Lagos,self-contain,0,1,64,yes,not stated,1500000,12/08/2026,#######
Lugbe,Abuja,duplex,1,1,124,not stated,yes,1500000,02/08/2026,#######
Ajah,Lagos,terrace,3,2,,no,not stated,3100000,15/08/2026,#######
Apo,Abuja,self-contain,0,1,130,not stated,no,800000,07/08/2026,#######
Amuwo Odofin,Lagos,self-contain,0,1,124,not stated,no,300000,05/08/2026,#######
Gwarinpa,Abuja,flat,2,2,40,not stated,yes,3900000,03/08/2026,#######
Festac,Lagos,duplex,2,3,,no,no,3700000,07/08/2026,#######
Lekki Phase 2,Lagos,duplex,2,2,,not stated,yes,3000000,10/08/2026,#######
Apo,Abuja,penthouse,1,1,85,yes,not stated,3100000,13/08/2026,#######
Ikoyi,Lagos,self-contain,0,1,46,not stated,not stated,1400000,12/08/2026,#######
Life Camp,Abuja,flat,2,2,108,no,yes,2100000,13/08/2026,#######
Sangotedo,Lagos,flat,1,2,89,no,no,1700000,13/08/2026,#######
Gwarinpa,Abuja,bungalow,6,5,262,yes,yes,7800000,10/08/2026,#######
Gbagada,Lagos,terrace,1,1,135,no,not stated,1700000,11/08/2026,#######
Mabushi,Abuja,flat,2,3,,no,not stated,2600000,13/08/2026,#######
Amuwo Odofin,Lagos,penthouse,2,2,97,no,no,4500000,07/08/2026,#######
Ajah,Lagos,self-contain,0,1,127,not stated,not stated,500000,17/08/2026,#######
Festac,Lagos,bungalow,3,2,337,yes,no,3500000,09/08/2026,#######
Ajah,Lagos,self-contain,0,1,,yes,yes,1000000,07/08/2026,#######
Ikeja GRA,Lagos,duplex,4,4,234,not stated,no,5900000,06/08/2026,#######
Asokoro,Abuja,self-contain,0,1,127,no,not stated,1900000,11/08/2026,#######
Gbagada,Lagos,terrace,2,2,126,yes,not stated,2200000,07/08/2026,#######
Ikoyi,Lagos,terrace,3,2,760,not stated,yes,5300000,04/08/2026,#######
Ikoyi,Lagos,bungalow,2,2,88,yes,yes,4600000,17/08/2026,#######
Ikoyi,Lagos,flat,5,5,652,no,no,7100000,11/08/2026,#######
Allen,Lagos,flat,4,4,495,not stated,not stated,5600000,16/08/2026,#######
Apo,Abuja,bungalow,6,5,,no,yes,7200000,10/08/2026,#######
Maitama,Abuja,terrace,2,2,,yes,yes,5400000,15/08/2026,#######
VGC,Lagos,flat,2,1,,no,not stated,3800000,06/08/2026,#######
Maryland,Lagos,terrace,5,4,,yes,not stated,5900000,12/08/2026,#######
Lekki Phase 2,Lagos,bungalow,3,4,506,yes,yes,3400000,09/08/2026,#######
Life Camp,Abuja,mansion,3,4,1158,no,no,6500000,07/08/2026,#######
Gbagada,Lagos,penthouse,2,2,82,no,yes,5100000,14/08/2026,#######
Gwarinpa,Abuja,terrace,1,2,145,no,not stated,2800000,07/08/2026,#######
Ikeja GRA,Lagos,mansion,1,1,891,yes,not stated,8400000,01/08/2026,#######
Surulere,Lagos,mansion,2,3,983,not stated,no,5200000,02/08/2026,#######
Mabushi,Abuja,flat,2,2,101,no,yes,2800000,03/08/2026,#######
VGC,Lagos,bungalow,3,2,470,yes,yes,4500000,05/08/2026,#######
Katampe,Abuja,mansion,5,4,985,not stated,yes,8300000,01/08/2026,#######
Surulere,Lagos,flat,3,2,,not stated,not stated,3300000,16/08/2026,#######
Ilupeju,Lagos,mansion,2,2,,no,no,6200000,03/08/2026,#######
Lokogoma,Abuja,penthouse,4,4,350,no,no,5600000,08/08/2026,#######
Ojodu Berger,Lagos,bungalow,4,5,,not stated,yes,5000000,05/08/2026,#######
Amuwo Odofin,Lagos,self-contain,0,1,,no,yes,1000000,11/08/2026,#######
Lugbe,Abuja,duplex,1,2,65,yes,no,1400000,07/08/2026,#######
Maryland,Lagos,duplex,3,4,,no,no,3900000,17/08/2026,#######
Guzape,Abuja,flat,4,5,770,no,yes,5600000,10/08/2026,#######
Ikeja,Lagos,penthouse,5,6,,no,yes,6600000,16/08/2026,#######
Asokoro,Abuja,self-contain,0,1,,yes,not stated,1600000,10/08/2026,#######
Opebi,Lagos,duplex,5,6,,not stated,no,4700000,02/08/2026,#######
Lugbe,Abuja,mansion,4,5,837,yes,yes,8400000,15/08/2026,#######
Apo,Abuja,duplex,2,1,73,not stated,not stated,3300000,15/08/2026,#######
Festac,Lagos,flat,4,4,735,no,not stated,4800000,04/08/2026,#######
Victoria Island,Lagos,mansion,3,4,,yes,no,15800000,11/08/2026,#######
Gwarinpa,Abuja,flat,3,3,173,not stated,yes,4400000,17/08/2026,#######
Ilupeju,Lagos,duplex,2,3,69,not stated,no,2100000,11/08/2026,#######
Lugbe,Abuja,terrace,2,2,80,no,yes,2400000,12/08/2026,#######
Jahi,Abuja,terrace,2,1,98,no,yes,4000000,02/08/2026,#######
Jahi,Abuja,terrace,5,6,673,no,not stated,6000000,11/08/2026,#######
Yaba,Lagos,terrace,6,5,,yes,yes,7200000,06/08/2026,#######
Ilupeju,Lagos,penthouse,3,4,720,not stated,no,5700000,02/08/2026,#######
Surulere,Lagos,terrace,3,3,593,not stated,no,4700000,02/08/2026,#######
Lekki Phase 2,Lagos,self-contain,0,1,48,not stated,yes,0,14/08/2026,#######
Guzape,Abuja,penthouse,1,2,42,not stated,no,8200000,13/08/2026,#######
Magodo,Lagos,mansion,2,3,908,not stated,no,10000000,10/08/2026,#######
Ikoyi,Lagos,mansion,5,5,1031,yes,no,15600000,02/08/2026,#######
Garki,Abuja,self-contain,0,1,102,no,not stated,1300000,15/08/2026,#######
Jahi,Abuja,penthouse,4,4,492,not stated,no,10100000,18/08/2026,#######
Lokogoma,Abuja,flat,3,4,204,yes,not stated,4000000,17/08/2026,#######
Guzape,Abuja,bungalow,2,1,140,not stated,not stated,4500000,11/08/2026,#######
Apo,Abuja,duplex,2,1,,no,no,3400000,04/08/2026,#######
Yaba,Lagos,mansion,1,2,611,no,yes,5700000,03/08/2026,#######
Yaba,Lagos,duplex,2,1,52,not stated,yes,3800000,16/08/2026,#######
Apo,Abuja,terrace,1,2,115,no,not stated,1500000,08/08/2026,#######
Ajah,Lagos,duplex,2,3,90,no,not stated,3600000,17/08/2026,#######
Apo,Abuja,bungalow,2,2,96,not stated,not stated,3300000,07/08/2026,#######
Guzape,Abuja,mansion,2,1,519,not stated,no,12100000,01/08/2026,#######
Festac,Lagos,penthouse,3,2,287,no,no,5100000,02/08/2026,#######
Maitama,Abuja,mansion,3,4,892,no,not stated,17000000,11/08/2026,#######
Opebi,Lagos,flat,2,1,,no,not stated,2500000,01/08/2026,#######
Lokogoma,Abuja,penthouse,3,4,344,yes,no,6200000,01/08/2026,#######
Opebi,Lagos,terrace,2,2,,yes,no,2300000,06/08/2026,#######
Apo,Abuja,terrace,1,2,99,yes,not stated,2400000,08/08/2026,#######
Guzape,Abuja,duplex,4,4,379,not stated,not stated,6000000,12/08/2026,#######
Ojodu Berger,Lagos,duplex,1,2,102,no,not stated,1600000,08/08/2026,#######
Maryland,Lagos,terrace,2,3,,no,yes,2900000,02/08/2026,#######
Victoria Island,Lagos,flat,2,2,,no,yes,4700000,08/08/2026,#######
Mabushi,Abuja,duplex,2,3,,not stated,not stated,2300000,05/08/2026,#######
Gwarinpa,Abuja,bungalow,4,4,644,not stated,not stated,5400000,08/08/2026,#######
Guzape,Abuja,mansion,3,2,1070,yes,yes,11900000,13/08/2026,#######
Jahi,Abuja,duplex,4,5,,yes,yes,7100000,08/08/2026,#######
Garki,Abuja,bungalow,3,3,466,not stated,no,3900000,08/08/2026,#######
Ikeja GRA,Lagos,flat,5,6,,not stated,yes,7000000,16/08/2026,#######
Katampe,Abuja,terrace,4,5,,no,yes,4600000,16/08/2026,#######
Ikoyi,Lagos,self-contain,0,1,110,not stated,not stated,1600000,02/08/2026,#######
Ajah,Lagos,duplex,3,4,718,no,not stated,3200000,12/08/2026,#######
Wuse 1,Abuja,terrace,1,1,100,no,yes,2900000,04/08/2026,#######
Katampe,Abuja,flat,5,6,652,no,not stated,6000000,07/08/2026,#######
Katampe,Abuja,terrace,5,4,,not stated,not stated,6000000,10/08/2026,#######
Magodo,Lagos,terrace,3,3,,no,not stated,5200000,11/08/2026,#######
Maitama,Abuja,self-contain,0,1,52,no,not stated,1100000,15/08/2026,#######
Surulere,Lagos,mansion,2,2,862,yes,yes,5600000,01/08/2026,#######
Allen,Lagos,mansion,6,6,,yes,not stated,9300000,07/08/2026,#######
Ikoyi,Lagos,bungalow,3,3,534,no,yes,6100000,07/08/2026,#######
Maryland,Lagos,self-contain,0,1,139,no,not stated,600000,13/08/2026,#######
Maitama,Abuja,terrace,2,3,88,no,not stated,5400000,07/08/2026,#######
Allen,Lagos,flat,5,5,201,not stated,no,6400000,15/08/2026,#######
Maitama,Abuja,terrace,1,1,,no,not stated,5000000,17/08/2026,#######
VGC,Lagos,terrace,3,3,,no,not stated,4700000,08/08/2026,#######
Sangotedo,Lagos,terrace,1,1,65,yes,no,3000000,12/08/2026,#######
Asokoro,Abuja,bungalow,5,4,516,yes,no,8900000,10/08/2026,#######
Victoria Island,Lagos,mansion,4,5,,no,not stated,16400000,12/08/2026,#######
Ajah,Lagos,flat,3,4,185,not stated,yes,2900000,02/08/2026,#######
Apo,Abuja,mansion,1,1,871,not stated,not stated,4600000,15/08/2026,#######
Opebi,Lagos,terrace,4,3,307,not stated,not stated,5100000,15/08/2026,#######
Amuwo Odofin,Lagos,bungalow,2,1,98,not stated,not stated,3000000,16/08/2026,#######
Allen,Lagos,mansion,4,3,625,yes,no,7600000,09/08/2026,#######
Surulere,Lagos,penthouse,4,5,,not stated,yes,6400000,14/08/2026,#######
Yaba,Lagos,bungalow,4,5,,no,yes,3900000,05/08/2026,#######
Opebi,Lagos,bungalow,4,3,436,no,yes,3800000,01/08/2026,#######
Victoria Island,Lagos,mansion,3,4,,no,no,15300000,07/08/2026,#######
Apo,Abuja,mansion,6,6,716,yes,no,8600000,17/08/2026,#######
Maryland,Lagos,self-contain,0,1,149,yes,yes,1500000,18/08/2026,#######
Jahi,Abuja,self-contain,0,1,,not stated,not stated,1300000,03/08/2026,#######
Jahi,Abuja,mansion,1,2,,not stated,not stated,12100000,09/08/2026,#######
Apo,Abuja,terrace,3,3,657,not stated,not stated,4300000,10/08/2026,#######
Lugbe,Abuja,self-contain,0,1,148,no,no,100000,02/08/2026,#######
Gwarinpa,Abuja,bungalow,3,3,,yes,not stated,4900000,05/08/2026,#######
Ikeja GRA,Lagos,penthouse,2,2,61,no,no,8000000,06/08/2026,#######
Festac,Lagos,self-contain,0,1,116,no,yes,400000,07/08/2026,#######
Ikeja GRA,Lagos,terrace,4,5,742,not stated,not stated,5900000,01/08/2026,#######
Sangotedo,Lagos,duplex,5,4,,no,no,5500000,12/08/2026,#######
Guzape,Abuja,duplex,2,3,99,no,not stated,3900000,11/08/2026,#######
Ilupeju,Lagos,flat,1,2,41,yes,no,2800000,15/08/2026,#######
Yaba,Lagos,duplex,5,4,467,not stated,no,4500000,18/08/2026,#######
Life Camp,Abuja,self-contain,0,1,,yes,yes,600000,05/08/2026,#######
Victoria Island,Lagos,duplex,2,3,,not stated,yes,5700000,10/08/2026,#######
Life Camp,Abuja,bungalow,2,2,,yes,no,3200000,02/08/2026,#######
Dutse,Abuja,terrace,4,3,,no,yes,3800000,14/08/2026,#######
Wuse 1,Abuja,mansion,5,6,,no,no,8300000,01/08/2026,#######
Maitama,Abuja,mansion,2,1,1186,no,no,15300000,03/08/2026,#######
Ikoyi,Lagos,self-contain,0,1,,yes,yes,400000,16/08/2026,#######
Gbagada,Lagos,duplex,4,5,292,yes,not stated,4600000,03/08/2026,#######
Amuwo Odofin,Lagos,mansion,3,2,677,yes,yes,6200000,10/08/2026,#######
Gwarinpa,Abuja,terrace,2,3,111,not stated,not stated,5200000,10/08/2026,#######
Maitama,Abuja,flat,6,5,288,no,no,9700000,03/08/2026,#######
Lekki Phase 1,Lagos,flat,3,4,784,yes,no,6200000,07/08/2026,#######
Amuwo Odofin,Lagos,flat,5,5,770,not stated,yes,6000000,12/08/2026,#######
Yaba,Lagos,penthouse,3,2,752,no,not stated,5900000,16/08/2026,#######
Garki,Abuja,duplex,1,1,93,not stated,no,2400000,05/08/2026,#######
Lokogoma,Abuja,terrace,2,2,95,no,no,2900000,16/08/2026,#######
Katampe,Abuja,terrace,4,5,268,no,no,5300000,17/08/2026,#######
Wuse 1,Abuja,flat,3,3,,not stated,yes,3000000,14/08/2026,#######
Surulere,Lagos,flat,1,1,149,not stated,yes,1300000,05/08/2026,#######
Wuse 1,Abuja,flat,4,3,357,not stated,no,4000000,15/08/2026,#######
Lugbe,Abuja,terrace,2,3,,not stated,yes,3800000,05/08/2026,#######
Lokogoma,Abuja,terrace,2,2,95,yes,no,3900000,04/08/2026,#######
Apo,Abuja,terrace,5,4,645,no,yes,5300000,12/08/2026,#######
Apo,Abuja,penthouse,5,6,504,no,no,6800000,12/08/2026,#######
Amuwo Odofin,Lagos,penthouse,4,4,541,not stated,not stated,6700000,06/08/2026,#######
Festac,Lagos,mansion,4,5,,no,no,7300000,16/08/2026,#######
Sangotedo,Lagos,mansion,2,1,554,no,no,6000000,11/08/2026,#######
Yaba,Lagos,terrace,2,2,53,yes,no,2700000,14/08/2026,#######
Jahi,Abuja,mansion,4,3,,no,yes,14100000,09/08/2026,#######
Festac,Lagos,self-contain,0,1,83,yes,yes,1400000,14/08/2026,#######
Lokogoma,Abuja,bungalow,1,1,,yes,no,1700000,11/08/2026,#######
Jahi,Abuja,duplex,2,2,60,yes,no,3800000,15/08/2026,#######
Allen,Lagos,mansion,3,2,778,no,not stated,6400000,10/08/2026,#######
Ikoyi,Lagos,flat,2,2,,yes,yes,5900000,14/08/2026,#######
Ikeja,Lagos,bungalow,1,2,,no,yes,1700000,12/08/2026,#######
Maryland,Lagos,terrace,3,2,193,no,not stated,4600000,03/08/2026,#######
Ajah,Lagos,duplex,5,5,786,not stated,not stated,5200000,16/08/2026,#######
Yaba,Lagos,mansion,2,2,,not stated,yes,6800000,06/08/2026,#######
Victoria Island,Lagos,mansion,4,4,545,yes,not stated,15100000,03/08/2026,#######
Ajah,Lagos,mansion,1,1,812,not stated,not stated,5600000,04/08/2026,#######
Guzape,Abuja,flat,1,2,61,no,not stated,4200000,07/08/2026,#######
Jahi,Abuja,terrace,4,5,,not stated,no,6900000,03/08/2026,#######
Guzape,Abuja,penthouse,2,1,,yes,yes,7600000,15/08/2026,#######
Garki,Abuja,bungalow,1,1,,not stated,no,2800000,06/08/2026,#######
Jahi,Abuja,terrace,1,2,89,no,not stated,3900000,07/08/2026,#######
Surulere,Lagos,terrace,2,3,,no,no,3500000,02/08/2026,#######
Gwarinpa,Abuja,mansion,2,1,,not stated,yes,12700000,03/08/2026,#######
Life Camp,Abuja,duplex,3,3,703,not stated,no,4700000,06/08/2026,#######
Wuse 2,Abuja,bungalow,2,2,,yes,not stated,4800000,08/08/2026,#######
Garki,Abuja,self-contain,0,1,,yes,yes,900000,13/08/2026,#######
Wuse 1,Abuja,mansion,3,2,,yes,yes,7100000,17/08/2026,#######
Ikeja GRA,Lagos,duplex,3,3,163,yes,yes,4800000,01/08/2026,#######
Allen,Lagos,terrace,5,6,560,yes,yes,5000000,16/08/2026,#######
Festac,Lagos,penthouse,5,5,271,not stated,not stated,6800000,08/08/2026,#######
Guzape,Abuja,mansion,2,2,1019,not stated,no,11900000,16/08/2026,#######
Lugbe,Abuja,self-contain,0,1,,not stated,not stated,500000,11/08/2026,#######
Amuwo Odofin,Lagos,self-contain,0,1,,no,not stated,1500000,12/08/2026,#######
Gwarinpa,Abuja,mansion,3,4,883,no,not stated,12800000,18/08/2026,#######
Ajah,Lagos,bungalow,5,4,372,no,no,6200000,17/08/2026,#######
Garki,Abuja,mansion,3,3,1143,no,not stated,6300000,17/08/2026,#######
Maitama,Abuja,bungalow,3,2,263,not stated,not stated,6900000,09/08/2026,#######
Lekki Phase 1,Lagos,penthouse,2,2,140,yes,no,9700000,01/08/2026,#######
Surulere,Lagos,bungalow,3,2,,no,no,4400000,09/08/2026,#######
Wuse 1,Abuja,terrace,2,2,,yes,not stated,2200000,16/08/2026,#######
Ajah,Lagos,flat,4,5,459,no,no,5500000,05/08/2026,#######
Garki,Abuja,bungalow,2,2,,not stated,no,3300000,17/08/2026,#######
Guzape,Abuja,duplex,2,2,96,yes,not stated,5100000,02/08/2026,#######
Ikeja,Lagos,terrace,3,4,312,yes,no,4000000,08/08/2026,#######
Maryland,Lagos,flat,3,2,460,yes,no,3100000,06/08/2026,#######
Guzape,Abuja,bungalow,2,3,,not stated,yes,4900000,12/08/2026,#######
Maitama,Abuja,mansion,6,6,,not stated,yes,18500000,15/08/2026,#######
Festac,Lagos,flat,3,2,273,not stated,no,4200000,18/08/2026,#######
Mabushi,Abuja,duplex,2,1,68,yes,not stated,3800000,09/08/2026,#######
Katampe,Abuja,mansion,4,4,1030,no,yes,7400000,11/08/2026,#######
Sangotedo,Lagos,duplex,3,2,620,no,not stated,3000000,05/08/2026,#######
Guzape,Abuja,self-contain,0,1,52,yes,yes,1900000,05/08/2026,#######
Lokogoma,Abuja,self-contain,0,1,,yes,no,0,12/08/2026,#######
Ikeja GRA,Lagos,mansion,3,3,817,no,not stated,11800000,01/08/2026,#######
Maryland,Lagos,self-contain,0,1,126,not stated,no,1400000,04/08/2026,#######
Allen,Lagos,terrace,3,2,239,not stated,no,3000000,17/08/2026,#######
Sangotedo,Lagos,flat,2,2,44,yes,not stated,3700000,04/08/2026,#######
Life Camp,Abuja,duplex,1,1,50,no,not stated,3100000,14/08/2026,#######
Gwarinpa,Abuja,self-contain,0,1,,no,not stated,900000,08/08/2026,#######
Katampe,Abuja,terrace,2,2,65,no,no,3700000,10/08/2026,#######
Gbagada,Lagos,terrace,3,4,713,yes,yes,4300000,07/08/2026,#######
Magodo,Lagos,bungalow,2,1,,no,not stated,3700000,08/08/2026,#######
Dutse,Abuja,bungalow,1,1,101,no,yes,2400000,06/08/2026,#######
Opebi,Lagos,terrace,2,2,67,not stated,yes,2300000,17/08/2026,#######
Maitama,Abuja,bungalow,2,1,,yes,not stated,5700000,06/08/2026,#######
Festac,Lagos,duplex,6,5,432,yes,no,5800000,14/08/2026,#######
Wuse 2,Abuja,duplex,2,3,93,no,yes,5800000,18/08/2026,#######
Victoria Island,Lagos,mansion,5,4,1037,yes,not stated,16300000,01/08/2026,#######
Garki,Abuja,duplex,5,6,,no,no,4800000,02/08/2026,#######
Wuse 1,Abuja,flat,3,2,,not stated,not stated,4600000,11/08/2026,#######
Apo,Abuja,duplex,1,1,146,yes,no,2000000,17/08/2026,#######
Wuse 1,Abuja,flat,3,2,444,no,not stated,3700000,16/08/2026,#######
Wuse 2,Abuja,duplex,2,1,134,not stated,no,6100000,15/08/2026,#######
Ikeja,Lagos,duplex,2,3,,no,not stated,2500000,01/08/2026,#######
Surulere,Lagos,duplex,3,4,,not stated,yes,2900000,10/08/2026,#######
Jahi,Abuja,duplex,6,5,,yes,not stated,8000000,05/08/2026,#######
Ikeja GRA,Lagos,flat,3,4,691,yes,not stated,5500000,02/08/2026,#######
Mabushi,Abuja,self-contain,0,1,,not stated,not stated,1400000,18/08/2026,#######
Dutse,Abuja,mansion,2,2,,yes,yes,6800000,08/08/2026,#######
Lekki Phase 1,Lagos,duplex,3,4,361,not stated,no,5100000,11/08/2026,#######
Ajah,Lagos,bungalow,4,4,671,yes,not stated,4300000,01/08/2026,#######
Gbagada,Lagos,self-contain,0,1,133,no,no,1300000,17/08/2026,#######
Ikeja GRA,Lagos,duplex,4,3,618,yes,yes,5700000,18/08/2026,#######
Surulere,Lagos,penthouse,4,4,323,no,no,6900000,12/08/2026,#######
Life Camp,Abuja,mansion,3,3,529,no,not stated,7600000,05/08/2026,#######
Jahi,Abuja,terrace,2,2,140,no,no,5100000,17/08/2026,#######
Dutse,Abuja,mansion,2,1,1014,not stated,not stated,5600000,04/08/2026,#######
Asokoro,Abuja,duplex,2,1,58,not stated,yes,6000000,13/08/2026,#######
Guzape,Abuja,duplex,3,4,360,yes,yes,5500000,17/08/2026,#######
Life Camp,Abuja,terrace,2,2,55,no,not stated,2400000,04/08/2026,#######
Surulere,Lagos,duplex,4,3,,no,no,4400000,15/08/2026,#######
Ajah,Lagos,bungalow,2,3,122,yes,not stated,4000000,12/08/2026,#######
Lokogoma,Abuja,duplex,2,1,,no,yes,3900000,10/08/2026,#######
Life Camp,Abuja,terrace,3,4,,not stated,no,3100000,07/08/2026,#######
Asokoro,Abuja,self-contain,0,1,144,no,yes,900000,14/08/2026,#######
Mabushi,Abuja,terrace,4,5,,no,not stated,5400000,12/08/2026,#######
Allen,Lagos,mansion,3,4,,not stated,yes,6700000,03/08/2026,#######
Allen,Lagos,duplex,4,5,163,not stated,yes,5100000,04/08/2026,#######
Gwarinpa,Abuja,terrace,2,1,73,no,not stated,3900000,09/08/2026,#######
Allen,Lagos,penthouse,5,6,569,not stated,yes,6500000,03/08/2026,#######
VGC,Lagos,flat,1,1,136,yes,not stated,2600000,06/08/2026,#######
Opebi,Lagos,bungalow,2,1,98,no,not stated,3600000,01/08/2026,#######
Allen,Lagos,bungalow,3,4,589,not stated,yes,3000000,16/08/2026,#######
Surulere,Lagos,mansion,4,3,,no,not stated,7000000,09/08/2026,#######
Lekki Phase 2,Lagos,terrace,1,1,,not stated,no,3200000,04/08/2026,#######
Guzape,Abuja,terrace,5,5,229,not stated,no,7700000,11/08/2026,#######
Ilupeju,Lagos,flat,3,2,657,yes,no,3500000,11/08/2026,#######
Wuse 1,Abuja,mansion,4,5,,no,not stated,7400000,13/08/2026,#######
Apo,Abuja,self-contain,0,1,101,no,not stated,0,08/08/2026,#######
Wuse 1,Abuja,flat,1,2,,no,no,1500000,02/08/2026,#######
Gwarinpa,Abuja,terrace,4,4,407,not stated,yes,5800000,12/08/2026,#######
Jahi,Abuja,self-contain,0,1,75,no,no,300000,02/08/2026,#######
Dutse,Abuja,flat,1,1,145,no,yes,2100000,10/08/2026,#######
Sangotedo,Lagos,penthouse,3,4,441,not stated,yes,5900000,11/08/2026,#######
VGC,Lagos,penthouse,2,1,144,no,not stated,7600000,01/08/2026,#######
Gbagada,Lagos,penthouse,2,3,140,not stated,no,4900000,16/08/2026,#######
Mabushi,Abuja,penthouse,1,1,,no,yes,4200000,14/08/2026,#######
Surulere,Lagos,mansion,2,2,969,not stated,not stated,5300000,01/08/2026,#######
Ikoyi,Lagos,bungalow,2,3,,no,no,4800000,11/08/2026,#######
Amuwo Odofin,Lagos,duplex,3,3,421,yes,yes,4600000,12/08/2026,#######
Victoria Island,Lagos,bungalow,3,4,664,not stated,no,6200000,03/08/2026,#######
VGC,Lagos,mansion,3,3,,not stated,not stated,10100000,03/08/2026,#######
Lokogoma,Abuja,mansion,2,3,811,no,yes,5400000,05/08/2026,#######
Ojodu Berger,Lagos,self-contain,0,1,,yes,no,500000,01/08/2026,#######
Mabushi,Abuja,flat,5,6,355,no,yes,4900000,04/08/2026,#######
Wuse 1,Abuja,mansion,2,2,884,yes,yes,6500000,17/08/2026,#######
Allen,Lagos,bungalow,1,1,133,not stated,no,2200000,01/08/2026,#######
Dutse,Abuja,mansion,5,5,512,no,no,8100000,15/08/2026,#######
VGC,Lagos,bungalow,3,3,295,yes,not stated,5500000,15/08/2026,#######
Wuse 1,Abuja,self-contain,0,1,,yes,not stated,400000,09/08/2026,#######
Katampe,Abuja,bungalow,2,1,101,yes,yes,2300000,05/08/2026,#######
Katampe,Abuja,penthouse,2,2,,no,not stated,4900000,09/08/2026,#######
Lokogoma,Abuja,self-contain,0,1,115,no,yes,200000,15/08/2026,#######
Ojodu Berger,Lagos,mansion,2,3,,yes,yes,5100000,16/08/2026,#######
Lekki Phase 1,Lagos,penthouse,4,4,525,yes,not stated,10300000,16/08/2026,#######
Magodo,Lagos,self-contain,0,1,,yes,yes,100000,01/08/2026,#######
VGC,Lagos,penthouse,5,5,157,yes,not stated,8500000,05/08/2026,#######
Katampe,Abuja,mansion,3,4,,no,no,6900000,06/08/2026,#######
Asokoro,Abuja,self-contain,0,1,,not stated,not stated,2400000,18/08/2026,#######
Lekki Phase 1,Lagos,flat,6,7,641,yes,yes,7500000,10/08/2026,#######
Allen,Lagos,penthouse,1,2,120,yes,not stated,3400000,03/08/2026,#######
Opebi,Lagos,flat,2,3,41,no,yes,4000000,15/08/2026,#######
Victoria Island,Lagos,mansion,3,4,,yes,not stated,14500000,02/08/2026,#######
VGC,Lagos,flat,2,3,148,yes,no,4300000,11/08/2026,#######
Garki,Abuja,bungalow,4,3,451,yes,no,4500000,17/08/2026,#######
Dutse,Abuja,self-contain,0,1,134,no,no,200000,06/08/2026,#######
Gbagada,Lagos,self-contain,0,1,138,no,no,900000,05/08/2026,#######
Gwarinpa,Abuja,terrace,6,7,,no,no,7100000,07/08/2026,#######
Gwarinpa,Abuja,self-contain,0,1,,yes,not stated,1700000,02/08/2026,#######
Garki,Abuja,self-contain,0,1,77,no,not stated,-100000,04/08/2026,#######
Asokoro,Abuja,mansion,1,1,860,not stated,not stated,15700000,15/08/2026,#######
Allen,Lagos,flat,1,2,45,yes,not stated,1800000,17/08/2026,#######
Gwarinpa,Abuja,duplex,2,3,88,not stated,yes,4700000,04/08/2026,#######
Sangotedo,Lagos,terrace,4,5,458,no,yes,4700000,02/08/2026,#######
Ajah,Lagos,terrace,2,2,67,yes,not stated,3400000,14/08/2026,#######
Opebi,Lagos,flat,6,5,,not stated,not stated,7100000,04/08/2026,#######
VGC,Lagos,penthouse,4,4,,not stated,yes,9300000,14/08/2026,#######
Garki,Abuja,terrace,2,2,63,not stated,no,3200000,18/08/2026,#######
Ojodu Berger,Lagos,penthouse,3,2,533,no,not stated,5300000,14/08/2026,#######
Ikeja GRA,Lagos,flat,2,2,,not stated,no,3500000,11/08/2026,#######
Amuwo Odofin,Lagos,mansion,5,4,827,not stated,yes,8000000,14/08/2026,#######
Mabushi,Abuja,penthouse,2,3,115,no,not stated,4500000,04/08/2026,#######
Ikeja GRA,Lagos,bungalow,1,1,146,not stated,no,4100000,07/08/2026,#######
Life Camp,Abuja,duplex,1,1,,yes,no,1500000,13/08/2026,#######
Maitama,Abuja,terrace,3,3,199,no,no,6500000,17/08/2026,#######
Dutse,Abuja,mansion,2,2,853,yes,yes,6200000,12/08/2026,#######
Festac,Lagos,bungalow,4,5,434,no,yes,4600000,08/08/2026,#######
Ikoyi,Lagos,penthouse,2,2,66,no,yes,8800000,09/08/2026,#######
Ojodu Berger,Lagos,mansion,6,5,545,not stated,no,9900000,11/08/2026,#######
Maitama,Abuja,duplex,3,4,,not stated,yes,6200000,16/08/2026,#######
Gbagada,Lagos,flat,1,2,141,no,not stated,2900000,03/08/2026,#######
Asokoro,Abuja,duplex,4,5,457,not stated,not stated,7900000,13/08/2026,#######
Ajah,Lagos,bungalow,2,1,85,not stated,no,3400000,04/08/2026,#######
Ojodu Berger,Lagos,duplex,6,7,279,not stated,yes,5500000,04/08/2026,#######
Gwarinpa,Abuja,penthouse,3,2,638,no,no,8700000,03/08/2026,#######
Ilupeju,Lagos,duplex,3,4,,yes,not stated,3500000,08/08/2026,#######
Allen,Lagos,duplex,1,1,,not stated,not stated,2600000,12/08/2026,#######
Amuwo Odofin,Lagos,self-contain,0,1,87,not stated,yes,1100000,16/08/2026,#######
Wuse 2,Abuja,bungalow,2,3,97,yes,yes,6500000,10/08/2026,#######
Lugbe,Abuja,self-contain,0,1,80,no,yes,900000,18/08/2026,#######
Lekki Phase 2,Lagos,penthouse,2,3,,yes,not stated,4900000,15/08/2026,#######
Life Camp,Abuja,penthouse,4,3,262,not stated,not stated,6000000,03/08/2026,#######
Gwarinpa,Abuja,terrace,2,3,111,no,no,4100000,09/08/2026,#######
Apo,Abuja,bungalow,5,5,418,no,no,4700000,03/08/2026,#######
Surulere,Lagos,penthouse,4,5,706,yes,not stated,5500000,03/08/2026,#######
VGC,Lagos,flat,2,2,110,no,not stated,4700000,09/08/2026,#######
Wuse 2,Abuja,self-contain,0,1,79,yes,yes,1200000,04/08/2026,#######
Sangotedo,Lagos,penthouse,4,4,647,yes,not stated,7100000,03/08/2026,#######
Surulere,Lagos,mansion,1,2,,no,yes,4800000,16/08/2026,#######
Life Camp,Abuja,duplex,3,2,425,yes,yes,3200000,01/08/2026,#######
VGC,Lagos,self-contain,0,1,58,not stated,no,100000,14/08/2026,#######
Opebi,Lagos,duplex,4,4,,yes,not stated,5000000,14/08/2026,#######
Guzape,Abuja,flat,3,3,295,yes,not stated,6000000,17/08/2026,#######
Katampe,Abuja,bungalow,3,3,701,no,no,4200000,03/08/2026,#######
Life Camp,Abuja,self-contain,0,1,,yes,not stated,1500000,03/08/2026,#######
Guzape,Abuja,penthouse,3,2,,yes,yes,8200000,05/08/2026,#######
Asokoro,Abuja,duplex,2,2,70,yes,not stated,5500000,12/08/2026,#######
Gbagada,Lagos,terrace,3,2,150,no,not stated,3400000,14/08/2026,#######
Gwarinpa,Abuja,bungalow,5,6,793,no,no,7500000,12/08/2026,#######
Jahi,Abuja,mansion,3,4,1023,yes,yes,13200000,01/08/2026,#######
Life Camp,Abuja,mansion,2,2,,yes,not stated,6400000,09/08/2026,#######
Ilupeju,Lagos,terrace,4,5,743,no,yes,4600000,02/08/2026,#######
Lokogoma,Abuja,mansion,2,3,723,no,no,6400000,16/08/2026,#######
Surulere,Lagos,mansion,6,5,754,not stated,not stated,8800000,12/08/2026,#######
Ikeja GRA,Lagos,duplex,4,5,,no,not stated,5700000,09/08/2026,#######
Life Camp,Abuja,self-contain,0,1,123,not stated,yes,500000,09/08/2026,#######
Dutse,Abuja,mansion,2,3,803,yes,no,6200000,11/08/2026,#######
Lugbe,Abuja,mansion,5,4,722,not stated,no,7500000,12/08/2026,#######
Apo,Abuja,terrace,4,5,203,not stated,not stated,5200000,17/08/2026,#######
Apo,Abuja,penthouse,2,2,,yes,no,4200000,15/08/2026,#######
Ikeja GRA,Lagos,self-contain,0,1,,no,yes,1000000,03/08/2026,#######
Ojodu Berger,Lagos,self-contain,0,1,131,yes,no,100000,03/08/2026,#######
Ikeja,Lagos,terrace,2,2,51,no,yes,2600000,17/08/2026,#######
Maitama,Abuja,terrace,3,2,,yes,no,6100000,08/08/2026,#######
Jahi,Abuja,duplex,3,4,669,yes,not stated,6300000,10/08/2026,#######
Dutse,Abuja,penthouse,3,3,389,not stated,yes,5400000,11/08/2026,#######
Ilupeju,Lagos,duplex,3,4,,not stated,not stated,4500000,02/08/2026,#######
Lekki Phase 2,Lagos,bungalow,3,4,,yes,not stated,3100000,05/08/2026,#######
Festac,Lagos,flat,4,5,153,yes,not stated,5000000,14/08/2026,#######
Lokogoma,Abuja,terrace,5,6,702,yes,yes,4500000,12/08/2026,#######
Apo,Abuja,terrace,3,2,,not stated,not stated,4600000,03/08/2026,#######
Dutse,Abuja,terrace,3,4,,yes,not stated,3300000,05/08/2026,#######
Magodo,Lagos,self-contain,0,1,,no,no,1400000,03/08/2026,#######
Life Camp,Abuja,mansion,2,3,896,not stated,not stated,6500000,08/08/2026,#######
Lokogoma,Abuja,terrace,6,6,465,yes,not stated,6100000,12/08/2026,#######
Sangotedo,Lagos,penthouse,3,4,490,not stated,no,5000000,10/08/2026,#######
Allen,Lagos,bungalow,2,2,92,yes,not stated,4000000,12/08/2026,#######
Wuse 1,Abuja,terrace,3,3,258,yes,no,4400000,15/08/2026,#######
Maryland,Lagos,terrace,4,5,270,yes,not stated,4000000,08/08/2026,#######
Ikoyi,Lagos,duplex,1,2,67,no,yes,4200000,05/08/2026,#######
Maryland,Lagos,mansion,4,3,869,yes,not stated,7800000,07/08/2026,#######
Wuse 2,Abuja,bungalow,2,1,,yes,not stated,5400000,03/08/2026,#######
Garki,Abuja,terrace,2,1,111,yes,yes,2100000,02/08/2026,#######
Dutse,Abuja,duplex,1,1,94,no,yes,2000000,10/08/2026,#######
Wuse 2,Abuja,mansion,4,3,521,no,yes,17900000,11/08/2026,#######
Ikeja GRA,Lagos,penthouse,4,4,419,not stated,no,9000000,01/08/2026,#######
Lugbe,Abuja,self-contain,0,1,111,yes,not stated,900000,12/08/2026,#######
Lekki Phase 2,Lagos,self-contain,0,1,130,no,yes,1100000,15/08/2026,#######
Dutse,Abuja,flat,3,4,299,no,not stated,3500000,11/08/2026,#######
Sangotedo,Lagos,terrace,4,5,198,not stated,not stated,4300000,04/08/2026,#######
Dutse,Abuja,self-contain,0,1,,not stated,yes,0,17/08/2026,#######
Lugbe,Abuja,self-contain,0,1,61,no,yes,1100000,11/08/2026,#######
Wuse 1,Abuja,duplex,1,2,97,yes,no,2000000,14/08/2026,#######
Ajah,Lagos,bungalow,3,4,735,yes,not stated,3500000,02/08/2026,#######
Maitama,Abuja,self-contain,0,1,145,not stated,not stated,2100000,08/08/2026,#######
Gwarinpa,Abuja,self-contain,0,1,125,no,not stated,800000,11/08/2026,#######
Opebi,Lagos,penthouse,2,2,85,not stated,yes,5200000,11/08/2026,#######
Asokoro,Abuja,bungalow,3,3,374,yes,yes,6200000,07/08/2026,#######
Asokoro,Abuja,bungalow,2,3,118,yes,yes,5100000,14/08/2026,#######
Garki,Abuja,terrace,2,1,,yes,yes,3400000,16/08/2026,#######
Gbagada,Lagos,bungalow,4,4,353,yes,yes,3700000,02/08/2026,#######
Guzape,Abuja,self-contain,0,1,64,no,yes,1200000,18/08/2026,#######
Mabushi,Abuja,duplex,3,4,779,not stated,no,4100000,06/08/2026,#######
Life Camp,Abuja,mansion,5,6,,yes,no,8700000,17/08/2026,#######
Ilupeju,Lagos,flat,2,3,140,no,not stated,2400000,08/08/2026,#######
Yaba,Lagos,flat,3,2,763,no,no,3700000,18/08/2026,#######
Lekki Phase 1,Lagos,flat,1,2,54,yes,not stated,5100000,16/08/2026,#######
Amuwo Odofin,Lagos,terrace,4,5,,yes,not stated,4700000,17/08/2026,#######
Magodo,Lagos,self-contain,0,1,,no,no,2000000,15/08/2026,#######
Mabushi,Abuja,flat,2,3,90,not stated,no,3400000,04/08/2026,#######
Sangotedo,Lagos,bungalow,2,1,42,no,no,2100000,18/08/2026,#######
Maryland,Lagos,flat,2,1,75,not stated,yes,3800000,02/08/2026,#######
Lekki Phase 1,Lagos,duplex,5,6,652,not stated,no,7900000,16/08/2026,#######
Wuse 2,Abuja,bungalow,1,1,51,not stated,yes,4000000,07/08/2026,#######
Mabushi,Abuja,duplex,4,3,,not stated,not stated,5200000,11/08/2026,#######
Ajah,Lagos,self-contain,0,1,,yes,yes,1500000,01/08/2026,#######
Festac,Lagos,bungalow,4,3,656,no,not stated,4300000,16/08/2026,#######
Ajah,Lagos,terrace,2,3,77,no,yes,3400000,16/08/2026,#######
Wuse 2,Abuja,terrace,2,2,84,not stated,no,5100000,01/08/2026,#######
Amuwo Odofin,Lagos,duplex,4,3,152,not stated,not stated,5400000,02/08/2026,#######
Ilupeju,Lagos,self-contain,0,1,109,yes,not stated,200000,10/08/2026,#######
Magodo,Lagos,self-contain,0,1,149,yes,not stated,800000,03/08/2026,#######
Lugbe,Abuja,flat,2,1,145,not stated,yes,2700000,13/08/2026,#######
Wuse 2,Abuja,mansion,4,5,712,yes,yes,17900000,18/08/2026,#######
Lokogoma,Abuja,duplex,2,2,,no,no,3700000,11/08/2026,#######
Ikeja,Lagos,penthouse,2,3,117,no,no,3900000,07/08/2026,#######
Asokoro,Abuja,bungalow,4,3,,yes,not stated,6700000,11/08/2026,#######
Lekki Phase 2,Lagos,mansion,3,3,,not stated,not stated,7700000,10/08/2026,#######
Dutse,Abuja,mansion,5,4,,yes,yes,7500000,14/08/2026,#######
Amuwo Odofin,Lagos,mansion,4,3,1166,no,no,8000000,11/08/2026,#######
Lekki Phase 1,Lagos,flat,2,1,,not stated,no,5300000,07/08/2026,#######
Asokoro,Abuja,flat,6,6,575,yes,not stated,9100000,09/08/2026,#######
Katampe,Abuja,flat,6,5,735,not stated,no,6700000,06/08/2026,#######
Sangotedo,Lagos,flat,3,2,363,no,no,4800000,17/08/2026,#######
Sangotedo,Lagos,mansion,2,3,1107,no,yes,5300000,08/08/2026,#######
Guzape,Abuja,penthouse,3,2,,yes,not stated,9800000,15/08/2026,#######
Gbagada,Lagos,terrace,2,2,132,no,no,3100000,09/08/2026,#######
Katampe,Abuja,mansion,4,4,705,no,yes,7100000,14/08/2026,#######
Ojodu Berger,Lagos,bungalow,5,6,657,not stated,no,5800000,18/08/2026,#######
Gwarinpa,Abuja,mansion,1,1,658,not stated,not stated,12100000,03/08/2026,#######
Maitama,Abuja,mansion,4,5,1161,no,no,16900000,18/08/2026,#######
Gbagada,Lagos,bungalow,5,6,,yes,not stated,4500000,12/08/2026,#######
Ajah,Lagos,penthouse,2,1,87,yes,no,4200000,17/08/2026,#######
Maitama,Abuja,penthouse,1,1,119,not stated,yes,9100000,03/08/2026,#######
Maitama,Abuja,terrace,3,2,576,no,no,6300000,16/08/2026,#######
Yaba,Lagos,penthouse,3,3,,no,not stated,5400000,03/08/2026,#######
Life Camp,Abuja,duplex,3,3,155,no,no,4100000,01/08/2026,#######
Surulere,Lagos,mansion,2,2,1131,not stated,not stated,6100000,07/08/2026,#######
Lokogoma,Abuja,duplex,3,4,790,not stated,no,4500000,13/08/2026,#######
VGC,Lagos,penthouse,6,6,350,yes,not stated,9900000,11/08/2026,#######
Ikoyi,Lagos,mansion,2,1,950,no,no,13600000,17/08/2026,#######
Garki,Abuja,flat,2,2,139,not stated,not stated,2100000,15/08/2026,#######
Ilupeju,Lagos,duplex,5,5,352,yes,no,5300000,07/08/2026,#######
Asokoro,Abuja,self-contain,0,1,,not stated,no,2100000,05/08/2026,#######
Asokoro,Abuja,penthouse,2,1,103,yes,no,10000000,10/08/2026,#######
Garki,Abuja,penthouse,2,2,111,yes,yes,4400000,11/08/2026,#######
Allen,Lagos,bungalow,1,1,,not stated,not stated,2500000,01/08/2026,#######
Ojodu Berger,Lagos,duplex,2,2,,no,yes,3300000,09/08/2026,#######
Katampe,Abuja,terrace,3,4,594,no,yes,4800000,14/08/2026,#######
Ikeja,Lagos,duplex,4,4,411,not stated,no,5300000,10/08/2026,#######
Mabushi,Abuja,mansion,2,2,,no,not stated,6000000,17/08/2026,#######
Ikeja,Lagos,self-contain,0,1,45,no,yes,300000,01/08/2026,#######
Lugbe,Abuja,duplex,3,2,164,not stated,not stated,3800000,12/08/2026,#######
Asokoro,Abuja,terrace,2,2,117,not stated,not stated,5100000,05/08/2026,#######
Yaba,Lagos,bungalow,2,1,84,no,no,2700000,17/08/2026,#######
Guzape,Abuja,penthouse,5,5,463,not stated,no,9800000,17/08/2026,#######
VGC,Lagos,terrace,1,1,,not stated,no,2900000,03/08/2026,#######
Wuse 2,Abuja,terrace,2,2,104,yes,no,6500000,03/08/2026,#######
Yaba,Lagos,terrace,2,3,,no,yes,3800000,10/08/2026,#######
Dutse,Abuja,flat,2,2,108,yes,not stated,3300000,11/08/2026,#######
Guzape,Abuja,duplex,1,2,,no,not stated,3700000,13/08/2026,#######
Mabushi,Abuja,bungalow,2,1,49,no,no,3500000,15/08/2026,#######
Surulere,Lagos,bungalow,3,4,596,not stated,no,3400000,01/08/2026,#######
Sangotedo,Lagos,penthouse,3,3,,not stated,not stated,4900000,07/08/2026,#######
Maryland,Lagos,flat,4,5,,yes,yes,3900000,16/08/2026,#######
Ajah,Lagos,self-contain,0,1,,no,not stated,0,01/08/2026,#######
VGC,Lagos,bungalow,2,2,69,no,yes,4700000,15/08/2026,#######
Festac,Lagos,bungalow,3,3,,yes,not stated,4000000,14/08/2026,#######
Ajah,Lagos,terrace,1,1,58,not stated,not stated,2200000,01/08/2026,#######
Maitama,Abuja,terrace,4,3,,yes,no,7800000,06/08/2026,#######
Wuse 1,Abuja,terrace,2,3,91,not stated,not stated,2100000,01/08/2026,#######
Dutse,Abuja,self-contain,0,1,144,not stated,yes,1500000,04/08/2026,#######
Life Camp,Abuja,penthouse,2,2,,yes,no,3900000,07/08/2026,#######
Maryland,Lagos,flat,5,6,653,not stated,not stated,5100000,03/08/2026,#######
Life Camp,Abuja,penthouse,2,3,63,no,not stated,5200000,09/08/2026,#######
Festac,Lagos,bungalow,3,2,,yes,yes,3500000,16/08/2026,#######
Garki,Abuja,flat,3,3,309,yes,yes,3900000,09/08/2026,#######
Mabushi,Abuja,self-contain,0,1,,no,yes,200000,12/08/2026,#######
Amuwo Odofin,Lagos,self-contain,0,1,89,not stated,yes,500000,02/08/2026,#######
Guzape,Abuja,mansion,5,6,994,no,yes,14300000,05/08/2026,#######
Gbagada,Lagos,penthouse,3,2,,yes,not stated,6300000,18/08/2026,#######
Opebi,Lagos,flat,5,5,561,not stated,no,4900000,02/08/2026,#######
Asokoro,Abuja,terrace,2,1,61,yes,yes,5300000,16/08/2026,#######
Lugbe,Abuja,flat,5,5,,yes,not stated,5100000,10/08/2026,#######
Ikoyi,Lagos,self-contain,0,1,116,no,no,900000,03/08/2026,#######
Ojodu Berger,Lagos,flat,3,2,591,not stated,no,3600000,01/08/2026,#######
Amuwo Odofin,Lagos,terrace,5,4,306,no,not stated,6400000,11/08/2026,#######
Amuwo Odofin,Lagos,bungalow,4,5,499,no,yes,4900000,15/08/2026,#######
Life Camp,Abuja,duplex,4,4,259,yes,no,4000000,11/08/2026,#######
Asokoro,Abuja,bungalow,2,2,102,not stated,no,4900000,16/08/2026,#######
Lekki Phase 2,Lagos,flat,2,2,102,no,not stated,3000000,04/08/2026,#######
Gbagada,Lagos,penthouse,2,2,68,yes,not stated,4900000,16/08/2026,#######
Ojodu Berger,Lagos,self-contain,0,1,132,yes,no,900000,11/08/2026,#######
Mabushi,Abuja,self-contain,0,1,40,yes,not stated,1700000,18/08/2026,#######
Lokogoma,Abuja,self-contain,0,1,131,not stated,yes,1000000,13/08/2026,#######
Wuse 2,Abuja,bungalow,3,2,,yes,no,6200000,16/08/2026,#######
Katampe,Abuja,bungalow,3,3,728,yes,no,3500000,07/08/2026,#######
Ilupeju,Lagos,self-contain,0,1,148,no,no,300000,03/08/2026,#######
Ikeja GRA,Lagos,flat,2,1,,yes,not stated,4100000,02/08/2026,#######
Ikeja,Lagos,flat,3,3,313,no,not stated,3000000,01/08/2026,#######
Yaba,Lagos,penthouse,2,1,136,not stated,not stated,5200000,04/08/2026,#######
Life Camp,Abuja,flat,5,6,378,yes,yes,6000000,15/08/2026,#######
Ajah,Lagos,bungalow,2,2,,no,yes,3100000,13/08/2026,#######
Dutse,Abuja,self-contain,0,1,106,yes,not stated,1700000,01/08/2026,#######
Opebi,Lagos,penthouse,2,3,72,no,no,4900000,05/08/2026,#######
Gbagada,Lagos,terrace,6,7,,not stated,no,6200000,13/08/2026,#######
Ojodu Berger,Lagos,flat,3,3,321,no,no,3800000,17/08/2026,#######
Maryland,Lagos,duplex,2,3,120,not stated,no,3600000,11/08/2026,#######
Maryland,Lagos,penthouse,6,6,526,no,no,7500000,08/08/2026,#######
Ilupeju,Lagos,duplex,2,2,90,not stated,yes,3100000,14/08/2026,#######
Dutse,Abuja,flat,2,3,140,not stated,not stated,2400000,14/08/2026,#######
Yaba,Lagos,flat,3,2,233,not stated,yes,2900000,04/08/2026,#######
Lekki Phase 2,Lagos,duplex,3,2,486,no,not stated,4500000,14/08/2026,#######
Garki,Abuja,flat,2,3,103,not stated,yes,2600000,13/08/2026,#######
Lugbe,Abuja,penthouse,3,2,736,not stated,not stated,6300000,08/08/2026,#######
Ikeja GRA,Lagos,terrace,3,3,619,yes,yes,5700000,12/08/2026,#######
Festac,Lagos,bungalow,1,1,111,no,yes,1700000,10/08/2026,#######
Dutse,Abuja,mansion,3,4,674,no,not stated,6700000,08/08/2026,#######
Lugbe,Abuja,self-contain,0,1,44,not stated,not stated,1300000,04/08/2026,#######
Lokogoma,Abuja,bungalow,5,6,,not stated,yes,5000000,06/08/2026,#######
Apo,Abuja,bungalow,3,2,,yes,yes,4700000,15/08/2026,#######
Ikeja,Lagos,flat,3,2,229,not stated,no,3300000,01/08/2026,#######
Lokogoma,Abuja,mansion,3,3,614,no,no,6900000,13/08/2026,#######
Gbagada,Lagos,terrace,3,3,504,not stated,yes,3500000,05/08/2026,#######
Allen,Lagos,terrace,2,2,,not stated,no,3100000,13/08/2026,#######
Victoria Island,Lagos,terrace,5,6,231,not stated,not stated,6700000,04/08/2026,#######
Allen,Lagos,bungalow,2,2,,no,yes,3200000,16/08/2026,#######
Allen,Lagos,self-contain,0,1,,not stated,not stated,0,13/08/2026,#######
Maitama,Abuja,flat,3,3,,not stated,no,5800000,06/08/2026,#######
VGC,Lagos,bungalow,1,1,66,not stated,no,3100000,17/08/2026,#######
Sangotedo,Lagos,flat,4,5,618,not stated,no,4000000,17/08/2026,#######
Wuse 2,Abuja,duplex,3,2,,no,yes,7100000,09/08/2026,#######
Opebi,Lagos,self-contain,0,1,141,no,not stated,1100000,08/08/2026,#######
Lugbe,Abuja,bungalow,2,3,86,yes,not stated,2700000,05/08/2026,#######
Ajah,Lagos,bungalow,5,4,,yes,yes,4900000,09/08/2026,#######
Ikeja GRA,Lagos,penthouse,6,5,307,not stated,no,10800000,17/08/2026,#######
VGC,Lagos,bungalow,6,6,604,not stated,yes,6800000,16/08/2026,#######
Magodo,Lagos,mansion,2,1,996,not stated,not stated,9300000,01/08/2026,#######
Mabushi,Abuja,self-contain,0,1,80,yes,yes,800000,14/08/2026,#######
Mabushi,Abuja,self-contain,0,1,97,no,no,400000,08/08/2026,#######
Gbagada,Lagos,penthouse,2,3,,no,not stated,4000000,01/08/2026,#######
Wuse 1,Abuja,bungalow,1,1,73,not stated,not stated,2800000,06/08/2026,#######
Ikoyi,Lagos,penthouse,6,6,379,not stated,not stated,12000000,02/08/2026,#######
Sangotedo,Lagos,self-contain,0,1,79,no,not stated,900000,09/08/2026,#######
Wuse 2,Abuja,duplex,2,3,124,yes,yes,6300000,13/08/2026,#######
Amuwo Odofin,Lagos,bungalow,4,4,667,not stated,yes,4400000,04/08/2026,#######
Asokoro,Abuja,duplex,1,1,,yes,not stated,4700000,10/08/2026,#######
Lekki Phase 1,Lagos,duplex,3,3,163,not stated,no,6100000,15/08/2026,#######
Sangotedo,Lagos,mansion,1,1,771,not stated,not stated,5900000,01/08/2026,#######
Gbagada,Lagos,duplex,3,2,779,yes,not stated,3200000,16/08/2026,#######
Asokoro,Abuja,mansion,3,2,,no,yes,16500000,12/08/2026,#######
Ikoyi,Lagos,terrace,4,4,404,yes,yes,6100000,13/08/2026,#######
Ikeja GRA,Lagos,penthouse,3,2,728,yes,not stated,8500000,12/08/2026,#######
Lekki Phase 2,Lagos,penthouse,3,4,,no,no,4800000,11/08/2026,#######
Jahi,Abuja,flat,4,4,731,yes,yes,7000000,16/08/2026,#######
Asokoro,Abuja,bungalow,4,5,375,not stated,not stated,6600000,14/08/2026,#######
Apo,Abuja,flat,3,2,197,yes,no,4100000,04/08/2026,#######
Allen,Lagos,bungalow,2,3,,no,yes,3900000,14/08/2026,#######
Magodo,Lagos,mansion,2,1,1184,yes,no,10300000,15/08/2026,#######
Festac,Lagos,penthouse,5,6,460,not stated,no,6300000,10/08/2026,#######
Apo,Abuja,duplex,2,3,135,no,not stated,3100000,03/08/2026,#######
Gwarinpa,Abuja,duplex,2,1,71,no,yes,4000000,14/08/2026,#######
Apo,Abuja,penthouse,4,3,715,no,no,5200000,03/08/2026,#######
Asokoro,Abuja,duplex,3,2,,no,yes,7300000,17/08/2026,#######
Ikeja GRA,Lagos,flat,4,3,,not stated,yes,6500000,07/08/2026,#######
Gwarinpa,Abuja,flat,2,3,,yes,no,4900000,11/08/2026,#######
Asokoro,Abuja,duplex,2,1,132,not stated,no,4700000,17/08/2026,#######
Guzape,Abuja,flat,4,5,527,yes,no,5700000,11/08/2026,#######
Allen,Lagos,self-contain,0,1,79,yes,no,1000000,08/08/2026,#######
Allen,Lagos,bungalow,3,2,547,yes,yes,3500000,11/08/2026,#######
Ilupeju,Lagos,duplex,3,3,189,no,not stated,2900000,09/08/2026,#######
Ilupeju,Lagos,self-contain,0,1,120,yes,no,100000,18/08/2026,#######
Surulere,Lagos,mansion,3,4,821,yes,not stated,5900000,03/08/2026,#######
Ilupeju,Lagos,bungalow,3,2,777,not stated,not stated,3100000,01/08/2026,#######
Opebi,Lagos,self-contain,0,1,99,yes,yes,1400000,12/08/2026,#######
VGC,Lagos,self-contain,0,1,55,no,not stated,700000,16/08/2026,#######
Ikeja,Lagos,bungalow,5,4,,yes,no,6300000,18/08/2026,#######
Dutse,Abuja,bungalow,2,1,78,not stated,yes,3500000,17/08/2026,#######
Surulere,Lagos,bungalow,3,4,,yes,not stated,4700000,16/08/2026,#######
Ikeja,Lagos,mansion,3,2,1015,no,no,6100000,14/08/2026,#######
Lugbe,Abuja,terrace,3,3,,not stated,yes,4100000,04/08/2026,#######
Katampe,Abuja,duplex,4,5,698,not stated,yes,5600000,04/08/2026,#######
Jahi,Abuja,penthouse,4,5,734,yes,yes,9700000,11/08/2026,#######
Lekki Phase 1,Lagos,self-contain,0,1,89,yes,no,1700000,18/08/2026,#######
Maryland,Lagos,mansion,2,2,1097,no,not stated,5600000,13/08/2026,#######
Life Camp,Abuja,bungalow,2,3,56,not stated,not stated,3900000,08/08/2026,#######
Lokogoma,Abuja,penthouse,4,4,646,no,no,5300000,18/08/2026,#######
Ikoyi,Lagos,mansion,1,1,,not stated,no,12600000,08/08/2026,#######
Mabushi,Abuja,duplex,2,2,77,no,no,3500000,10/08/2026,#######
Lekki Phase 1,Lagos,mansion,3,3,1042,no,not stated,15700000,08/08/2026,#######
Guzape,Abuja,duplex,6,5,,yes,not stated,7800000,06/08/2026,#######
Lugbe,Abuja,penthouse,5,5,,not stated,yes,6600000,11/08/2026,#######
Guzape,Abuja,mansion,4,5,898,no,no,12900000,02/08/2026,#######
Wuse 1,Abuja,duplex,3,3,726,not stated,no,4000000,15/08/2026,#######
Mabushi,Abuja,bungalow,2,3,,no,yes,2400000,05/08/2026,#######
Lekki Phase 1,Lagos,terrace,4,3,554,yes,not stated,7100000,08/08/2026,#######
Wuse 2,Abuja,bungalow,2,1,101,not stated,no,5000000,14/08/2026,#######
Ikeja,Lagos,self-contain,0,1,147,yes,not stated,1600000,16/08/2026,#######
Ikoyi,Lagos,self-contain,0,1,57,no,not stated,2100000,01/08/2026,#######
Gwarinpa,Abuja,self-contain,0,1,84,not stated,yes,1000000,12/08/2026,#######
Maitama,Abuja,flat,2,1,43,yes,not stated,5600000,04/08/2026,#######
Katampe,Abuja,penthouse,4,3,,not stated,not stated,6800000,04/08/2026,#######
Wuse 1,Abuja,self-contain,0,1,124,not stated,not stated,1000000,08/08/2026,#######
Wuse 1,Abuja,duplex,2,3,134,yes,not stated,2100000,07/08/2026,#######
Asokoro,Abuja,penthouse,3,4,,no,no,12600000,15/08/2026,#######
Allen,Lagos,terrace,4,4,733,no,not stated,4600000,10/08/2026,#######
Maitama,Abuja,bungalow,2,1,89,not stated,no,6300000,14/08/2026,#######
Festac,Lagos,self-contain,0,1,92,not stated,yes,-100000,04/08/2026,#######
VGC,Lagos,duplex,2,3,79,not stated,no,4700000,17/08/2026,#######
Katampe,Abuja,terrace,3,3,730,yes,no,4100000,12/08/2026,#######
Life Camp,Abuja,self-contain,0,1,142,not stated,not stated,1000000,03/08/2026,#######
Guzape,Abuja,bungalow,3,3,335,no,yes,5900000,12/08/2026,#######
Lekki Phase 2,Lagos,terrace,3,4,725,no,not stated,3800000,11/08/2026,#######
Lokogoma,Abuja,duplex,1,1,,no,yes,1600000,14/08/2026,#######
Ikeja,Lagos,terrace,1,1,100,no,yes,3200000,06/08/2026,#######
Gwarinpa,Abuja,self-contain,0,1,75,no,yes,200000,01/08/2026,#######
Lokogoma,Abuja,penthouse,3,2,,yes,no,5600000,05/08/2026,#######
Wuse 1,Abuja,flat,6,5,,yes,not stated,5600000,03/08/2026,#######
Lokogoma,Abuja,terrace,2,2,105,yes,yes,3800000,06/08/2026,#######
Ikoyi,Lagos,self-contain,0,1,125,yes,not stated,1000000,11/08/2026,#######
Maryland,Lagos,mansion,3,2,935,yes,not stated,6400000,10/08/2026,#######
Allen,Lagos,self-contain,0,1,,yes,no,700000,04/08/2026,#######
Wuse 1,Abuja,terrace,2,2,105,not stated,yes,4000000,02/08/2026,#######
Life Camp,Abuja,terrace,5,5,743,no,not stated,4700000,16/08/2026,#######
Opebi,Lagos,self-contain,0,1,95,no,no,200000,07/08/2026,#######
Lokogoma,Abuja,duplex,5,4,560,not stated,not stated,5500000,03/08/2026,#######
Gbagada,Lagos,duplex,5,5,319,not stated,no,5800000,14/08/2026,#######
Apo,Abuja,self-contain,0,1,88,not stated,no,1300000,13/08/2026,#######
Amuwo Odofin,Lagos,mansion,6,5,649,not stated,no,8600000,12/08/2026,#######
Opebi,Lagos,penthouse,1,1,42,yes,yes,2900000,11/08/2026,#######
Asokoro,Abuja,duplex,2,1,69,not stated,not stated,5700000,06/08/2026,#######
Allen,Lagos,duplex,2,3,92,not stated,no,3500000,04/08/2026,#######
Lekki Phase 2,Lagos,duplex,1,1,41,yes,yes,2900000,09/08/2026,#######
Maitama,Abuja,bungalow,6,6,174,yes,no,9300000,18/08/2026,#######
Katampe,Abuja,terrace,3,4,415,not stated,no,4200000,15/08/2026,#######
Surulere,Lagos,flat,2,1,70,no,no,2100000,16/08/2026,#######
Asokoro,Abuja,flat,3,3,374,not stated,yes,6400000,11/08/2026,#######
Yaba,Lagos,mansion,3,4,915,not stated,no,7500000,14/08/2026,#######
Lekki Phase 2,Lagos,penthouse,2,2,,yes,no,5100000,08/08/2026,#######
Mabushi,Abuja,terrace,3,4,578,not stated,no,4200000,18/08/2026,#######
Garki,Abuja,duplex,4,5,,yes,not stated,5100000,12/08/2026,#######
Dutse,Abuja,mansion,3,3,749,not stated,not stated,6500000,02/08/2026,#######
Ajah,Lagos,penthouse,5,5,,no,not stated,6700000,02/08/2026,#######
Victoria Island,Lagos,flat,3,4,157,yes,not stated,5800000,16/08/2026,#######
Gbagada,Lagos,flat,1,1,145,yes,no,1300000,07/08/2026,#######
Lugbe,Abuja,flat,3,4,307,yes,yes,4300000,11/08/2026,#######
Asokoro,Abuja,penthouse,2,3,,yes,yes,10400000,09/08/2026,#######
VGC,Lagos,mansion,4,5,721,yes,no,12500000,03/08/2026,#######
Asokoro,Abuja,penthouse,1,1,,yes,not stated,10100000,10/08/2026,#######
Jahi,Abuja,flat,3,3,,not stated,no,4700000,08/08/2026,#######
Ikoyi,Lagos,mansion,2,3,1200,yes,yes,14700000,17/08/2026,#######
Ikoyi,Lagos,terrace,2,3,50,yes,no,4300000,11/08/2026,#######
Ikeja,Lagos,bungalow,3,3,,no,no,4000000,03/08/2026,#######
Dutse,Abuja,terrace,1,1,,not stated,yes,1700000,16/08/2026,#######
Katampe,Abuja,penthouse,2,3,,yes,yes,3600000,07/08/2026,#######
Apo,Abuja,terrace,1,1,57,yes,not stated,3100000,01/08/2026,#######
Sangotedo,Lagos,mansion,2,2,1088,yes,no,5500000,12/08/2026,#######
Festac,Lagos,bungalow,2,2,55,no,yes,3900000,14/08/2026,#######
Lokogoma,Abuja,penthouse,1,2,,yes,not stated,3800000,16/08/2026,#######
Asokoro,Abuja,self-contain,0,1,47,no,not stated,700000,01/08/2026,#######
Opebi,Lagos,penthouse,3,4,,yes,not stated,4700000,02/08/2026,#######
Life Camp,Abuja,mansion,3,4,950,not stated,yes,7300000,08/08/2026,#######
Ajah,Lagos,flat,2,1,118,not stated,no,3700000,10/08/2026,#######
Allen,Lagos,bungalow,6,6,,not stated,no,5900000,16/08/2026,#######
Magodo,Lagos,self-contain,0,1,44,no,not stated,1900000,17/08/2026,#######
Amuwo Odofin,Lagos,flat,3,3,603,not stated,no,2900000,03/08/2026,#######
Ojodu Berger,Lagos,mansion,2,2,1025,yes,no,5200000,18/08/2026,#######
Guzape,Abuja,duplex,3,4,,no,no,5500000,15/08/2026,#######
Katampe,Abuja,penthouse,2,2,,no,no,5300000,09/08/2026,#######
Apo,Abuja,penthouse,5,4,576,no,not stated,7300000,15/08/2026,#######
Ajah,Lagos,duplex,6,5,394,yes,no,5300000,01/08/2026,#######
Yaba,Lagos,duplex,4,3,,yes,not stated,4400000,02/08/2026,#######
Festac,Lagos,mansion,1,1,,not stated,yes,4500000,15/08/2026,#######
Ilupeju,Lagos,penthouse,2,2,,yes,no,4800000,13/08/2026,#######
Ilupeju,Lagos,duplex,2,3,46,not stated,yes,2200000,17/08/2026,#######
Asokoro,Abuja,flat,2,3,,no,not stated,5000000,06/08/2026,#######
Maitama,Abuja,self-contain,0,1,47,not stated,no,1900000,01/08/2026,#######
Yaba,Lagos,duplex,3,3,,not stated,no,3500000,12/08/2026,#######
Asokoro,Abuja,flat,5,4,532,yes,yes,8500000,05/08/2026,#######
Surulere,Lagos,duplex,2,1,66,yes,no,2800000,10/08/2026,#######
Magodo,Lagos,flat,3,2,404,yes,yes,5300000,14/08/2026,#######
Ajah,Lagos,penthouse,2,2,67,yes,not stated,3800000,07/08/2026,#######
Festac,Lagos,self-contain,0,1,91,no,no,200000,06/08/2026,#######
Mabushi,Abuja,duplex,2,3,42,yes,not stated,3900000,01/08/2026,#######
Life Camp,Abuja,flat,2,1,133,yes,no,2900000,11/08/2026,#######
Victoria Island,Lagos,penthouse,3,4,575,yes,yes,9500000,01/08/2026,#######
Apo,Abuja,penthouse,5,5,,not stated,not stated,6700000,12/08/2026,#######
Ilupeju,Lagos,mansion,3,3,1173,no,no,7100000,06/08/2026,#######
Ikeja GRA,Lagos,duplex,3,3,337,yes,yes,5200000,12/08/2026,#######
Lokogoma,Abuja,flat,4,3,663,no,not stated,4400000,15/08/2026,#######
Opebi,Lagos,terrace,4,3,,not stated,no,5300000,14/08/2026,#######
Gwarinpa,Abuja,mansion,2,1,1027,not stated,no,12600000,15/08/2026,#######
Lugbe,Abuja,mansion,1,2,,not stated,yes,5300000,11/08/2026,#######
Asokoro,Abuja,terrace,4,3,412,yes,yes,6900000,01/08/2026,#######
Maitama,Abuja,bungalow,2,1,,no,no,4600000,16/08/2026,#######
Life Camp,Abuja,bungalow,5,5,687,no,yes,5300000,09/08/2026,#######
Ikeja,Lagos,flat,1,2,64,not stated,not stated,3100000,18/08/2026,#######
Jahi,Abuja,duplex,6,5,714,no,yes,7700000,14/08/2026,#######
Ajah,Lagos,penthouse,4,5,528,no,no,5800000,05/08/2026,#######
Festac,Lagos,duplex,1,1,59,no,not stated,1800000,13/08/2026,#######
Lokogoma,Abuja,duplex,2,3,,no,yes,3100000,10/08/2026,#######
Maryland,Lagos,duplex,3,3,492,no,no,4000000,13/08/2026,#######
Mabushi,Abuja,flat,5,6,,not stated,yes,4600000,17/08/2026,#######
Garki,Abuja,penthouse,3,2,326,yes,yes,4800000,03/08/2026,#######
Gwarinpa,Abuja,penthouse,1,2,,not stated,no,8300000,12/08/2026,#######
Guzape,Abuja,bungalow,3,3,,yes,no,5900000,09/08/2026,#######
Gbagada,Lagos,duplex,6,6,518,yes,not stated,6100000,04/08/2026,#######
Amuwo Odofin,Lagos,self-contain,0,1,82,not stated,no,1500000,18/08/2026,#######
Gwarinpa,Abuja,self-contain,0,1,135,not stated,no,700000,04/08/2026,#######
Wuse 2,Abuja,terrace,3,2,459,yes,yes,7000000,03/08/2026,#######
Ilupeju,Lagos,flat,5,5,768,not stated,no,5800000,10/08/2026,#######
Katampe,Abuja,flat,6,6,234,not stated,no,5500000,06/08/2026,#######
Gbagada,Lagos,mansion,2,1,607,no,no,7000000,08/08/2026,#######
VGC,Lagos,self-contain,0,1,,no,no,200000,12/08/2026,#######
Garki,Abuja,duplex,2,2,54,no,not stated,2200000,10/08/2026,#######
Maitama,Abuja,flat,2,2,91,not stated,not stated,4600000,11/08/2026,#######
Allen,Lagos,terrace,3,2,375,no,not stated,4800000,15/08/2026,#######
Ajah,Lagos,bungalow,4,4,248,no,not stated,4000000,01/08/2026,#######
Wuse 1,Abuja,self-contain,0,1,130,yes,no,700000,11/08/2026,#######
Dutse,Abuja,self-contain,0,1,,not stated,no,400000,18/08/2026,#######
Lugbe,Abuja,flat,1,1,,no,yes,1300000,03/08/2026,#######
Guzape,Abuja,bungalow,6,7,,not stated,no,7200000,16/08/2026,#######
Maitama,Abuja,mansion,3,2,508,no,yes,16700000,09/08/2026,#######
Lokogoma,Abuja,terrace,1,1,52,yes,not stated,3200000,12/08/2026,#######
Lugbe,Abuja,flat,3,4,461,yes,no,4600000,12/08/2026,#######
Wuse 1,Abuja,self-contain,0,1,138,no,no,800000,06/08/2026,#######
Apo,Abuja,terrace,5,4,686,no,not stated,4600000,01/08/2026,#######
Lokogoma,Abuja,self-contain,0,1,134,not stated,yes,0,08/08/2026,#######
Asokoro,Abuja,bungalow,6,7,578,no,yes,9400000,08/08/2026,#######
Mabushi,Abuja,bungalow,3,3,711,no,no,3200000,07/08/2026,#######
Lekki Phase 2,Lagos,bungalow,2,2,106,yes,yes,2400000,03/08/2026,#######
Lokogoma,Abuja,terrace,3,2,708,no,yes,3300000,18/08/2026,#######
Apo,Abuja,self-contain,0,1,,not stated,not stated,700000,05/08/2026,#######
Katampe,Abuja,flat,2,3,,no,no,4000000,11/08/2026,#######
Jahi,Abuja,bungalow,4,5,377,no,yes,6900000,07/08/2026,#######
Garki,Abuja,bungalow,5,5,,no,not stated,5000000,12/08/2026,#######
Festac,Lagos,self-contain,0,1,85,not stated,not stated,300000,15/08/2026,#######
Wuse 1,Abuja,terrace,3,4,,not stated,no,4700000,04/08/2026,#######
Opebi,Lagos,bungalow,5,5,449,no,yes,4700000,01/08/2026,#######
Yaba,Lagos,self-contain,0,1,47,not stated,no,1500000,08/08/2026,#######
Festac,Lagos,penthouse,3,4,,yes,not stated,4400000,17/08/2026,#######
Festac,Lagos,terrace,2,1,117,no,yes,4000000,02/08/2026,#######
Mabushi,Abuja,self-contain,0,1,52,yes,yes,1200000,01/08/2026,#######
Ikoyi,Lagos,bungalow,3,2,705,no,not stated,5900000,04/08/2026,#######
Lekki Phase 2,Lagos,duplex,1,1,83,no,not stated,2900000,14/08/2026,#######
Wuse 2,Abuja,flat,1,1,133,yes,not stated,4300000,15/08/2026,#######
Magodo,Lagos,self-contain,0,1,125,yes,yes,1100000,10/08/2026,#######
Amuwo Odofin,Lagos,self-contain,0,1,140,not stated,no,1600000,08/08/2026,#######
Sangotedo,Lagos,bungalow,2,3,56,no,not stated,2800000,08/08/2026,#######
Maryland,Lagos,mansion,3,4,,yes,no,7500000,01/08/2026,#######
Ilupeju,Lagos,penthouse,1,1,,no,yes,3000000,04/08/2026,#######
Lokogoma,Abuja,penthouse,3,3,784,no,not stated,4700000,06/08/2026,#######
Ikeja,Lagos,duplex,2,3,,yes,not stated,3200000,17/08/2026,#######
Life Camp,Abuja,terrace,4,3,,yes,not stated,4000000,04/08/2026,#######
Mabushi,Abuja,bungalow,2,2,99,yes,no,2500000,04/08/2026,#######
Ikoyi,Lagos,bungalow,1,1,,no,yes,3900000,13/08/2026,#######
Victoria Island,Lagos,bungalow,3,4,737,not stated,not stated,5900000,06/08/2026,#######
Jahi,Abuja,flat,6,7,449,not stated,not stated,8300000,02/08/2026,#######
Wuse 2,Abuja,mansion,2,2,1059,no,yes,16300000,17/08/2026,#######
VGC,Lagos,flat,2,3,,not stated,not stated,4100000,18/08/2026,#######
Katampe,Abuja,self-contain,0,1,,no,not stated,500000,02/08/2026,#######
Ojodu Berger,Lagos,terrace,5,5,756,not stated,no,4700000,10/08/2026,#######
Yaba,Lagos,mansion,3,4,,yes,not stated,7800000,18/08/2026,#######
Maitama,Abuja,duplex,3,2,204,no,no,5500000,06/08/2026,#######
Mabushi,Abuja,terrace,2,3,149,yes,not stated,2100000,04/08/2026,#######
Asokoro,Abuja,self-contain,0,1,88,not stated,no,2100000,15/08/2026,#######
Wuse 2,Abuja,mansion,1,1,,not stated,yes,16100000,14/08/2026,#######
Wuse 2,Abuja,flat,5,5,363,yes,yes,8100000,18/08/2026,#######
Garki,Abuja,flat,2,1,83,no,no,3400000,08/08/2026,#######
Jahi,Abuja,bungalow,4,4,379,yes,no,6400000,08/08/2026,#######
Gbagada,Lagos,mansion,4,5,873,yes,yes,7000000,18/08/2026,#######
Katampe,Abuja,flat,4,5,592,no,not stated,4000000,05/08/2026,#######
Festac,Lagos,penthouse,2,3,125,not stated,yes,3600000,17/08/2026,#######
Apo,Abuja,self-contain,0,1,97,not stated,no,400000,08/08/2026,#######
Maitama,Abuja,flat,3,2,797,not stated,not stated,7300000,01/08/2026,#######
Ilupeju,Lagos,flat,3,4,,no,not stated,3100000,12/08/2026,#######
Maitama,Abuja,mansion,4,5,,no,no,17700000,16/08/2026,#######
Victoria Island,Lagos,flat,4,3,652,not stated,yes,5800000,14/08/2026,#######
Lugbe,Abuja,duplex,5,6,,not stated,not stated,5900000,07/08/2026,#######
VGC,Lagos,bungalow,2,1,,no,yes,3900000,04/08/2026,#######
Gwarinpa,Abuja,terrace,3,3,548,no,no,5300000,17/08/2026,#######
Maitama,Abuja,mansion,3,3,,no,not stated,16500000,13/08/2026,#######
Jahi,Abuja,flat,3,3,224,no,not stated,6100000,09/08/2026,#######
Magodo,Lagos,duplex,5,4,,not stated,yes,6100000,06/08/2026,#######
Gwarinpa,Abuja,self-contain,0,1,141,yes,not stated,1300000,11/08/2026,#######
Maitama,Abuja,bungalow,4,4,563,no,yes,7100000,10/08/2026,#######
Wuse 2,Abuja,flat,2,2,138,yes,yes,4600000,18/08/2026,#######
Ikeja GRA,Lagos,self-contain,0,1,143,yes,yes,800000,14/08/2026,#######
Surulere,Lagos,bungalow,1,1,77,no,not stated,3000000,10/08/2026,#######
Festac,Lagos,mansion,3,3,,not stated,no,6100000,14/08/2026,#######
Magodo,Lagos,self-contain,0,1,97,not stated,yes,1100000,14/08/2026,#######
Life Camp,Abuja,terrace,3,3,,no,not stated,3300000,08/08/2026,#######
Lokogoma,Abuja,duplex,3,2,,not stated,no,4500000,09/08/2026,#######
Garki,Abuja,duplex,2,2,,not stated,no,2900000,08/08/2026,#######
Asokoro,Abuja,self-contain,0,1,,no,no,1400000,12/08/2026,#######
Wuse 2,Abuja,penthouse,1,1,97,yes,no,9100000,09/08/2026,#######
Lekki Phase 2,Lagos,bungalow,2,2,,no,not stated,3800000,03/08/2026,#######
Apo,Abuja,bungalow,5,4,619,no,no,6200000,12/08/2026,#######
Ikeja GRA,Lagos,mansion,5,4,,no,yes,12700000,13/08/2026,#######
Victoria Island,Lagos,mansion,3,4,,yes,not stated,14300000,14/08/2026,#######
Surulere,Lagos,bungalow,3,3,357,yes,not stated,3600000,17/08/2026,#######
Wuse 1,Abuja,penthouse,3,3,166,not stated,no,5500000,18/08/2026,#######
Lekki Phase 1,Lagos,flat,4,3,580,not stated,not stated,6100000,10/08/2026,#######
VGC,Lagos,flat,6,7,192,yes,not stated,8100000,02/08/2026,#######
Wuse 1,Abuja,mansion,4,4,852,no,yes,6700000,03/08/2026,#######
Garki,Abuja,bungalow,3,4,487,no,no,3800000,10/08/2026,#######
Garki,Abuja,bungalow,2,1,,yes,no,3700000,05/08/2026,#######
Lokogoma,Abuja,mansion,4,5,593,not stated,not stated,7300000,04/08/2026,#######
Ikeja,Lagos,penthouse,2,3,136,no,no,5200000,04/08/2026,#######
Dutse,Abuja,terrace,2,1,,yes,no,3900000,10/08/2026,#######
Gwarinpa,Abuja,terrace,3,2,,yes,no,5700000,07/08/2026,#######
Lokogoma,Abuja,mansion,3,3,1012,yes,not stated,6100000,10/08/2026,#######
Allen,Lagos,mansion,2,2,923,not stated,no,6100000,02/08/2026,#######
Sangotedo,Lagos,terrace,3,3,451,not stated,no,3100000,17/08/2026,#######
Maryland,Lagos,duplex,6,5,751,yes,no,7200000,18/08/2026,#######
Gwarinpa,Abuja,bungalow,3,2,621,yes,yes,4500000,05/08/2026,#######
Jahi,Abuja,bungalow,5,4,569,yes,not stated,6500000,18/08/2026,#######
Opebi,Lagos,terrace,3,2,,yes,yes,3600000,11/08/2026,#######
Asokoro,Abuja,mansion,4,5,523,no,yes,18200000,01/08/2026,#######
Maitama,Abuja,terrace,2,1,75,no,yes,5200000,07/08/2026,#######
Magodo,Lagos,mansion,2,2,,not stated,not stated,9500000,11/08/2026,#######
Surulere,Lagos,bungalow,2,2,70,no,yes,2800000,04/08/2026,#######
Lokogoma,Abuja,flat,5,5,688,not stated,yes,4700000,11/08/2026,#######
Life Camp,Abuja,bungalow,3,3,593,yes,not stated,4600000,05/08/2026,#######
Asokoro,Abuja,bungalow,3,2,185,not stated,not stated,7100000,07/08/2026,#######
Festac,Lagos,self-contain,0,1,144,no,no,1200000,02/08/2026,#######
Opebi,Lagos,penthouse,4,3,692,no,not stated,6500000,15/08/2026,#######
Maryland,Lagos,mansion,2,2,629,not stated,no,5500000,17/08/2026,#######
Katampe,Abuja,duplex,2,2,64,no,not stated,2100000,13/08/2026,#######
Dutse,Abuja,bungalow,3,2,568,no,yes,4000000,08/08/2026,#######
Amuwo Odofin,Lagos,duplex,1,1,139,not stated,yes,1800000,06/08/2026,#######
Allen,Lagos,terrace,3,2,273,no,yes,4200000,02/08/2026,#######
Gbagada,Lagos,self-contain,0,1,126,not stated,yes,500000,05/08/2026,#######
Asokoro,Abuja,penthouse,3,2,485,not stated,yes,11300000,17/08/2026,#######
Maryland,Lagos,flat,2,3,131,no,not stated,3000000,05/08/2026,#######
Katampe,Abuja,self-contain,0,1,52,no,yes,300000,13/08/2026,#######
Asokoro,Abuja,mansion,4,3,,yes,no,18600000,16/08/2026,#######
Lekki Phase 2,Lagos,duplex,2,3,51,no,yes,2300000,16/08/2026,#######
Lugbe,Abuja,terrace,2,3,65,not stated,not stated,3700000,05/08/2026,#######
Dutse,Abuja,flat,2,3,142,not stated,yes,3300000,07/08/2026,#######
Asokoro,Abuja,penthouse,4,4,646,not stated,not stated,12000000,12/08/2026,#######
Lekki Phase 2,Lagos,self-contain,0,1,94,not stated,not stated,0,08/08/2026,#######
Jahi,Abuja,penthouse,3,2,,yes,yes,8800000,09/08/2026,#######
Ikeja,Lagos,mansion,3,4,,no,yes,7800000,16/08/2026,#######
Surulere,Lagos,bungalow,2,1,87,not stated,no,2100000,18/08/2026,#######
Guzape,Abuja,terrace,3,4,,not stated,yes,5700000,08/08/2026,#######
Ikeja,Lagos,bungalow,5,6,,not stated,yes,4700000,17/08/2026,#######
Garki,Abuja,terrace,3,2,,not stated,not stated,3300000,01/08/2026,#######
Magodo,Lagos,bungalow,3,3,,yes,yes,5700000,05/08/2026,#######
Dutse,Abuja,self-contain,0,1,,no,not stated,100000,10/08/2026,#######
Maitama,Abuja,flat,1,1,88,yes,yes,4300000,17/08/2026,#######
Wuse 1,Abuja,penthouse,3,2,,not stated,yes,6000000,12/08/2026,#######
Garki,Abuja,bungalow,4,3,564,yes,yes,5200000,18/08/2026,#######
Ojodu Berger,Lagos,duplex,3,3,,not stated,no,3300000,15/08/2026,#######
Surulere,Lagos,flat,3,2,,not stated,no,4200000,15/08/2026,#######
Ojodu Berger,Lagos,mansion,4,4,701,yes,no,8200000,10/08/2026,#######
Ikeja,Lagos,self-contain,0,1,95,no,not stated,1000000,07/08/2026,#######
Gbagada,Lagos,duplex,3,3,,yes,no,4200000,15/08/2026,#######
Dutse,Abuja,penthouse,2,2,51,yes,not stated,4900000,14/08/2026,#######
Apo,Abuja,penthouse,2,2,124,yes,not stated,3600000,15/08/2026,#######
Magodo,Lagos,mansion,4,5,668,not stated,no,11200000,16/08/2026,#######
Amuwo Odofin,Lagos,terrace,5,5,330,not stated,no,6200000,15/08/2026,#######
Yaba,Lagos,penthouse,2,2,51,not stated,no,4900000,01/08/2026,#######
Gwarinpa,Abuja,flat,3,3,,yes,no,5600000,09/08/2026,#######
Maryland,Lagos,terrace,1,2,83,yes,not stated,2100000,07/08/2026,#######
Jahi,Abuja,terrace,5,4,,yes,no,7100000,18/08/2026,#######
Lekki Phase 1,Lagos,duplex,1,1,141,no,no,4300000,15/08/2026,#######
Katampe,Abuja,terrace,4,4,771,not stated,no,3900000,15/08/2026,#######
Wuse 1,Abuja,flat,3,3,294,no,no,4500000,12/08/2026,#######
Opebi,Lagos,bungalow,3,3,,not stated,yes,4800000,15/08/2026,#######
Lokogoma,Abuja,flat,3,4,560,not stated,yes,4000000,15/08/2026,#######
Wuse 1,Abuja,terrace,3,2,493,no,yes,3500000,09/08/2026,#######
Maitama,Abuja,terrace,6,6,,no,no,8300000,02/08/2026,#######
Jahi,Abuja,penthouse,2,2,109,no,no,7900000,18/08/2026,#######
Mabushi,Abuja,mansion,4,3,1089,yes,yes,8400000,03/08/2026,#######
Dutse,Abuja,self-contain,0,1,,no,yes,0,03/08/2026,#######
Jahi,Abuja,mansion,3,3,584,not stated,not stated,12200000,09/08/2026,#######
Wuse 1,Abuja,mansion,2,2,,yes,yes,6700000,04/08/2026,#######
Amuwo Odofin,Lagos,terrace,2,3,,not stated,no,3900000,07/08/2026,#######
Life Camp,Abuja,terrace,4,3,,no,yes,4100000,05/08/2026,#######
Lokogoma,Abuja,bungalow,2,1,117,no,not stated,2400000,13/08/2026,#######
Ikeja,Lagos,bungalow,2,2,89,not stated,no,3100000,04/08/2026,#######
Lekki Phase 2,Lagos,self-contain,0,1,,yes,no,200000,01/08/2026,#######
Maitama,Abuja,duplex,4,5,367,not stated,no,7300000,03/08/2026,#######
Maryland,Lagos,bungalow,3,2,,no,not stated,4300000,15/08/2026,#######
Festac,Lagos,flat,3,3,427,not stated,yes,3400000,08/08/2026,#######
Katampe,Abuja,mansion,6,5,1025,not stated,no,10200000,05/08/2026,#######
Magodo,Lagos,penthouse,2,1,127,not stated,not stated,6600000,18/08/2026,#######
Ikeja GRA,Lagos,mansion,4,3,773,no,no,11900000,15/08/2026,#######
Garki,Abuja,mansion,3,3,742,no,yes,7600000,02/08/2026,#######
Ikeja,Lagos,flat,3,2,,not stated,yes,3000000,18/08/2026,#######
VGC,Lagos,self-contain,0,1,98,not stated,not stated,600000,07/08/2026,#######
Ajah,Lagos,flat,5,6,192,yes,not stated,5300000,04/08/2026,#######
Wuse 1,Abuja,self-contain,0,1,111,yes,not stated,1700000,13/08/2026,#######
Garki,Abuja,flat,3,3,,not stated,yes,4500000,10/08/2026,#######
Wuse 2,Abuja,duplex,1,1,100,yes,no,4300000,05/08/2026,#######
Surulere,Lagos,self-contain,0,1,,not stated,no,0,14/08/2026,#######
Mabushi,Abuja,mansion,3,3,,no,yes,7300000,04/08/2026,#######
Maryland,Lagos,terrace,2,1,55,yes,no,2700000,16/08/2026,#######
Allen,Lagos,terrace,3,2,323,no,no,3000000,02/08/2026,#######
Opebi,Lagos,bungalow,1,1,75,not stated,not stated,2600000,06/08/2026,#######
Surulere,Lagos,self-contain,0,1,140,no,no,600000,01/08/2026,#######
Gbagada,Lagos,bungalow,2,3,85,yes,yes,2200000,11/08/2026,#######
Wuse 2,Abuja,mansion,2,1,667,not stated,yes,15100000,11/08/2026,#######
Maryland,Lagos,mansion,3,3,921,yes,yes,6400000,02/08/2026,#######
Maryland,Lagos,mansion,2,1,770,not stated,not stated,6300000,02/08/2026,#######
Guzape,Abuja,duplex,3,3,239,no,not stated,5500000,12/08/2026,#######
Dutse,Abuja,flat,3,4,,yes,no,3200000,01/08/2026,#######
Ikoyi,Lagos,duplex,5,5,,yes,no,8300000,13/08/2026,#######
Ikeja,Lagos,penthouse,2,2,118,no,no,5100000,15/08/2026,#######
Maitama,Abuja,penthouse,2,3,47,yes,no,11100000,05/08/2026,#######
Festac,Lagos,bungalow,5,4,731,no,not stated,4600000,10/08/2026,#######
Katampe,Abuja,self-contain,0,1,,no,not stated,-100000,05/08/2026,#######
Opebi,Lagos,bungalow,2,2,,yes,no,3300000,01/08/2026,#######
Surulere,Lagos,flat,2,1,135,yes,not stated,3900000,07/08/2026,#######
Opebi,Lagos,flat,1,1,,yes,not stated,3200000,17/08/2026,#######
Ikeja,Lagos,self-contain,0,1,92,no,not stated,400000,06/08/2026,#######
Katampe,Abuja,self-contain,0,1,,not stated,not stated,1500000,08/08/2026,#######
Asokoro,Abuja,penthouse,6,5,461,no,no,14900000,15/08/2026,#######
Magodo,Lagos,penthouse,2,1,110,yes,yes,6400000,16/08/2026,#######
Ikoyi,Lagos,terrace,4,4,631,not stated,not stated,7500000,05/08/2026,#######
Garki,Abuja,terrace,6,5,,not stated,yes,6100000,05/08/2026,#######
Maitama,Abuja,bungalow,5,4,328,yes,yes,7000000,04/08/2026,#######
Festac,Lagos,flat,2,3,120,not stated,no,2200000,05/08/2026,#######
Ilupeju,Lagos,flat,3,4,639,yes,yes,4500000,12/08/2026,#######
Life Camp,Abuja,terrace,2,1,58,not stated,no,2400000,07/08/2026,#######
Ikoyi,Lagos,flat,2,1,72,no,not stated,4300000,18/08/2026,#######
Ikeja GRA,Lagos,self-contain,0,1,112,yes,not stated,1400000,09/08/2026,#######
Mabushi,Abuja,flat,4,3,592,no,no,5200000,01/08/2026,#######
Asokoro,Abuja,duplex,2,1,55,not stated,yes,5000000,14/08/2026,#######
Ilupeju,Lagos,terrace,4,3,550,yes,not stated,5300000,06/08/2026,#######
Wuse 1,Abuja,flat,2,1,113,not stated,not stated,2300000,06/08/2026,#######
VGC,Lagos,penthouse,4,4,671,not stated,no,8700000,01/08/2026,#######
Apo,Abuja,terrace,2,3,52,yes,yes,2900000,01/08/2026,#######
Lokogoma,Abuja,bungalow,3,2,,no,not stated,3800000,18/08/2026,#######
Opebi,Lagos,penthouse,2,2,83,yes,not stated,4300000,04/08/2026,#######
Jahi,Abuja,self-contain,0,1,142,not stated,no,300000,11/08/2026,#######
Lekki Phase 1,Lagos,bungalow,1,2,,no,not stated,4100000,09/08/2026,#######
Dutse,Abuja,bungalow,3,3,568,no,yes,3800000,07/08/2026,#######
Victoria Island,Lagos,self-contain,0,1,42,not stated,yes,1200000,05/08/2026,#######
Garki,Abuja,terrace,3,4,413,no,not stated,4700000,18/08/2026,#######
Lekki Phase 2,Lagos,mansion,2,1,,no,yes,5500000,02/08/2026,#######
Lokogoma,Abuja,self-contain,0,1,145,not stated,not stated,1400000,13/08/2026,#######
Amuwo Odofin,Lagos,penthouse,3,4,201,no,not stated,5900000,05/08/2026,#######
Katampe,Abuja,mansion,3,2,631,yes,not stated,7700000,02/08/2026,#######
Lekki Phase 1,Lagos,self-contain,0,1,,no,yes,1400000,11/08/2026,#######
Asokoro,Abuja,duplex,4,4,454,no,yes,7600000,11/08/2026,#######
VGC,Lagos,bungalow,3,3,189,not stated,not stated,4300000,18/08/2026,#######
Katampe,Abuja,self-contain,0,1,79,yes,not stated,600000,03/08/2026,#######
Festac,Lagos,bungalow,3,4,732,not stated,no,3400000,03/08/2026,#######
Ikoyi,Lagos,duplex,3,2,541,no,yes,6600000,17/08/2026,#######
Sangotedo,Lagos,bungalow,5,4,,not stated,not stated,4700000,06/08/2026,#######
Festac,Lagos,terrace,5,4,697,yes,no,6400000,11/08/2026,#######
Lekki Phase 1,Lagos,terrace,2,1,55,not stated,yes,4900000,13/08/2026,#######
Ikoyi,Lagos,mansion,4,3,565,no,not stated,16200000,16/08/2026,#######
Ilupeju,Lagos,self-contain,0,1,,not stated,yes,1600000,02/08/2026,#######
Ikoyi,Lagos,duplex,6,5,,no,no,8200000,18/08/2026,#######
Lokogoma,Abuja,terrace,2,3,50,no,no,2900000,05/08/2026,#######
Allen,Lagos,terrace,6,6,202,not stated,no,6300000,15/08/2026,#######
Lokogoma,Abuja,terrace,5,5,,yes,not stated,5300000,06/08/2026,#######
Life Camp,Abuja,duplex,5,6,255,no,yes,5200000,09/08/2026,#######
Opebi,Lagos,mansion,6,6,666,yes,no,9900000,16/08/2026,#######
Lugbe,Abuja,flat,4,3,180,no,not stated,3700000,08/08/2026,#######
Ajah,Lagos,terrace,2,2,58,not stated,yes,2700000,16/08/2026,#######
Guzape,Abuja,duplex,2,2,85,not stated,no,5300000,11/08/2026,#######
Gbagada,Lagos,bungalow,2,2,99,yes,not stated,2100000,03/08/2026,#######
Guzape,Abuja,bungalow,6,5,,yes,not stated,7400000,11/08/2026,#######
Garki,Abuja,self-contain,0,1,,no,not stated,0,14/08/2026,#######
Asokoro,Abuja,self-contain,0,1,121,not stated,not stated,2400000,01/08/2026,#######
Gwarinpa,Abuja,self-contain,0,1,52,not stated,yes,700000,01/08/2026,#######
Amuwo Odofin,Lagos,mansion,3,4,,not stated,not stated,6900000,13/08/2026,#######
Maryland,Lagos,penthouse,5,4,695,not stated,yes,6800000,05/08/2026,#######
Katampe,Abuja,penthouse,2,1,,yes,not stated,4100000,13/08/2026,#######
Life Camp,Abuja,terrace,4,4,,yes,no,4400000,13/08/2026,#######
Maitama,Abuja,mansion,5,4,873,not stated,not stated,18200000,16/08/2026,#######
Yaba,Lagos,duplex,2,3,,yes,no,2900000,11/08/2026,#######
Mabushi,Abuja,penthouse,2,3,125,not stated,no,4100000,01/08/2026,#######
Ikeja GRA,Lagos,flat,2,2,,yes,no,4400000,07/08/2026,#######
Life Camp,Abuja,duplex,2,3,47,no,yes,3300000,10/08/2026,#######
Dutse,Abuja,bungalow,3,3,194,yes,yes,3600000,18/08/2026,#######
Lokogoma,Abuja,flat,5,4,,yes,not stated,5900000,11/08/2026,#######
Garki,Abuja,mansion,1,1,1094,yes,no,5000000,08/08/2026,#######
Maryland,Lagos,flat,2,2,59,yes,not stated,4000000,08/08/2026,#######
Amuwo Odofin,Lagos,duplex,4,4,,not stated,not stated,4100000,10/08/2026,#######
Surulere,Lagos,terrace,4,3,639,no,not stated,5200000,14/08/2026,#######
Guzape,Abuja,bungalow,4,3,,yes,not stated,5800000,15/08/2026,#######
Maryland,Lagos,mansion,3,4,1002,no,no,6700000,17/08/2026,#######
Jahi,Abuja,duplex,3,3,,no,not stated,5400000,13/08/2026,#######
Gwarinpa,Abuja,flat,1,1,56,not stated,not stated,4100000,16/08/2026,#######
Wuse 2,Abuja,self-contain,0,1,85,not stated,not stated,1200000,11/08/2026,#######
Sangotedo,Lagos,flat,2,2,,yes,not stated,3900000,18/08/2026,#######
Wuse 2,Abuja,terrace,4,5,797,not stated,no,6400000,07/08/2026,#######
Lekki Phase 2,Lagos,terrace,6,7,386,not stated,not stated,6300000,06/08/2026,#######
Ilupeju,Lagos,bungalow,2,1,,yes,yes,3800000,06/08/2026,#######
Maitama,Abuja,terrace,3,2,,not stated,not stated,6500000,04/08/2026,#######
Lekki Phase 2,Lagos,self-contain,0,1,63,yes,no,800000,10/08/2026,#######
Opebi,Lagos,penthouse,3,2,,no,not stated,4500000,05/08/2026,#######
Maryland,Lagos,penthouse,6,5,,no,yes,8600000,06/08/2026,#######
Sangotedo,Lagos,duplex,1,1,132,not stated,no,1700000,18/08/2026,#######
Lekki Phase 1,Lagos,duplex,5,5,,yes,yes,7800000,01/08/2026,#######
Lugbe,Abuja,bungalow,3,4,,no,no,4300000,01/08/2026,#######
Asokoro,Abuja,bungalow,2,3,,yes,yes,5200000,09/08/2026,#######
Ojodu Berger,Lagos,duplex,3,4,650,no,not stated,3400000,14/08/2026,#######
Mabushi,Abuja,terrace,4,4,514,not stated,not stated,4100000,16/08/2026,#######
Life Camp,Abuja,duplex,3,3,321,yes,no,3500000,11/08/2026,#######
Wuse 2,Abuja,self-contain,0,1,135,not stated,yes,700000,07/08/2026,#######
Sangotedo,Lagos,duplex,4,3,460,not stated,no,3800000,01/08/2026,#######
Apo,Abuja,bungalow,4,5,561,not stated,yes,4300000,01/08/2026,#######
Allen,Lagos,flat,3,2,713,no,not stated,3100000,02/08/2026,#######
Ikeja GRA,Lagos,bungalow,6,6,,not stated,no,7500000,14/08/2026,#######
Jahi,Abuja,bungalow,3,3,627,not stated,not stated,4900000,18/08/2026,#######
Garki,Abuja,self-contain,0,1,88,no,no,500000,05/08/2026,#######
Dutse,Abuja,penthouse,4,3,585,not stated,yes,6400000,04/08/2026,#######
Surulere,Lagos,bungalow,2,2,117,no,not stated,3500000,04/08/2026,#######
Wuse 2,Abuja,self-contain,0,1,134,yes,yes,1100000,09/08/2026,#######
Ikeja,Lagos,mansion,2,1,1121,yes,yes,6100000,09/08/2026,#######
Victoria Island,Lagos,duplex,2,3,92,no,yes,4500000,12/08/2026,#######
Dutse,Abuja,bungalow,5,5,758,not stated,not stated,5000000,03/08/2026,#######
Surulere,Lagos,bungalow,2,2,140,no,not stated,3400000,16/08/2026,#######
Surulere,Lagos,flat,3,3,749,yes,no,3700000,15/08/2026,#######
Garki,Abuja,self-contain,0,1,,yes,yes,1600000,16/08/2026,#######
Asokoro,Abuja,penthouse,4,4,454,no,yes,12000000,08/08/2026,#######
Lugbe,Abuja,penthouse,2,2,,not stated,no,4400000,07/08/2026,#######
Guzape,Abuja,penthouse,2,3,112,no,no,9000000,03/08/2026,#######
Guzape,Abuja,bungalow,4,5,257,yes,yes,5600000,12/08/2026,#######
Wuse 2,Abuja,penthouse,3,3,450,not stated,not stated,12500000,13/08/2026,#######
Surulere,Lagos,flat,6,6,196,no,no,5700000,01/08/2026,#######
Lekki Phase 2,Lagos,flat,2,3,77,yes,not stated,3700000,13/08/2026,#######
Festac,Lagos,duplex,2,1,78,yes,no,2600000,04/08/2026,#######
Life Camp,Abuja,self-contain,0,1,116,no,no,1500000,18/08/2026,#######
Ikeja,Lagos,bungalow,5,5,,not stated,yes,5400000,01/08/2026,#######
Lugbe,Abuja,terrace,3,4,401,not stated,not stated,3000000,14/08/2026,#######
Ikeja GRA,Lagos,duplex,4,4,591,no,not stated,6300000,05/08/2026,#######
Ilupeju,Lagos,terrace,3,4,666,yes,no,3000000,11/08/2026,#######
Sangotedo,Lagos,self-contain,0,1,,no,yes,0,10/08/2026,#######
Gbagada,Lagos,penthouse,2,2,142,no,not stated,5200000,13/08/2026,#######
Yaba,Lagos,self-contain,0,1,103,not stated,not stated,1600000,06/08/2026,#######
Lugbe,Abuja,flat,3,2,499,not stated,yes,3500000,01/08/2026,#######
Dutse,Abuja,mansion,3,3,1002,yes,not stated,6100000,18/08/2026,#######
Ajah,Lagos,duplex,2,2,,not stated,yes,2500000,02/08/2026,#######
Maryland,Lagos,self-contain,0,1,116,no,yes,0,07/08/2026,#######
Life Camp,Abuja,mansion,1,1,536,not stated,no,4700000,05/08/2026,#######
Wuse 1,Abuja,terrace,2,2,121,no,no,3100000,13/08/2026,#######
Festac,Lagos,bungalow,2,3,121,not stated,not stated,3600000,15/08/2026,#######
Wuse 1,Abuja,bungalow,4,3,750,yes,not stated,4500000,11/08/2026,#######
Gwarinpa,Abuja,flat,5,4,245,no,no,7600000,09/08/2026,#######
Wuse 1,Abuja,flat,3,2,593,not stated,yes,4700000,15/08/2026,#######
Life Camp,Abuja,mansion,5,5,,yes,no,8600000,06/08/2026,#######
Katampe,Abuja,flat,3,4,,no,yes,3700000,11/08/2026,#######
Lugbe,Abuja,terrace,2,2,70,yes,yes,2900000,18/08/2026,#######
Wuse 2,Abuja,penthouse,3,3,460,not stated,yes,12600000,07/08/2026,#######
Gbagada,Lagos,duplex,5,6,316,yes,no,5300000,09/08/2026,#######
Ikeja GRA,Lagos,terrace,2,2,135,no,yes,4200000,03/08/2026,#######
Gbagada,Lagos,flat,3,3,277,yes,yes,3400000,07/08/2026,#######
Lekki Phase 1,Lagos,self-contain,0,1,112,yes,no,1200000,17/08/2026,#######
Victoria Island,Lagos,penthouse,4,5,,no,not stated,10900000,02/08/2026,#######
Allen,Lagos,duplex,3,2,263,no,not stated,4600000,18/08/2026,#######
Maitama,Abuja,bungalow,2,1,101,yes,no,4700000,16/08/2026,#######
Ikeja,Lagos,terrace,2,1,77,not stated,not stated,3000000,06/08/2026,#######
Wuse 2,Abuja,penthouse,2,1,57,yes,not stated,11800000,08/08/2026,#######
Lekki Phase 2,Lagos,duplex,2,1,85,yes,yes,3000000,01/08/2026,#######
Life Camp,Abuja,mansion,3,2,,yes,no,7600000,06/08/2026,#######
Dutse,Abuja,mansion,2,3,735,not stated,not stated,6400000,16/08/2026,#######
Lekki Phase 1,Lagos,mansion,4,4,892,yes,no,15200000,06/08/2026,#######
Surulere,Lagos,duplex,2,2,129,yes,not stated,3700000,03/08/2026,#######
Life Camp,Abuja,mansion,5,6,516,yes,no,8500000,13/08/2026,#######
Lugbe,Abuja,penthouse,5,5,,yes,no,6600000,06/08/2026,#######
Ikeja GRA,Lagos,duplex,2,2,,not stated,not stated,3200000,13/08/2026,#######
Lugbe,Abuja,penthouse,2,3,136,no,yes,4300000,05/08/2026,#######
Sangotedo,Lagos,duplex,2,3,53,yes,no,2200000,15/08/2026,#######
Gbagada,Lagos,penthouse,4,4,,yes,yes,6600000,15/08/2026,#######
VGC,Lagos,self-contain,0,1,63,yes,not stated,500000,17/08/2026,#######
Guzape,Abuja,terrace,3,2,,not stated,not stated,5800000,13/08/2026,#######
Maitama,Abuja,mansion,2,3,866,not stated,not stated,15100000,14/08/2026,#######
Garki,Abuja,duplex,1,2,125,no,no,1500000,04/08/2026,#######
Garki,Abuja,penthouse,2,3,,yes,not stated,5300000,09/08/2026,#######
Lekki Phase 2,Lagos,penthouse,2,2,112,no,no,4500000,01/08/2026,#######
Gwarinpa,Abuja,self-contain,0,1,88,no,yes,500000,01/08/2026,#######
Asokoro,Abuja,duplex,2,3,122,not stated,yes,6200000,10/08/2026,#######
Guzape,Abuja,penthouse,5,6,530,not stated,not stated,10400000,14/08/2026,#######
Ajah,Lagos,mansion,6,5,,not stated,yes,10100000,12/08/2026,#######
Katampe,Abuja,mansion,5,5,,not stated,no,8400000,12/08/2026,#######
Katampe,Abuja,self-contain,0,1,,not stated,not stated,400000,07/08/2026,#######
Gbagada,Lagos,bungalow,2,3,136,not stated,yes,2100000,17/08/2026,#######
Gwarinpa,Abuja,duplex,1,1,116,yes,yes,3800000,14/08/2026,#######
Yaba,Lagos,mansion,1,1,548,yes,no,4300000,03/08/2026,#######
Maryland,Lagos,terrace,6,6,,yes,no,6700000,01/08/2026,#######
Ajah,Lagos,bungalow,3,4,188,no,no,4400000,03/08/2026,#######
Ajah,Lagos,bungalow,3,3,,no,not stated,3700000,18/08/2026,#######
Asokoro,Abuja,mansion,4,3,638,no,not stated,17100000,18/08/2026,#######
Allen,Lagos,self-contain,0,1,108,no,no,1200000,11/08/2026,#######
Gwarinpa,Abuja,mansion,2,3,864,not stated,no,12600000,11/08/2026,#######
Guzape,Abuja,self-contain,0,1,,no,yes,1400000,02/08/2026,#######
Surulere,Lagos,bungalow,3,2,474,not stated,no,3300000,09/08/2026,#######
Lekki Phase 2,Lagos,mansion,2,2,,yes,yes,6600000,02/08/2026,#######
Opebi,Lagos,penthouse,3,2,,no,not stated,5600000,08/08/2026,#######
Jahi,Abuja,flat,3,4,260,yes,no,5500000,17/08/2026,#######
Guzape,Abuja,duplex,2,3,140,yes,yes,4000000,04/08/2026,#######
Maitama,Abuja,bungalow,4,4,428,not stated,not stated,6700000,18/08/2026,#######
Asokoro,Abuja,penthouse,4,3,735,no,no,12700000,10/08/2026,#######
Gwarinpa,Abuja,penthouse,2,3,43,not stated,yes,7700000,12/08/2026,#######
Allen,Lagos,penthouse,3,2,,yes,not stated,5700000,11/08/2026,#######
Guzape,Abuja,self-contain,0,1,130,not stated,no,800000,17/08/2026,#######
Ikeja,Lagos,flat,4,5,747,no,not stated,5600000,07/08/2026,#######
Gwarinpa,Abuja,penthouse,2,2,,yes,yes,7500000,07/08/2026,#######
Asokoro,Abuja,terrace,3,2,,no,yes,6700000,09/08/2026,#######
Magodo,Lagos,self-contain,0,1,77,no,not stated,1300000,03/08/2026,#######
Gwarinpa,Abuja,penthouse,2,3,,no,not stated,8600000,01/08/2026,#######
VGC,Lagos,mansion,5,5,730,yes,yes,12900000,06/08/2026,#######
Garki,Abuja,terrace,2,3,99,yes,not stated,2200000,02/08/2026,#######
Ikeja,Lagos,flat,4,4,589,no,yes,4800000,18/08/2026,#######
Mabushi,Abuja,mansion,3,4,,yes,yes,6500000,04/08/2026,#######
Lugbe,Abuja,penthouse,3,3,,no,no,4500000,11/08/2026,#######
Lugbe,Abuja,duplex,3,3,161,no,not stated,3200000,14/08/2026,#######
Yaba,Lagos,mansion,3,4,728,not stated,yes,7400000,16/08/2026,#######
Yaba,Lagos,penthouse,2,3,65,not stated,not stated,4000000,08/08/2026,#######
Ikeja GRA,Lagos,terrace,6,7,782,not stated,yes,7100000,07/08/2026,#######
Maitama,Abuja,mansion,2,2,855,not stated,yes,17000000,11/08/2026,#######
Garki,Abuja,duplex,3,2,319,yes,not stated,4600000,05/08/2026,#######
Guzape,Abuja,mansion,3,2,836,yes,not stated,13800000,07/08/2026,#######
Gwarinpa,Abuja,terrace,6,5,,not stated,no,7500000,12/08/2026,#######
Gwarinpa,Abuja,self-contain,0,1,80,yes,yes,1000000,09/08/2026,#######
Sangotedo,Lagos,duplex,4,5,,no,no,5600000,18/08/2026,#######
Ilupeju,Lagos,bungalow,3,4,476,not stated,no,4100000,08/08/2026,#######
Ikeja,Lagos,self-contain,0,1,94,no,no,100000,15/08/2026,#######
Ojodu Berger,Lagos,self-contain,0,1,96,yes,no,0,15/08/2026,#######
Yaba,Lagos,flat,2,3,150,not stated,yes,2400000,09/08/2026,#######
Dutse,Abuja,flat,4,4,,not stated,not stated,4900000,13/08/2026,#######
Ojodu Berger,Lagos,duplex,2,1,,not stated,no,3500000,17/08/2026,#######
Maitama,Abuja,bungalow,3,4,,yes,not stated,6700000,18/08/2026,#######
Guzape,Abuja,bungalow,3,2,421,not stated,no,4500000,03/08/2026,#######
Guzape,Abuja,bungalow,1,2,50,not stated,not stated,3200000,15/08/2026,#######
Gbagada,Lagos,self-contain,0,1,70,yes,not stated,700000,03/08/2026,#######
Ajah,Lagos,bungalow,2,1,,yes,yes,2300000,10/08/2026,#######
Maryland,Lagos,terrace,1,1,150,not stated,yes,2200000,03/08/2026,#######
Ojodu Berger,Lagos,mansion,2,3,729,not stated,yes,6000000,16/08/2026,#######
Apo,Abuja,duplex,4,3,591,not stated,no,4600000,03/08/2026,#######
Allen,Lagos,penthouse,4,5,613,not stated,no,6500000,04/08/2026,#######
Magodo,Lagos,penthouse,2,1,115,no,yes,6200000,08/08/2026,#######
Ikeja GRA,Lagos,penthouse,1,1,121,not stated,yes,5800000,09/08/2026,#######
Ilupeju,Lagos,self-contain,0,1,125,no,no,1000000,10/08/2026,#######
Asokoro,Abuja,flat,4,4,215,not stated,not stated,6600000,04/08/2026,#######
Life Camp,Abuja,terrace,5,4,272,yes,not stated,5800000,09/08/2026,#######
Ikeja,Lagos,self-contain,0,1,53,no,yes,300000,09/08/2026,#######
Apo,Abuja,mansion,3,2,1144,yes,not stated,7100000,09/08/2026,#######
Amuwo Odofin,Lagos,self-contain,0,1,83,no,yes,700000,09/08/2026,#######
Ojodu Berger,Lagos,bungalow,3,2,337,not stated,yes,3300000,17/08/2026,#######
Maitama,Abuja,flat,1,1,95,yes,yes,5400000,01/08/2026,#######
Festac,Lagos,flat,2,2,117,yes,yes,2600000,16/08/2026,#######
Wuse 1,Abuja,duplex,2,1,124,yes,no,3900000,06/08/2026,#######
Maitama,Abuja,duplex,5,5,,yes,not stated,7500000,12/08/2026,#######
Apo,Abuja,mansion,2,1,1185,yes,not stated,6600000,11/08/2026,#######
Lugbe,Abuja,terrace,2,3,129,not stated,not stated,4000000,15/08/2026,#######
Lokogoma,Abuja,mansion,4,5,704,no,no,7400000,13/08/2026,#######
Mabushi,Abuja,flat,2,1,69,no,yes,2700000,10/08/2026,#######
Jahi,Abuja,duplex,4,4,522,no,yes,6400000,08/08/2026,#######
Dutse,Abuja,penthouse,2,2,,not stated,yes,3700000,05/08/2026,#######
Gbagada,Lagos,terrace,4,3,339,yes,yes,5600000,14/08/2026,#######
Magodo,Lagos,bungalow,3,2,,yes,yes,3900000,13/08/2026,#######
Asokoro,Abuja,bungalow,3,2,701,not stated,no,6200000,07/08/2026,#######
Surulere,Lagos,duplex,3,2,754,yes,yes,3400000,14/08/2026,#######
Ilupeju,Lagos,flat,4,4,560,not stated,not stated,4900000,01/08/2026,#######
Ikeja GRA,Lagos,terrace,2,3,130,yes,not stated,4100000,10/08/2026,#######
Surulere,Lagos,terrace,3,4,745,not stated,not stated,3200000,13/08/2026,#######
Dutse,Abuja,self-contain,0,1,90,not stated,yes,600000,08/08/2026,#######
Gbagada,Lagos,bungalow,3,4,681,yes,not stated,4800000,03/08/2026,#######
Life Camp,Abuja,mansion,2,3,759,not stated,yes,6300000,06/08/2026,#######
Gbagada,Lagos,terrace,6,7,241,no,no,6000000,04/08/2026,#######
Wuse 2,Abuja,mansion,1,1,1084,not stated,not stated,16100000,17/08/2026,#######
Opebi,Lagos,self-contain,0,1,,no,no,1500000,04/08/2026,#######
Dutse,Abuja,bungalow,4,3,224,not stated,yes,5000000,14/08/2026,#######
Amuwo Odofin,Lagos,mansion,3,4,1083,not stated,not stated,6600000,03/08/2026,#######
Life Camp,Abuja,bungalow,5,4,,yes,yes,4900000,02/08/2026,#######
Victoria Island,Lagos,bungalow,2,3,118,not stated,no,4100000,17/08/2026,#######
Katampe,Abuja,bungalow,1,1,,no,yes,2300000,05/08/2026,#######
Lokogoma,Abuja,self-contain,0,1,,not stated,yes,100000,03/08/2026,#######
Mabushi,Abuja,terrace,2,2,45,no,not stated,2400000,07/08/2026,#######
Ikoyi,Lagos,terrace,1,1,,not stated,yes,3600000,12/08/2026,#######
Lugbe,Abuja,self-contain,0,1,69,no,not stated,1000000,07/08/2026,#######
Ojodu Berger,Lagos,flat,4,5,240,not stated,no,4500000,05/08/2026,#######
Festac,Lagos,penthouse,2,3,60,no,no,3800000,14/08/2026,#######
Lokogoma,Abuja,duplex,2,2,112,not stated,no,3200000,16/08/2026,#######
Gwarinpa,Abuja,bungalow,2,2,60,not stated,yes,4500000,10/08/2026,#######
Ilupeju,Lagos,self-contain,0,1,111,not stated,no,0,18/08/2026,#######
Amuwo Odofin,Lagos,flat,2,3,119,yes,no,2900000,16/08/2026,#######
Wuse 1,Abuja,flat,4,5,488,yes,not stated,5400000,01/08/2026,#######
Amuwo Odofin,Lagos,self-contain,0,1,126,no,yes,1100000,06/08/2026,#######
Lugbe,Abuja,bungalow,3,3,,yes,not stated,3500000,05/08/2026,#######
Gwarinpa,Abuja,duplex,2,3,,no,yes,3700000,10/08/2026,#######
Lokogoma,Abuja,bungalow,5,6,284,not stated,yes,5200000,06/08/2026,#######
Mabushi,Abuja,duplex,2,1,91,not stated,not stated,3700000,16/08/2026,#######
Gbagada,Lagos,flat,3,4,686,not stated,yes,4400000,07/08/2026,#######
Opebi,Lagos,terrace,4,4,627,yes,not stated,4800000,11/08/2026,#######
Ikeja,Lagos,duplex,1,1,,yes,no,2600000,14/08/2026,#######
VGC,Lagos,mansion,3,4,803,no,not stated,11200000,16/08/2026,#######
Lekki Phase 1,Lagos,self-contain,0,1,145,not stated,yes,800000,18/08/2026,#######
Ojodu Berger,Lagos,mansion,3,3,,yes,yes,6800000,05/08/2026,#######
Maryland,Lagos,duplex,5,5,323,yes,not stated,4800000,11/08/2026,#######
Maitama,Abuja,mansion,5,4,1197,not stated,no,18500000,06/08/2026,#######
Ojodu Berger,Lagos,terrace,3,2,236,not stated,no,3000000,12/08/2026,#######
Festac,Lagos,duplex,2,2,45,yes,no,2400000,05/08/2026,#######
Allen,Lagos,penthouse,3,4,286,yes,no,5900000,01/08/2026,#######
Wuse 2,Abuja,self-contain,0,1,141,not stated,no,800000,14/08/2026,#######
Apo,Abuja,terrace,4,5,293,yes,yes,4800000,10/08/2026,#######
Ikeja,Lagos,flat,4,4,302,yes,no,4200000,13/08/2026,#######
Jahi,Abuja,self-contain,0,1,108,not stated,not stated,1500000,07/08/2026,#######
Garki,Abuja,self-contain,0,1,143,no,yes,-100000,07/08/2026,#######
Wuse 1,Abuja,self-contain,0,1,135,not stated,no,500000,14/08/2026,#######
Gbagada,Lagos,flat,1,2,123,no,not stated,2400000,18/08/2026,#######
Yaba,Lagos,bungalow,4,4,,yes,yes,5300000,13/08/2026,#######
Victoria Island,Lagos,terrace,3,4,341,no,no,5500000,02/08/2026,#######
Ikeja GRA,Lagos,self-contain,0,1,98,yes,no,1600000,16/08/2026,#######
Sangotedo,Lagos,flat,2,1,41,not stated,not stated,2100000,02/08/2026,#######
Life Camp,Abuja,duplex,2,1,114,no,not stated,2400000,06/08/2026,#######
Sangotedo,Lagos,duplex,1,1,,no,yes,3000000,18/08/2026,#######
Ilupeju,Lagos,flat,2,3,,no,not stated,4000000,13/08/2026,#######
Wuse 2,Abuja,bungalow,3,2,,no,no,7300000,01/08/2026,#######
Mabushi,Abuja,duplex,3,2,676,not stated,no,3000000,16/08/2026,#######
Lokogoma,Abuja,duplex,1,2,,not stated,not stated,1300000,07/08/2026,#######
Katampe,Abuja,penthouse,2,2,,no,no,4100000,16/08/2026,#######
Maitama,Abuja,flat,1,1,49,not stated,no,4400000,04/08/2026,#######
Garki,Abuja,duplex,5,5,,not stated,not stated,4700000,18/08/2026,#######
Opebi,Lagos,duplex,4,4,,yes,yes,4000000,05/08/2026,#######
Victoria Island,Lagos,flat,3,4,196,yes,yes,6200000,14/08/2026,#######
Festac,Lagos,penthouse,3,4,536,no,not stated,4600000,07/08/2026,#######
Garki,Abuja,flat,2,3,113,no,yes,3000000,08/08/2026,#######
Lugbe,Abuja,terrace,2,2,,no,not stated,3600000,14/08/2026,#######
Guzape,Abuja,bungalow,1,1,106,not stated,yes,4100000,06/08/2026,#######
Opebi,Lagos,terrace,1,1,144,no,not stated,3000000,01/08/2026,#######
Maitama,Abuja,mansion,3,4,,not stated,yes,17700000,09/08/2026,#######
Lugbe,Abuja,mansion,4,3,,yes,no,7600000,15/08/2026,#######
Lekki Phase 2,Lagos,self-contain,0,1,52,not stated,yes,1100000,10/08/2026,#######
Victoria Island,Lagos,terrace,4,3,404,no,yes,6200000,07/08/2026,#######
Apo,Abuja,flat,3,3,348,yes,not stated,3300000,10/08/2026,#######
Asokoro,Abuja,terrace,3,3,258,yes,yes,6700000,14/08/2026,#######
Ikeja,Lagos,mansion,3,3,520,not stated,no,5900000,13/08/2026,#######
Wuse 2,Abuja,penthouse,1,1,61,no,yes,10200000,01/08/2026,#######
Victoria Island,Lagos,mansion,3,2,,no,not stated,15000000,11/08/2026,#######
Sangotedo,Lagos,self-contain,0,1,59,yes,not stated,0,03/08/2026,#######
Amuwo Odofin,Lagos,terrace,4,3,466,not stated,no,5600000,13/08/2026,#######
Apo,Abuja,penthouse,2,3,,yes,no,5300000,02/08/2026,#######
Wuse 2,Abuja,terrace,2,3,,not stated,not stated,5500000,07/08/2026,#######
Maitama,Abuja,penthouse,2,3,106,yes,yes,11700000,17/08/2026,#######
Yaba,Lagos,mansion,5,6,679,no,no,9000000,18/08/2026,#######
Wuse 2,Abuja,terrace,1,1,42,yes,yes,5700000,13/08/2026,#######
Wuse 2,Abuja,bungalow,3,3,206,yes,no,6400000,14/08/2026,#######
Festac,Lagos,duplex,2,1,76,no,no,3000000,03/08/2026,#######
Gbagada,Lagos,penthouse,5,6,,yes,not stated,6500000,03/08/2026,#######
Ikeja,Lagos,penthouse,6,7,,no,no,7900000,05/08/2026,#######
Lekki Phase 1,Lagos,duplex,3,3,431,not stated,not stated,6700000,09/08/2026,#######
Asokoro,Abuja,terrace,3,3,306,no,not stated,6200000,13/08/2026,#######
Life Camp,Abuja,flat,5,4,484,yes,not stated,4900000,13/08/2026,#######
Lokogoma,Abuja,mansion,4,4,,no,yes,8100000,15/08/2026,#######
Wuse 1,Abuja,bungalow,2,1,137,no,not stated,3700000,06/08/2026,#######
Garki,Abuja,penthouse,3,3,,yes,yes,5300000,15/08/2026,#######
Ojodu Berger,Lagos,self-contain,0,1,119,not stated,no,800000,08/08/2026,#######
Lekki Phase 2,Lagos,self-contain,0,1,58,yes,yes,700000,02/08/2026,#######
Guzape,Abuja,self-contain,0,1,147,not stated,yes,1400000,13/08/2026,#######
Life Camp,Abuja,mansion,6,5,605,yes,yes,9300000,18/08/2026,#######
Jahi,Abuja,self-contain,0,1,,no,not stated,1300000,10/08/2026,#######
Lekki Phase 1,Lagos,flat,3,4,286,no,not stated,6300000,02/08/2026,#######
Maitama,Abuja,bungalow,2,1,45,yes,yes,4700000,10/08/2026,#######
Katampe,Abuja,duplex,3,4,681,no,yes,4300000,11/08/2026,#######
Katampe,Abuja,penthouse,2,2,,yes,yes,5200000,11/08/2026,#######
Ilupeju,Lagos,flat,2,2,95,yes,not stated,3300000,01/08/2026,#######
Amuwo Odofin,Lagos,flat,2,1,117,no,not stated,2600000,03/08/2026,#######
Opebi,Lagos,terrace,1,1,,yes,yes,2100000,10/08/2026,#######
VGC,Lagos,mansion,1,2,,no,not stated,10000000,06/08/2026,#######
Asokoro,Abuja,duplex,3,4,,yes,no,6200000,18/08/2026,#######
Festac,Lagos,flat,4,3,316,not stated,yes,5500000,17/08/2026,#######
Lokogoma,Abuja,self-contain,0,1,69,not stated,no,1600000,09/08/2026,#######
Gwarinpa,Abuja,bungalow,2,2,145,not stated,no,5100000,05/08/2026,#######
Asokoro,Abuja,penthouse,3,4,214,no,not stated,11800000,13/08/2026,#######
Maitama,Abuja,flat,1,2,43,yes,yes,5100000,09/08/2026,#######
Lugbe,Abuja,self-contain,0,1,68,no,yes,300000,05/08/2026,#######
Katampe,Abuja,penthouse,2,1,,not stated,yes,4200000,03/08/2026,#######
Yaba,Lagos,self-contain,0,1,,not stated,not stated,400000,01/08/2026,#######
Ikeja GRA,Lagos,flat,3,3,,not stated,yes,4100000,15/08/2026,#######
Garki,Abuja,flat,6,5,,yes,not stated,7200000,01/08/2026,#######
Ilupeju,Lagos,flat,3,2,758,no,not stated,3700000,09/08/2026,#######
Ikoyi,Lagos,self-contain,0,1,,not stated,not stated,1300000,13/08/2026,#######
Garki,Abuja,flat,3,4,,yes,no,3200000,10/08/2026,#######
Guzape,Abuja,duplex,6,7,248,yes,no,7400000,02/08/2026,#######
Maryland,Lagos,bungalow,1,1,109,yes,yes,1300000,15/08/2026,#######
Jahi,Abuja,bungalow,2,1,,not stated,not stated,4100000,12/08/2026,#######
Gbagada,Lagos,bungalow,1,2,73,no,no,2400000,14/08/2026,#######
Dutse,Abuja,penthouse,5,6,,yes,yes,7700000,05/08/2026,#######
Mabushi,Abuja,terrace,2,1,,not stated,yes,3100000,09/08/2026,#######
Surulere,Lagos,penthouse,2,3,,no,not stated,3800000,05/08/2026,#######
Amuwo Odofin,Lagos,terrace,3,3,167,not stated,not stated,2900000,10/08/2026,#######
VGC,Lagos,self-contain,0,1,,not stated,not stated,1300000,16/08/2026,#######
Ikeja GRA,Lagos,flat,3,4,,no,not stated,4100000,06/08/2026,#######
Lugbe,Abuja,penthouse,2,1,74,not stated,yes,4400000,13/08/2026,#######
Katampe,Abuja,terrace,1,1,82,not stated,yes,3100000,14/08/2026,#######
Katampe,Abuja,terrace,3,2,678,not stated,yes,3000000,18/08/2026,#######
Festac,Lagos,penthouse,3,4,,no,not stated,4600000,10/08/2026,#######
Amuwo Odofin,Lagos,flat,2,2,73,yes,no,3400000,04/08/2026,#######
Sangotedo,Lagos,flat,3,4,602,no,not stated,3900000,16/08/2026,#######
Gbagada,Lagos,duplex,5,6,544,yes,no,6100000,17/08/2026,#######
Ilupeju,Lagos,bungalow,4,5,,yes,no,4900000,08/08/2026,#######
Maitama,Abuja,flat,2,2,129,yes,not stated,5900000,18/08/2026,#######
Katampe,Abuja,duplex,2,3,,yes,yes,4000000,12/08/2026,#######
Ikeja GRA,Lagos,flat,3,2,,not stated,not stated,5700000,06/08/2026,#######
Guzape,Abuja,bungalow,5,6,292,no,not stated,7000000,16/08/2026,#######
Ajah,Lagos,penthouse,5,4,681,not stated,not stated,7300000,05/08/2026,#######
Ilupeju,Lagos,terrace,3,4,643,no,no,4800000,04/08/2026,#######
Amuwo Odofin,Lagos,self-contain,0,1,,not stated,yes,1500000,18/08/2026,#######
Guzape,Abuja,penthouse,5,4,658,no,no,11700000,16/08/2026,#######
Festac,Lagos,penthouse,1,1,60,no,yes,4500000,06/08/2026,#######
Yaba,Lagos,bungalow,1,1,82,not stated,no,3000000,03/08/2026,#######
Lokogoma,Abuja,bungalow,2,1,,yes,not stated,2300000,14/08/2026,#######
Ojodu Berger,Lagos,self-contain,0,1,87,not stated,no,1000000,07/08/2026,#######
Ilupeju,Lagos,mansion,5,5,585,yes,not stated,9300000,18/08/2026,#######
Apo,Abuja,penthouse,3,2,631,yes,yes,4500000,10/08/2026,#######
Gbagada,Lagos,bungalow,2,1,65,yes,yes,3800000,10/08/2026,#######
Maitama,Abuja,mansion,2,1,1162,yes,no,15700000,10/08/2026,#######
Lugbe,Abuja,terrace,6,5,,no,no,5600000,09/08/2026,#######
VGC,Lagos,penthouse,2,2,,not stated,no,6700000,14/08/2026,#######
Wuse 1,Abuja,duplex,4,3,,yes,no,5500000,17/08/2026,#######
Ikeja GRA,Lagos,penthouse,5,4,593,yes,not stated,8900000,12/08/2026,#######
Apo,Abuja,terrace,5,6,498,no,no,6200000,11/08/2026,#######
Dutse,Abuja,terrace,2,1,145,not stated,yes,3900000,08/08/2026,#######
Ilupeju,Lagos,self-contain,0,1,94,no,no,1400000,15/08/2026,#######
Mabushi,Abuja,penthouse,3,3,645,yes,not stated,5100000,08/08/2026,#######
Ojodu Berger,Lagos,self-contain,0,1,136,no,no,1700000,08/08/2026,#######
Ojodu Berger,Lagos,duplex,2,2,,yes,not stated,2100000,17/08/2026,#######
Ojodu Berger,Lagos,penthouse,3,3,645,not stated,no,4800000,04/08/2026,#######
Festac,Lagos,mansion,2,3,,not stated,not stated,6000000,04/08/2026,#######
Ikeja GRA,Lagos,penthouse,3,4,451,no,yes,8100000,16/08/2026,#######
Ojodu Berger,Lagos,bungalow,2,2,127,no,yes,3100000,18/08/2026,#######
Apo,Abuja,duplex,4,4,,no,no,5100000,16/08/2026,#######
Surulere,Lagos,bungalow,2,1,59,yes,no,2600000,02/08/2026,#######
Wuse 1,Abuja,flat,2,1,59,no,not stated,2100000,03/08/2026,#######
Asokoro,Abuja,self-contain,0,1,111,no,not stated,2000000,18/08/2026,#######
Magodo,Lagos,penthouse,5,5,,not stated,no,9200000,15/08/2026,#######
Yaba,Lagos,terrace,3,3,506,yes,not stated,3500000,11/08/2026,#######
Katampe,Abuja,self-contain,0,1,100,not stated,no,600000,03/08/2026,#######
Opebi,Lagos,penthouse,2,2,48,not stated,not stated,4100000,08/08/2026,#######
Magodo,Lagos,bungalow,2,3,,no,not stated,3900000,07/08/2026,#######
Lokogoma,Abuja,bungalow,1,2,101,not stated,no,2200000,10/08/2026,#######
Guzape,Abuja,terrace,2,2,91,no,not stated,4900000,05/08/2026,#######
Amuwo Odofin,Lagos,mansion,2,3,1065,no,yes,7000000,18/08/2026,#######
Mabushi,Abuja,mansion,5,5,1088,yes,yes,7700000,02/08/2026,#######
Yaba,Lagos,terrace,2,3,,yes,not stated,3500000,15/08/2026,#######
Victoria Island,Lagos,duplex,3,4,,not stated,not stated,6700000,11/08/2026,#######
Katampe,Abuja,duplex,5,4,334,no,no,6000000,05/08/2026,#######
Asokoro,Abuja,penthouse,3,4,318,no,yes,11100000,14/08/2026,#######
Sangotedo,Lagos,self-contain,0,1,,not stated,no,100000,04/08/2026,#######
Sangotedo,Lagos,self-contain,0,1,87,no,yes,1500000,14/08/2026,#######
Lekki Phase 1,Lagos,bungalow,2,3,124,yes,yes,4700000,01/08/2026,#######
Allen,Lagos,duplex,1,1,41,yes,no,3100000,12/08/2026,#######
Lugbe,Abuja,mansion,2,1,,yes,no,5600000,08/08/2026,#######
Guzape,Abuja,mansion,2,1,1168,not stated,yes,11100000,08/08/2026,#######
Maitama,Abuja,duplex,4,3,539,not stated,yes,7700000,10/08/2026,#######
Maryland,Lagos,bungalow,3,2,537,yes,not stated,4400000,11/08/2026,#######
Sangotedo,Lagos,mansion,2,3,1198,no,no,5500000,06/08/2026,#######
Festac,Lagos,self-contain,0,1,,not stated,no,1000000,18/08/2026,#######
Guzape,Abuja,mansion,1,1,698,no,not stated,10900000,06/08/2026,#######
Life Camp,Abuja,mansion,2,3,,not stated,no,6300000,01/08/2026,#######
Ikeja GRA,Lagos,bungalow,4,4,523,no,not stated,5400000,03/08/2026,#######
Ilupeju,Lagos,mansion,3,3,,no,no,7500000,10/08/2026,#######
Lugbe,Abuja,bungalow,3,3,220,no,yes,3600000,05/08/2026,#######
Asokoro,Abuja,mansion,2,2,,not stated,not stated,15200000,10/08/2026,#######
Ojodu Berger,Lagos,duplex,4,3,308,yes,not stated,4300000,12/08/2026,#######
Ikeja,Lagos,flat,2,3,,yes,no,3100000,02/08/2026,#######
Amuwo Odofin,Lagos,terrace,6,6,224,not stated,no,6500000,15/08/2026,#######
Ikeja,Lagos,bungalow,6,6,783,not stated,not stated,5400000,15/08/2026,#######
Lekki Phase 1,Lagos,terrace,4,5,547,yes,not stated,7600000,06/08/2026,#######
Katampe,Abuja,flat,3,2,,not stated,not stated,4400000,17/08/2026,#######
Magodo,Lagos,penthouse,1,2,,yes,yes,7000000,16/08/2026,#######
Apo,Abuja,self-contain,0,1,,no,no,400000,15/08/2026,#######
Asokoro,Abuja,terrace,3,4,,yes,yes,7300000,17/08/2026,#######
Amuwo Odofin,Lagos,penthouse,3,3,,not stated,yes,5300000,09/08/2026,#######
Lekki Phase 2,Lagos,mansion,2,2,685,no,no,6400000,11/08/2026,#######
Lugbe,Abuja,duplex,4,3,,no,not stated,5100000,10/08/2026,#######
Guzape,Abuja,bungalow,3,4,538,not stated,yes,6000000,04/08/2026,#######
Ilupeju,Lagos,mansion,3,2,613,yes,not stated,6000000,15/08/2026,#######
Ikeja GRA,Lagos,flat,3,4,360,yes,not stated,5100000,16/08/2026,#######
Lugbe,Abuja,terrace,1,2,104,not stated,no,2600000,16/08/2026,#######
Gwarinpa,Abuja,flat,1,1,61,no,no,2900000,05/08/2026,#######
Sangotedo,Lagos,penthouse,1,1,,not stated,not stated,4400000,08/08/2026,#######
Dutse,Abuja,mansion,4,4,863,yes,yes,7300000,04/08/2026,#######
Guzape,Abuja,terrace,1,1,107,no,not stated,2800000,10/08/2026,#######
Ilupeju,Lagos,mansion,5,5,,no,yes,8400000,18/08/2026,#######
Maryland,Lagos,bungalow,2,2,46,not stated,no,2900000,01/08/2026,#######
Lekki Phase 2,Lagos,flat,1,1,,no,no,1800000,11/08/2026,#######
Lugbe,Abuja,terrace,3,3,275,no,no,4500000,11/08/2026,#######
Victoria Island,Lagos,flat,2,2,84,no,no,4300000,11/08/2026,#######
Ajah,Lagos,duplex,5,4,,yes,no,6200000,18/08/2026,#######
Mabushi,Abuja,bungalow,4,5,196,yes,yes,4900000,04/08/2026,#######
Life Camp,Abuja,penthouse,6,6,513,not stated,yes,7100000,18/08/2026,#######
Ikeja GRA,Lagos,bungalow,5,5,562,not stated,yes,7100000,10/08/2026,#######
Maitama,Abuja,self-contain,0,1,,not stated,not stated,2200000,07/08/2026,#######
Amuwo Odofin,Lagos,terrace,1,2,82,no,yes,2700000,07/08/2026,#######
Maryland,Lagos,flat,2,3,91,no,no,2500000,06/08/2026,#######
Mabushi,Abuja,self-contain,0,1,46,yes,no,1100000,11/08/2026,#######
Wuse 1,Abuja,self-contain,0,1,,not stated,yes,1600000,06/08/2026,#######
Life Camp,Abuja,mansion,3,3,795,no,not stated,6500000,07/08/2026,#######
Jahi,Abuja,terrace,3,2,704,yes,no,5900000,03/08/2026,#######
Guzape,Abuja,bungalow,3,3,455,yes,no,4400000,01/08/2026,#######
Yaba,Lagos,flat,2,1,,no,yes,2900000,09/08/2026,#######
Ikeja GRA,Lagos,flat,2,2,115,no,yes,4700000,01/08/2026,#######
Lugbe,Abuja,penthouse,3,3,,no,not stated,6100000,11/08/2026,#######
Sangotedo,Lagos,penthouse,3,2,268,yes,not stated,5100000,07/08/2026,#######
Allen,Lagos,flat,4,4,605,yes,yes,5000000,09/08/2026,#######
Dutse,Abuja,flat,4,4,253,no,yes,4600000,09/08/2026,#######
Garki,Abuja,bungalow,2,3,58,not stated,yes,2900000,13/08/2026,#######
Garki,Abuja,penthouse,2,2,,no,yes,4100000,04/08/2026,#######
Apo,Abuja,duplex,3,3,,not stated,not stated,3700000,13/08/2026,#######
Gwarinpa,Abuja,terrace,3,3,685,yes,yes,4800000,16/08/2026,#######
VGC,Lagos,penthouse,2,2,49,yes,no,6200000,06/08/2026,#######
Mabushi,Abuja,duplex,4,5,558,not stated,yes,4400000,01/08/2026,#######
Ikoyi,Lagos,penthouse,1,2,48,not stated,no,8400000,06/08/2026,#######
Lekki Phase 1,Lagos,bungalow,3,3,780,not stated,no,5400000,03/08/2026,#######
Asokoro,Abuja,self-contain,0,1,46,no,not stated,800000,02/08/2026,#######
Wuse 2,Abuja,terrace,2,1,,not stated,no,5800000,01/08/2026,#######
Apo,Abuja,mansion,2,2,972,no,no,6200000,13/08/2026,#######
Garki,Abuja,flat,5,6,,not stated,yes,4900000,09/08/2026,#######
Garki,Abuja,penthouse,6,7,393,no,no,8000000,11/08/2026,#######
Ilupeju,Lagos,mansion,4,3,555,yes,not stated,8500000,01/08/2026,#######
Maitama,Abuja,penthouse,3,4,260,not stated,no,11700000,18/08/2026,#######
Wuse 2,Abuja,mansion,2,1,,not stated,not stated,15700000,06/08/2026,#######
Garki,Abuja,mansion,3,3,,not stated,yes,7200000,16/08/2026,#######
Garki,Abuja,bungalow,3,2,,not stated,no,3500000,16/08/2026,#######
Lugbe,Abuja,self-contain,0,1,,no,not stated,100000,17/08/2026,#######
Gwarinpa,Abuja,mansion,6,7,,yes,not stated,15300000,09/08/2026,#######
Katampe,Abuja,mansion,3,4,,yes,not stated,7800000,01/08/2026,#######
Katampe,Abuja,penthouse,2,3,95,no,yes,5400000,12/08/2026,#######
Ojodu Berger,Lagos,terrace,5,5,503,not stated,not stated,6000000,06/08/2026,#######
Maitama,Abuja,mansion,2,1,729,yes,no,15600000,12/08/2026,#######
Ikeja GRA,Lagos,mansion,4,4,700,not stated,yes,10900000,17/08/2026,#######
Asokoro,Abuja,terrace,3,2,611,no,not stated,7300000,05/08/2026,#######
Lugbe,Abuja,penthouse,5,4,581,yes,yes,7700000,10/08/2026,#######
Life Camp,Abuja,terrace,3,2,,not stated,not stated,4100000,17/08/2026,#######
Dutse,Abuja,penthouse,2,3,41,yes,not stated,5400000,01/08/2026,#######
Asokoro,Abuja,terrace,1,1,61,no,no,5700000,04/08/2026,#######
Wuse 1,Abuja,flat,3,2,,no,yes,4800000,10/08/2026,#######
Lugbe,Abuja,mansion,6,6,,not stated,not stated,9900000,01/08/2026,#######
Wuse 1,Abuja,self-contain,0,1,128,no,not stated,1300000,11/08/2026,#######
Lokogoma,Abuja,bungalow,3,3,632,no,no,3500000,04/08/2026,#######
Ajah,Lagos,bungalow,3,3,787,not stated,no,3400000,14/08/2026,#######
Ikoyi,Lagos,self-contain,0,1,63,yes,yes,1200000,12/08/2026,#######
Sangotedo,Lagos,self-contain,0,1,109,no,no,-100000,15/08/2026,#######
Lekki Phase 2,Lagos,penthouse,3,2,336,no,not stated,6300000,12/08/2026,#######
Apo,Abuja,flat,4,4,298,no,no,5500000,16/08/2026,#######
Life Camp,Abuja,penthouse,3,3,,yes,yes,5600000,12/08/2026,#######
Gbagada,Lagos,bungalow,6,5,,no,not stated,6500000,17/08/2026,#######
Lekki Phase 1,Lagos,duplex,2,1,129,no,no,4300000,13/08/2026,#######
Gwarinpa,Abuja,flat,4,3,607,yes,not stated,6500000,11/08/2026,#######
VGC,Lagos,self-contain,0,1,,no,yes,1800000,02/08/2026,#######
Life Camp,Abuja,duplex,2,3,107,not stated,not stated,3500000,10/08/2026,#######
VGC,Lagos,bungalow,2,1,,not stated,no,3600000,17/08/2026,#######
VGC,Lagos,duplex,6,7,,no,yes,7800000,06/08/2026,#######
Asokoro,Abuja,flat,2,1,,yes,not stated,5800000,01/08/2026,#######
Lokogoma,Abuja,duplex,1,1,,no,yes,2500000,08/08/2026,#######
Lekki Phase 1,Lagos,flat,3,2,,yes,no,6600000,04/08/2026,#######
Ajah,Lagos,mansion,3,3,,yes,yes,6600000,13/08/2026,#######
Asokoro,Abuja,flat,1,2,94,yes,yes,4300000,02/08/2026,#######
VGC,Lagos,terrace,6,5,512,no,not stated,6300000,10/08/2026,#######
Mabushi,Abuja,terrace,5,4,283,yes,yes,5700000,14/08/2026,#######
Mabushi,Abuja,penthouse,2,1,139,not stated,yes,3900000,04/08/2026,#######
Surulere,Lagos,duplex,3,2,235,not stated,no,3500000,17/08/2026,#######
Victoria Island,Lagos,terrace,1,1,77,no,not stated,4300000,09/08/2026,#######
Apo,Abuja,flat,3,2,376,not stated,not stated,3300000,10/08/2026,#######
Apo,Abuja,mansion,3,4,800,yes,not stated,6400000,11/08/2026,#######
Life Camp,Abuja,terrace,5,4,,not stated,no,4900000,01/08/2026,#######
Ojodu Berger,Lagos,flat,3,3,443,not stated,yes,4400000,01/08/2026,#######
Opebi,Lagos,flat,5,5,,yes,not stated,5800000,01/08/2026,#######
Gwarinpa,Abuja,mansion,1,1,521,not stated,no,11000000,07/08/2026,#######
Lekki Phase 2,Lagos,duplex,2,3,59,not stated,not stated,3200000,14/08/2026,#######
Amuwo Odofin,Lagos,bungalow,3,3,768,no,yes,4300000,15/08/2026,#######
Lokogoma,Abuja,bungalow,1,1,40,no,yes,2600000,18/08/2026,#######
Amuwo Odofin,Lagos,bungalow,3,2,182,yes,yes,4700000,06/08/2026,#######
Lekki Phase 2,Lagos,mansion,1,2,745,yes,yes,6200000,10/08/2026,#######
Asokoro,Abuja,mansion,5,4,,no,yes,17600000,02/08/2026,#######
Lugbe,Abuja,terrace,4,5,223,yes,no,3700000,06/08/2026,#######
Lugbe,Abuja,duplex,6,7,,not stated,not stated,6700000,03/08/2026,#######
Lekki Phase 2,Lagos,self-contain,0,1,79,yes,not stated,1300000,12/08/2026,#######
VGC,Lagos,duplex,6,5,504,not stated,no,7600000,09/08/2026,#######
Victoria Island,Lagos,duplex,1,1,48,yes,yes,5100000,18/08/2026,#######
Wuse 2,Abuja,mansion,4,3,902,not stated,no,18400000,09/08/2026,#######
Wuse 1,Abuja,terrace,1,1,149,no,no,3100000,12/08/2026,#######
Ilupeju,Lagos,mansion,5,5,842,yes,yes,9100000,18/08/2026,#######
Lekki Phase 2,Lagos,flat,2,1,148,no,yes,3400000,11/08/2026,#######
Gbagada,Lagos,terrace,4,4,,no,yes,4200000,08/08/2026,#######
Lekki Phase 1,Lagos,penthouse,3,4,619,yes,yes,11200000,06/08/2026,#######
Asokoro,Abuja,self-contain,0,1,,yes,yes,1900000,17/08/2026,#######
Allen,Lagos,bungalow,4,3,488,no,not stated,3800000,14/08/2026,#######
Lekki Phase 1,Lagos,terrace,3,3,658,no,not stated,5400000,05/08/2026,#######
Victoria Island,Lagos,terrace,4,5,,yes,yes,6100000,04/08/2026,#######
Garki,Abuja,penthouse,3,2,,yes,yes,5600000,04/08/2026,#######
Opebi,Lagos,terrace,2,3,48,not stated,yes,2600000,15/08/2026,#######
Garki,Abuja,bungalow,4,3,216,no,not stated,4200000,10/08/2026,#######
Ikeja GRA,Lagos,flat,5,5,571,yes,no,6400000,15/08/2026,#######
Katampe,Abuja,penthouse,6,6,,not stated,no,7400000,09/08/2026,#######
Mabushi,Abuja,terrace,3,2,171,not stated,not stated,3900000,08/08/2026,#######
Guzape,Abuja,terrace,3,2,361,no,not stated,4600000,17/08/2026,#######
Lekki Phase 2,Lagos,bungalow,4,4,686,yes,no,5100000,08/08/2026,#######
Guzape,Abuja,flat,4,4,194,yes,no,6900000,07/08/2026,#######
Guzape,Abuja,mansion,1,1,1047,not stated,not stated,10700000,02/08/2026,#######
Amuwo Odofin,Lagos,mansion,2,1,,no,not stated,6300000,11/08/2026,#######
Ojodu Berger,Lagos,self-contain,0,1,62,not stated,not stated,300000,08/08/2026,#######
Surulere,Lagos,flat,2,1,,yes,no,3400000,03/08/2026,#######
Wuse 2,Abuja,self-contain,0,1,146,not stated,no,1000000,09/08/2026,#######
Gbagada,Lagos,bungalow,2,3,,not stated,yes,4000000,07/08/2026,#######
Sangotedo,Lagos,bungalow,2,2,104,not stated,not stated,2100000,05/08/2026,#######
Victoria Island,Lagos,bungalow,3,2,648,no,not stated,6400000,04/08/2026,#######
Lekki Phase 2,Lagos,mansion,4,4,986,no,no,8600000,18/08/2026,#######
VGC,Lagos,self-contain,0,1,,no,no,1200000,15/08/2026,#######
Ikoyi,Lagos,flat,2,2,,not stated,not stated,4200000,05/08/2026,#######
Maitama,Abuja,terrace,2,2,,no,no,5000000,15/08/2026,#######
Festac,Lagos,bungalow,3,2,465,yes,not stated,4800000,07/08/2026,#######
Dutse,Abuja,duplex,4,3,447,yes,yes,4500000,11/08/2026,#######
Victoria Island,Lagos,bungalow,3,4,673,no,yes,6400000,17/08/2026,#######
Mabushi,Abuja,flat,3,4,535,yes,not stated,4500000,04/08/2026,#######
Amuwo Odofin,Lagos,mansion,5,4,,yes,not stated,7500000,07/08/2026,#######
Guzape,Abuja,duplex,2,2,,no,no,3800000,08/08/2026,#######
Garki,Abuja,bungalow,3,2,,yes,not stated,4100000,03/08/2026,#######
Lokogoma,Abuja,penthouse,2,1,,no,no,4500000,09/08/2026,#######
Ikeja,Lagos,duplex,3,4,524,yes,not stated,2900000,06/08/2026,#######
Amuwo Odofin,Lagos,self-contain,0,1,128,no,yes,1200000,12/08/2026,#######
Ajah,Lagos,penthouse,2,1,,not stated,no,4100000,07/08/2026,#######
Wuse 1,Abuja,flat,5,4,447,yes,yes,4500000,04/08/2026,#######
Maitama,Abuja,mansion,1,1,754,not stated,yes,14600000,10/08/2026,#######
Ilupeju,Lagos,mansion,2,1,667,yes,yes,5700000,02/08/2026,#######
Mabushi,Abuja,duplex,1,1,73,not stated,not stated,3200000,12/08/2026,#######
Ikoyi,Lagos,duplex,2,1,56,no,yes,4400000,18/08/2026,#######
Victoria Island,Lagos,terrace,2,3,50,no,no,5600000,03/08/2026,#######
Guzape,Abuja,penthouse,3,3,,no,not stated,9500000,16/08/2026,#######
Lugbe,Abuja,penthouse,3,3,,not stated,not stated,5900000,04/08/2026,#######
Jahi,Abuja,terrace,1,1,112,no,yes,3700000,05/08/2026,#######
Life Camp,Abuja,bungalow,5,5,,not stated,no,5700000,06/08/2026,#######
Life Camp,Abuja,self-contain,0,1,,no,no,1100000,16/08/2026,#######
Festac,Lagos,self-contain,0,1,,not stated,not stated,500000,10/08/2026,#######
Gwarinpa,Abuja,flat,2,1,99,no,yes,3600000,17/08/2026,#######
Ajah,Lagos,terrace,4,4,445,no,yes,3900000,12/08/2026,#######
Ikoyi,Lagos,penthouse,2,2,147,yes,no,10200000,18/08/2026,#######
Sangotedo,Lagos,duplex,3,4,,not stated,yes,4400000,16/08/2026,#######
Ilupeju,Lagos,duplex,2,2,77,yes,not stated,3300000,12/08/2026,#######
Yaba,Lagos,flat,2,1,121,yes,no,3100000,09/08/2026,#######
Surulere,Lagos,flat,2,3,139,not stated,yes,2100000,08/08/2026,#######
Ikeja,Lagos,terrace,4,4,,no,no,4100000,13/08/2026,#######
Ikoyi,Lagos,terrace,2,1,140,not stated,no,4600000,09/08/2026,#######
Katampe,Abuja,penthouse,1,2,147,not stated,not stated,3400000,13/08/2026,#######
Apo,Abuja,duplex,2,2,57,not stated,not stated,2500000,12/08/2026,#######
Lekki Phase 1,Lagos,penthouse,3,2,449,yes,no,10700000,05/08/2026,#######
Life Camp,Abuja,self-contain,0,1,78,no,not stated,600000,11/08/2026,#######
Mabushi,Abuja,terrace,4,4,,not stated,yes,5600000,16/08/2026,#######
Lokogoma,Abuja,duplex,3,2,729,no,not stated,4300000,18/08/2026,#######
Opebi,Lagos,mansion,2,2,587,not stated,not stated,6300000,13/08/2026,#######
Maitama,Abuja,duplex,5,6,540,no,yes,8500000,07/08/2026,#######
Apo,Abuja,bungalow,4,3,574,yes,yes,4100000,17/08/2026,#######
Ajah,Lagos,penthouse,1,2,,yes,not stated,4000000,09/08/2026,#######
Surulere,Lagos,penthouse,2,1,93,no,no,4300000,15/08/2026,#######
Lekki Phase 1,Lagos,penthouse,1,1,118,not stated,not stated,8500000,13/08/2026,#######
Apo,Abuja,bungalow,2,1,111,yes,no,3200000,09/08/2026,#######
Gwarinpa,Abuja,mansion,4,4,,not stated,not stated,14100000,11/08/2026,#######
Lekki Phase 1,Lagos,self-contain,0,1,107,yes,yes,1400000,03/08/2026,#######
Ajah,Lagos,terrace,3,4,671,yes,no,3500000,07/08/2026,#######
Allen,Lagos,self-contain,0,1,67,not stated,no,1200000,09/08/2026,#######
Lokogoma,Abuja,bungalow,3,3,276,not stated,yes,4400000,18/08/2026,#######
Wuse 1,Abuja,bungalow,3,2,,yes,not stated,3800000,02/08/2026,#######
VGC,Lagos,penthouse,2,3,40,yes,not stated,7300000,09/08/2026,#######
Yaba,Lagos,self-contain,0,1,55,not stated,not stated,400000,05/08/2026,#######
Wuse 1,Abuja,flat,6,5,216,no,yes,6800000,16/08/2026,#######
Amuwo Odofin,Lagos,mansion,2,1,,yes,not stated,5500000,04/08/2026,#######
Festac,Lagos,mansion,4,4,850,no,no,7200000,18/08/2026,#######
Gbagada,Lagos,flat,3,2,277,yes,yes,4200000,17/08/2026,#######
Ikoyi,Lagos,flat,3,4,,yes,no,6400000,06/08/2026,#######
Wuse 1,Abuja,self-contain,0,1,114,yes,not stated,-100000,06/08/2026,#######
Katampe,Abuja,flat,2,2,,no,yes,3500000,07/08/2026,#######
Mabushi,Abuja,penthouse,4,4,271,not stated,yes,6600000,02/08/2026,#######
Lekki Phase 1,Lagos,mansion,4,4,,no,not stated,16100000,06/08/2026,#######
Ilupeju,Lagos,flat,2,2,93,not stated,no,3800000,18/08/2026,#######
Maitama,Abuja,duplex,5,4,586,not stated,not stated,7600000,03/08/2026,#######
Gbagada,Lagos,self-contain,0,1,,not stated,no,1300000,10/08/2026,#######
Lugbe,Abuja,penthouse,5,4,,not stated,yes,7100000,02/08/2026,#######
Ikeja GRA,Lagos,mansion,3,2,,no,no,10600000,05/08/2026,#######
Yaba,Lagos,terrace,3,3,,yes,not stated,3200000,15/08/2026,#######
Allen,Lagos,bungalow,3,3,321,no,no,4300000,18/08/2026,#######
Gbagada,Lagos,bungalow,3,3,709,not stated,not stated,4100000,18/08/2026,#######
Life Camp,Abuja,terrace,3,4,239,yes,yes,3200000,01/08/2026,#######
Apo,Abuja,bungalow,2,1,45,no,not stated,3100000,10/08/2026,#######
Ilupeju,Lagos,self-contain,0,1,89,not stated,not stated,300000,15/08/2026,#######
Jahi,Abuja,bungalow,4,4,696,no,no,5800000,17/08/2026,#######
Life Camp,Abuja,bungalow,3,4,,no,no,3200000,12/08/2026,#######
Lugbe,Abuja,duplex,1,1,63,not stated,yes,1600000,08/08/2026,#######
Garki,Abuja,terrace,2,3,,yes,not stated,3800000,02/08/2026,#######
Wuse 2,Abuja,mansion,3,2,738,no,no,16700000,04/08/2026,#######
Gbagada,Lagos,flat,3,2,707,not stated,not stated,4700000,08/08/2026,#######
Wuse 1,Abuja,flat,2,1,139,not stated,no,3800000,15/08/2026,#######
Maitama,Abuja,bungalow,2,1,,yes,yes,5900000,05/08/2026,#######
Allen,Lagos,flat,6,7,335,not stated,not stated,6300000,08/08/2026,#######
Life Camp,Abuja,bungalow,2,3,141,not stated,not stated,3700000,06/08/2026,#######
Wuse 1,Abuja,mansion,4,4,1060,no,no,8400000,12/08/2026,#######
Amuwo Odofin,Lagos,bungalow,2,1,49,yes,yes,3400000,16/08/2026,#######
Ilupeju,Lagos,self-contain,0,1,148,yes,not stated,1400000,15/08/2026,#######
Ajah,Lagos,duplex,3,4,613,no,no,4100000,03/08/2026,#######
Mabushi,Abuja,bungalow,2,1,52,yes,no,2800000,08/08/2026,#######
Apo,Abuja,penthouse,2,1,46,yes,not stated,4000000,09/08/2026,#######
Maitama,Abuja,self-contain,0,1,,yes,yes,900000,09/08/2026,#######
Sangotedo,Lagos,duplex,2,3,,no,no,2700000,08/08/2026,#######
Lekki Phase 2,Lagos,self-contain,0,1,,no,yes,1700000,02/08/2026,#######
Sangotedo,Lagos,mansion,4,4,1103,not stated,yes,7500000,07/08/2026,#######
Yaba,Lagos,duplex,2,3,111,no,not stated,2300000,07/08/2026,#######
VGC,Lagos,bungalow,5,4,,yes,yes,6300000,02/08/2026,#######
Victoria Island,Lagos,bungalow,5,6,732,no,no,6500000,13/08/2026,#######
Mabushi,Abuja,duplex,3,3,421,yes,no,4700000,14/08/2026,#######
Surulere,Lagos,duplex,6,5,265,no,no,6100000,09/08/2026,#######
Life Camp,Abuja,terrace,3,2,556,not stated,not stated,4300000,04/08/2026,#######
Lokogoma,Abuja,terrace,2,2,67,not stated,not stated,2100000,06/08/2026,#######
Lekki Phase 1,Lagos,mansion,2,2,923,no,yes,13200000,05/08/2026,#######
Wuse 2,Abuja,penthouse,2,3,134,no,yes,10700000,07/08/2026,#######
Katampe,Abuja,mansion,2,1,,yes,not stated,6700000,05/08/2026,#######
Mabushi,Abuja,terrace,4,4,329,yes,no,4600000,01/08/2026,#######
Yaba,Lagos,penthouse,1,2,43,not stated,no,3600000,06/08/2026,#######
Katampe,Abuja,duplex,6,5,,not stated,yes,6300000,04/08/2026,#######
Ikoyi,Lagos,flat,5,5,,not stated,not stated,7400000,13/08/2026,#######
Ilupeju,Lagos,flat,3,2,,not stated,yes,3900000,02/08/2026,#######
Allen,Lagos,bungalow,4,4,,not stated,not stated,3800000,14/08/2026,#######
Opebi,Lagos,duplex,2,2,149,not stated,no,3000000,03/08/2026,#######
Lugbe,Abuja,duplex,3,4,788,yes,yes,3900000,09/08/2026,#######
VGC,Lagos,penthouse,4,5,799,no,no,7900000,03/08/2026,#######
Asokoro,Abuja,duplex,1,1,64,no,not stated,5400000,17/08/2026,#######
Yaba,Lagos,penthouse,1,2,,not stated,not stated,3600000,14/08/2026,#######
Magodo,Lagos,bungalow,2,3,64,no,no,4200000,17/08/2026,#######
Wuse 2,Abuja,terrace,3,4,361,yes,not stated,7200000,09/08/2026,#######
Lekki Phase 2,Lagos,duplex,2,2,121,no,no,2300000,12/08/2026,#######
Maryland,Lagos,bungalow,2,1,59,not stated,not stated,3900000,10/08/2026,#######
Apo,Abuja,flat,2,3,86,not stated,no,2200000,01/08/2026,#######
Allen,Lagos,bungalow,2,2,,yes,not stated,3900000,06/08/2026,#######
Jahi,Abuja,duplex,2,2,122,not stated,not stated,3900000,13/08/2026,#######
Lugbe,Abuja,terrace,2,1,92,no,yes,3100000,13/08/2026,#######
Gwarinpa,Abuja,duplex,3,3,655,yes,yes,5300000,13/08/2026,#######
Allen,Lagos,penthouse,1,1,,not stated,no,4400000,02/08/2026,#######
Life Camp,Abuja,terrace,3,4,686,yes,not stated,2900000,06/08/2026,#######
Sangotedo,Lagos,duplex,1,1,113,not stated,yes,3100000,13/08/2026,#######
Lekki Phase 2,Lagos,terrace,1,1,,not stated,no,1400000,10/08/2026,#######
Surulere,Lagos,bungalow,3,2,321,not stated,yes,3700000,18/08/2026,#######
Lekki Phase 2,Lagos,mansion,4,4,,yes,not stated,7800000,14/08/2026,#######
Maryland,Lagos,duplex,3,4,541,yes,no,3200000,09/08/2026,#######
Ikeja,Lagos,penthouse,4,4,,no,no,7100000,18/08/2026,#######
Yaba,Lagos,terrace,3,2,358,yes,yes,3500000,01/08/2026,#######
Dutse,Abuja,self-contain,0,1,139,yes,not stated,600000,06/08/2026,#######
Dutse,Abuja,mansion,2,3,596,yes,no,5500000,03/08/2026,#######
Mabushi,Abuja,bungalow,2,3,102,not stated,not stated,2900000,08/08/2026,#######
Lokogoma,Abuja,terrace,2,2,91,yes,yes,3900000,03/08/2026,#######
Asokoro,Abuja,flat,2,3,,yes,not stated,5500000,11/08/2026,#######
Jahi,Abuja,duplex,3,2,,no,yes,6300000,01/08/2026,#######
Guzape,Abuja,self-contain,0,1,,yes,no,900000,04/08/2026,#######
Lekki Phase 1,Lagos,mansion,2,2,,yes,yes,14300000,05/08/2026,#######
Wuse 2,Abuja,bungalow,1,1,101,not stated,not stated,4900000,16/08/2026,#######
Maitama,Abuja,penthouse,3,2,,not stated,no,11300000,01/08/2026,#######
Ikeja,Lagos,self-contain,0,1,43,yes,not stated,1500000,17/08/2026,#######
Gbagada,Lagos,bungalow,3,4,433,yes,not stated,4800000,06/08/2026,#######
Lugbe,Abuja,mansion,3,4,,no,no,6600000,15/08/2026,#######
Yaba,Lagos,duplex,5,6,674,yes,no,4600000,18/08/2026,#######
Guzape,Abuja,bungalow,2,2,,no,not stated,3700000,01/08/2026,#######
Ilupeju,Lagos,mansion,4,5,557,not stated,yes,6800000,01/08/2026,#######
Ikeja,Lagos,flat,2,1,55,not stated,yes,3600000,03/08/2026,#######
Ajah,Lagos,mansion,3,4,1032,yes,no,6900000,08/08/2026,#######
Yaba,Lagos,terrace,3,3,,no,yes,4000000,18/08/2026,#######
Wuse 1,Abuja,self-contain,0,1,148,yes,not stated,1200000,13/08/2026,#######
VGC,Lagos,terrace,3,4,546,yes,yes,4600000,17/08/2026,#######
Allen,Lagos,duplex,3,2,,no,no,4700000,05/08/2026,#######
Lugbe,Abuja,bungalow,3,3,,not stated,no,3100000,03/08/2026,#######
Allen,Lagos,duplex,4,4,514,not stated,not stated,4400000,10/08/2026,#######
Maryland,Lagos,flat,2,1,,not stated,not stated,3000000,04/08/2026,#######
Victoria Island,Lagos,mansion,3,2,675,no,not stated,15400000,16/08/2026,#######
Maitama,Abuja,penthouse,6,6,312,no,yes,13600000,14/08/2026,#######
Jahi,Abuja,self-contain,0,1,48,yes,no,1600000,07/08/2026,#######
VGC,Lagos,bungalow,2,1,,no,not stated,4800000,10/08/2026,#######
Guzape,Abuja,bungalow,3,2,713,yes,no,6200000,16/08/2026,#######
Guzape,Abuja,flat,3,4,259,not stated,not stated,5100000,18/08/2026,#######
Gbagada,Lagos,self-contain,0,1,126,no,not stated,1300000,02/08/2026,#######
Jahi,Abuja,mansion,3,2,1022,not stated,not stated,13300000,08/08/2026,#######
Lugbe,Abuja,flat,5,5,386,yes,yes,6300000,10/08/2026,#######
Apo,Abuja,self-contain,0,1,,yes,yes,600000,15/08/2026,#######
Lekki Phase 2,Lagos,bungalow,2,1,,yes,not stated,2800000,18/08/2026,#######
Ikoyi,Lagos,self-contain,0,1,64,not stated,yes,1400000,02/08/2026,#######
Ikeja GRA,Lagos,bungalow,3,4,428,not stated,not stated,5500000,10/08/2026,#######
Amuwo Odofin,Lagos,flat,5,6,589,not stated,no,4500000,07/08/2026,#######
Lugbe,Abuja,self-contain,0,1,,no,not stated,400000,09/08/2026,#######
Gwarinpa,Abuja,self-contain,0,1,94,yes,no,1000000,09/08/2026,#######
Wuse 2,Abuja,penthouse,4,4,776,not stated,not stated,12000000,04/08/2026,#######
Garki,Abuja,bungalow,3,4,,no,no,4800000,18/08/2026,#######
Amuwo Odofin,Lagos,terrace,1,1,,no,not stated,2900000,04/08/2026,#######
Dutse,Abuja,bungalow,2,1,92,not stated,not stated,2400000,15/08/2026,#######
Asokoro,Abuja,duplex,4,4,456,not stated,not stated,7700000,05/08/2026,#######
Ikoyi,Lagos,self-contain,0,1,104,no,not stated,1400000,09/08/2026,#######
Opebi,Lagos,self-contain,0,1,41,yes,not stated,1700000,07/08/2026,#######
Gwarinpa,Abuja,flat,4,4,,yes,no,5200000,08/08/2026,#######
Victoria Island,Lagos,terrace,2,1,,yes,yes,5500000,08/08/2026,#######
Lugbe,Abuja,bungalow,2,1,147,no,not stated,3500000,02/08/2026,#######
Ikeja GRA,Lagos,terrace,3,2,742,no,not stated,4900000,13/08/2026,#######
Yaba,Lagos,duplex,2,2,,yes,yes,2700000,02/08/2026,#######
Sangotedo,Lagos,duplex,4,3,716,no,yes,4900000,03/08/2026,#######
Lokogoma,Abuja,duplex,4,5,667,yes,yes,4200000,01/08/2026,#######
Katampe,Abuja,duplex,2,3,124,yes,yes,3300000,06/08/2026,#######
Amuwo Odofin,Lagos,duplex,3,3,353,no,no,4200000,11/08/2026,#######
Amuwo Odofin,Lagos,terrace,3,3,315,no,not stated,4000000,06/08/2026,#######
Amuwo Odofin,Lagos,duplex,5,4,180,not stated,not stated,5200000,13/08/2026,#######
Yaba,Lagos,mansion,3,4,745,not stated,no,7000000,11/08/2026,#######
Victoria Island,Lagos,flat,2,2,,yes,not stated,4100000,16/08/2026,#######
Garki,Abuja,mansion,2,2,846,not stated,no,5700000,18/08/2026,#######
Jahi,Abuja,duplex,3,2,158,not stated,yes,4900000,11/08/2026,#######
Garki,Abuja,flat,4,5,488,yes,no,5200000,04/08/2026,#######
Ikoyi,Lagos,bungalow,3,2,,no,not stated,5300000,16/08/2026,#######
Ojodu Berger,Lagos,terrace,2,1,59,yes,no,4000000,13/08/2026,#######
Surulere,Lagos,penthouse,1,1,40,yes,yes,3000000,16/08/2026,#######
Katampe,Abuja,penthouse,6,7,599,not stated,yes,7700000,02/08/2026,#######
Life Camp,Abuja,duplex,3,4,,not stated,not stated,3200000,08/08/2026,#######
Lokogoma,Abuja,mansion,5,5,718,no,no,9400000,14/08/2026,#######
Jahi,Abuja,flat,3,2,787,yes,not stated,5200000,03/08/2026,#######
Lekki Phase 1,Lagos,duplex,3,2,633,no,no,6200000,11/08/2026,#######
Maitama,Abuja,mansion,2,1,,yes,yes,15900000,16/08/2026,#######
Ikeja GRA,Lagos,self-contain,0,1,114,no,not stated,400000,17/08/2026,#######
Gwarinpa,Abuja,flat,4,3,159,no,not stated,6900000,09/08/2026,#######
Ikoyi,Lagos,penthouse,2,3,86,not stated,not stated,8900000,04/08/2026,#######
Magodo,Lagos,flat,3,2,311,no,no,4600000,08/08/2026,#######
Dutse,Abuja,penthouse,3,3,663,yes,yes,5800000,16/08/2026,#######
Lekki Phase 1,Lagos,terrace,3,3,442,yes,not stated,4900000,10/08/2026,#######
Dutse,Abuja,self-contain,0,1,72,no,no,1100000,05/08/2026,#######
Lekki Phase 2,Lagos,self-contain,0,1,,no,not stated,1500000,10/08/2026,#######
Amuwo Odofin,Lagos,self-contain,0,1,,not stated,yes,0,04/08/2026,#######
Maryland,Lagos,penthouse,5,4,340,not stated,no,6200000,13/08/2026,#######
Sangotedo,Lagos,bungalow,5,4,536,no,yes,5100000,01/08/2026,#######
Surulere,Lagos,duplex,3,3,642,no,no,3300000,12/08/2026,#######
Allen,Lagos,mansion,2,2,592,yes,no,6000000,14/08/2026,#######
Surulere,Lagos,flat,3,3,276,yes,no,3900000,09/08/2026,#######
Lekki Phase 1,Lagos,mansion,5,5,,no,no,15700000,18/08/2026,#######
Maryland,Lagos,flat,4,5,459,yes,yes,5500000,01/08/2026,#######
Festac,Lagos,bungalow,3,2,,no,yes,3500000,13/08/2026,#######
Jahi,Abuja,terrace,2,1,74,no,no,4000000,15/08/2026,#######
Gbagada,Lagos,mansion,3,4,1177,not stated,no,6400000,01/08/2026,#######
Festac,Lagos,self-contain,0,1,,no,yes,-100000,13/08/2026,#######
Ajah,Lagos,bungalow,2,2,135,no,no,2500000,06/08/2026,#######
Gwarinpa,Abuja,penthouse,3,2,200,no,no,8900000,01/08/2026,#######
Amuwo Odofin,Lagos,flat,3,3,723,yes,yes,4200000,10/08/2026,#######
Maitama,Abuja,terrace,5,6,557,not stated,not stated,8600000,18/08/2026,#######
Guzape,Abuja,flat,4,5,434,yes,not stated,6900000,03/08/2026,#######
Lekki Phase 2,Lagos,penthouse,3,4,,not stated,yes,5900000,18/08/2026,#######
Surulere,Lagos,mansion,5,5,,no,not stated,8300000,04/08/2026,#######
Guzape,Abuja,flat,4,4,,yes,yes,7000000,14/08/2026,#######
Life Camp,Abuja,bungalow,4,5,581,no,no,5200000,15/08/2026,#######
Life Camp,Abuja,terrace,4,4,,yes,not stated,4700000,03/08/2026,#######
Asokoro,Abuja,penthouse,2,2,66,yes,not stated,10500000,10/08/2026,#######
Amuwo Odofin,Lagos,mansion,1,2,555,yes,no,4800000,01/08/2026,#######
Apo,Abuja,mansion,1,1,855,no,no,5000000,04/08/2026,#######
Life Camp,Abuja,penthouse,3,2,478,yes,no,6100000,15/08/2026,#######
Sangotedo,Lagos,mansion,3,4,,yes,yes,7800000,13/08/2026,#######
Gwarinpa,Abuja,duplex,3,3,362,not stated,yes,4400000,10/08/2026,#######
Asokoro,Abuja,bungalow,4,5,220,no,yes,7100000,17/08/2026,#######
Victoria Island,Lagos,terrace,3,3,333,yes,not stated,6600000,02/08/2026,#######
Magodo,Lagos,terrace,2,2,134,no,no,3100000,18/08/2026,#######
Ikeja,Lagos,flat,3,2,452,not stated,not stated,2900000,02/08/2026,#######
Sangotedo,Lagos,flat,3,3,635,yes,no,4200000,04/08/2026,#######
Allen,Lagos,terrace,3,2,604,no,not stated,4100000,03/08/2026,#######
VGC,Lagos,terrace,6,7,298,yes,not stated,7600000,17/08/2026,#######
Surulere,Lagos,duplex,4,4,336,no,yes,4100000,01/08/2026,#######
Victoria Island,Lagos,terrace,3,3,184,no,not stated,6500000,06/08/2026,#######
Wuse 1,Abuja,mansion,2,1,862,not stated,not stated,6000000,15/08/2026,#######
Allen,Lagos,mansion,3,4,527,not stated,not stated,7700000,17/08/2026,#######
Lugbe,Abuja,bungalow,3,3,,not stated,yes,3500000,11/08/2026,#######
Gbagada,Lagos,penthouse,2,1,44,yes,no,4800000,15/08/2026,#######
Yaba,Lagos,mansion,2,3,,not stated,not stated,6100000,02/08/2026,#######
Allen,Lagos,bungalow,2,3,,no,not stated,3400000,13/08/2026,#######
Ilupeju,Lagos,self-contain,0,1,49,no,no,100000,03/08/2026,#######
Surulere,Lagos,terrace,3,2,393,yes,not stated,4300000,05/08/2026,#######
Maitama,Abuja,self-contain,0,1,,yes,yes,1500000,10/08/2026,#######
Guzape,Abuja,mansion,2,2,,yes,no,12500000,09/08/2026,#######
Gwarinpa,Abuja,duplex,2,2,50,no,not stated,4500000,04/08/2026,#######
Surulere,Lagos,penthouse,5,6,453,not stated,not stated,7800000,12/08/2026,#######
Gbagada,Lagos,self-contain,0,1,97,yes,not stated,500000,12/08/2026,#######
Lekki Phase 2,Lagos,flat,1,2,114,no,yes,2100000,17/08/2026,#######
Surulere,Lagos,terrace,3,4,222,no,not stated,4800000,13/08/2026,#######
Life Camp,Abuja,self-contain,0,1,49,not stated,not stated,1100000,01/08/2026,#######
Jahi,Abuja,flat,3,2,760,no,not stated,5900000,17/08/2026,#######
Ikoyi,Lagos,self-contain,0,1,82,no,no,1600000,13/08/2026,#######
Maitama,Abuja,bungalow,3,2,225,not stated,no,5900000,04/08/2026,#######
Magodo,Lagos,duplex,3,3,559,no,not stated,3900000,04/08/2026,#######
Allen,Lagos,flat,1,1,116,no,no,2400000,01/08/2026,#######
Gwarinpa,Abuja,duplex,5,5,163,yes,yes,7400000,04/08/2026,#######
Sangotedo,Lagos,bungalow,5,4,342,yes,not stated,5600000,13/08/2026,#######
Ikeja,Lagos,terrace,1,1,148,not stated,no,1700000,08/08/2026,#######
Amuwo Odofin,Lagos,bungalow,2,2,48,no,yes,2900000,05/08/2026,#######
Dutse,Abuja,penthouse,1,1,149,not stated,not stated,2800000,13/08/2026,#######
Magodo,Lagos,self-contain,0,1,,yes,yes,1700000,17/08/2026,#######
Garki,Abuja,mansion,3,4,1025,no,no,6900000,06/08/2026,#######
Lugbe,Abuja,duplex,3,3,,yes,yes,4800000,13/08/2026,#######
Maryland,Lagos,penthouse,4,4,535,no,no,7100000,15/08/2026,#######
Maryland,Lagos,penthouse,3,4,163,yes,not stated,5300000,12/08/2026,#######
Apo,Abuja,duplex,4,3,653,no,no,4800000,06/08/2026,#######
Ikeja,Lagos,penthouse,4,3,200,no,not stated,5700000,15/08/2026,#######
Lokogoma,Abuja,penthouse,6,6,690,yes,yes,8700000,13/08/2026,#######
Maryland,Lagos,bungalow,2,2,,no,no,2500000,16/08/2026,#######
Garki,Abuja,penthouse,5,6,293,no,no,7500000,09/08/2026,#######
Guzape,Abuja,bungalow,2,2,129,not stated,no,4300000,05/08/2026,#######
Allen,Lagos,mansion,3,3,901,no,yes,7100000,09/08/2026,#######
Lokogoma,Abuja,bungalow,4,3,292,yes,no,5000000,01/08/2026,#######
VGC,Lagos,mansion,3,2,620,no,yes,11500000,04/08/2026,#######
Ojodu Berger,Lagos,duplex,3,2,232,no,not stated,3600000,11/08/2026,#######
Surulere,Lagos,bungalow,5,5,449,not stated,not stated,4900000,04/08/2026,#######
Guzape,Abuja,mansion,3,4,687,yes,not stated,13700000,12/08/2026,#######
Yaba,Lagos,duplex,1,2,127,not stated,yes,2800000,16/08/2026,#######
Amuwo Odofin,Lagos,duplex,3,3,267,not stated,no,4800000,17/08/2026,#######
Ojodu Berger,Lagos,mansion,3,2,1126,no,yes,6600000,07/08/2026,#######
Ajah,Lagos,mansion,4,3,,yes,yes,8500000,18/08/2026,#######
Jahi,Abuja,terrace,5,5,302,no,not stated,6300000,18/08/2026,#######
Guzape,Abuja,self-contain,0,1,129,no,no,1700000,10/08/2026,#######
Dutse,Abuja,duplex,5,6,,yes,yes,6200000,10/08/2026,#######
Ikoyi,Lagos,penthouse,1,2,54,no,not stated,8500000,02/08/2026,#######
Maitama,Abuja,bungalow,3,4,190,no,no,5500000,18/08/2026,#######
Surulere,Lagos,bungalow,2,2,142,yes,not stated,3400000,06/08/2026,#######
Lekki Phase 1,Lagos,mansion,1,1,714,yes,not stated,14000000,09/08/2026,#######
Wuse 2,Abuja,bungalow,1,1,126,not stated,yes,5000000,14/08/2026,#######
Jahi,Abuja,penthouse,3,3,,not stated,yes,10100000,16/08/2026,#######
Wuse 1,Abuja,flat,3,3,576,yes,yes,4800000,12/08/2026,#######
Asokoro,Abuja,duplex,5,4,442,yes,not stated,8200000,10/08/2026,#######
Guzape,Abuja,bungalow,2,3,,yes,yes,5500000,09/08/2026,#######
Ikeja,Lagos,duplex,3,2,,yes,no,4000000,11/08/2026,#######
Garki,Abuja,penthouse,3,3,498,yes,yes,6000000,15/08/2026,#######
Ojodu Berger,Lagos,self-contain,0,1,94,yes,yes,1700000,06/08/2026,#######
Apo,Abuja,terrace,6,7,579,yes,not stated,6800000,08/08/2026,#######
Victoria Island,Lagos,mansion,4,3,,no,no,15000000,16/08/2026,#######
Mabushi,Abuja,self-contain,0,1,119,no,no,600000,15/08/2026,#######
Asokoro,Abuja,penthouse,2,2,,yes,not stated,11100000,09/08/2026,#######
Ojodu Berger,Lagos,flat,3,2,,not stated,yes,4100000,17/08/2026,#######
Gbagada,Lagos,duplex,2,3,,no,yes,3000000,09/08/2026,#######
Lugbe,Abuja,flat,1,2,120,yes,yes,2000000,05/08/2026,#######
VGC,Lagos,penthouse,4,5,,no,yes,8800000,05/08/2026,#######
Lekki Phase 2,Lagos,self-contain,0,1,101,not stated,not stated,300000,08/08/2026,#######
Gwarinpa,Abuja,duplex,5,4,,no,no,6400000,13/08/2026,#######
Wuse 1,Abuja,flat,2,1,,not stated,no,3300000,03/08/2026,#######
Yaba,Lagos,terrace,4,3,,no,yes,3800000,08/08/2026,#######
Asokoro,Abuja,bungalow,4,3,619,not stated,no,6800000,03/08/2026,#######
Victoria Island,Lagos,self-contain,0,1,113,yes,yes,2300000,08/08/2026,#######
Garki,Abuja,terrace,5,5,180,yes,no,5500000,15/08/2026,#######
Allen,Lagos,duplex,2,1,117,not stated,no,3400000,13/08/2026,#######
Maitama,Abuja,self-contain,0,1,139,no,yes,1400000,16/08/2026,#######
Gwarinpa,Abuja,terrace,1,2,,not stated,not stated,4700000,16/08/2026,#######
Wuse 2,Abuja,flat,4,3,512,not stated,not stated,6800000,09/08/2026,#######
Jahi,Abuja,mansion,5,6,515,no,not stated,13600000,02/08/2026,#######
Garki,Abuja,bungalow,4,5,370,yes,yes,5600000,12/08/2026,#######
VGC,Lagos,terrace,3,2,191,yes,yes,4100000,12/08/2026,#######
Victoria Island,Lagos,bungalow,6,7,,yes,yes,8900000,03/08/2026,#######
Ajah,Lagos,flat,3,4,668,no,no,3500000,17/08/2026,#######
Maryland,Lagos,mansion,2,1,605,no,yes,5400000,09/08/2026,#######
Lokogoma,Abuja,terrace,2,3,124,not stated,not stated,3200000,13/08/2026,#######
Garki,Abuja,self-contain,0,1,139,no,yes,1000000,18/08/2026,#######
Allen,Lagos,mansion,4,4,,not stated,not stated,7200000,05/08/2026,#######
Jahi,Abuja,duplex,3,3,,not stated,not stated,4900000,05/08/2026,#######
Asokoro,Abuja,flat,1,1,,not stated,yes,5500000,16/08/2026,#######
Mabushi,Abuja,flat,2,3,97,not stated,no,3100000,07/08/2026,#######
Lokogoma,Abuja,terrace,5,6,339,no,yes,5100000,12/08/2026,#######
Festac,Lagos,self-contain,0,1,65,no,not stated,1100000,15/08/2026,#######
Wuse 1,Abuja,penthouse,2,1,,no,yes,3600000,07/08/2026,#######
Yaba,Lagos,penthouse,1,1,148,not stated,not stated,4700000,05/08/2026,#######
Maitama,Abuja,terrace,3,3,418,no,yes,5900000,09/08/2026,#######
Victoria Island,Lagos,duplex,3,2,691,yes,yes,6300000,10/08/2026,#######
Festac,Lagos,terrace,4,3,395,no,no,4700000,17/08/2026,#######
Gbagada,Lagos,bungalow,3,4,,not stated,no,4700000,04/08/2026,#######
Ikoyi,Lagos,flat,2,2,,yes,not stated,4200000,14/08/2026,#######
Jahi,Abuja,terrace,4,5,374,yes,not stated,6700000,17/08/2026,#######
Lugbe,Abuja,flat,3,4,675,no,not stated,4700000,09/08/2026,#######
Apo,Abuja,terrace,1,1,140,yes,not stated,2300000,06/08/2026,#######
Ikeja GRA,Lagos,flat,3,3,,not stated,yes,3900000,09/08/2026,#######
Ikoyi,Lagos,terrace,2,3,41,not stated,yes,4500000,03/08/2026,#######
Asokoro,Abuja,terrace,3,2,605,no,not stated,5400000,05/08/2026,#######
Victoria Island,Lagos,mansion,4,3,940,not stated,not stated,16000000,11/08/2026,#######
VGC,Lagos,duplex,4,4,749,not stated,no,5000000,07/08/2026,#######
Ojodu Berger,Lagos,flat,3,2,337,yes,not stated,4800000,13/08/2026,#######
Gbagada,Lagos,terrace,1,1,,yes,yes,1400000,08/08/2026,#######
Yaba,Lagos,mansion,2,3,,yes,yes,6400000,11/08/2026,#######
Ilupeju,Lagos,flat,3,4,323,no,yes,4500000,04/08/2026,#######
Wuse 1,Abuja,self-contain,0,1,,yes,yes,500000,03/08/2026,#######
Lekki Phase 1,Lagos,bungalow,3,4,724,not stated,yes,5100000,09/08/2026,#######
Ilupeju,Lagos,flat,5,4,,yes,yes,6100000,05/08/2026,#######
Lokogoma,Abuja,mansion,5,5,690,yes,yes,7900000,12/08/2026,#######
Jahi,Abuja,penthouse,4,3,247,yes,no,9700000,10/08/2026,#######
Ajah,Lagos,self-contain,0,1,,no,no,500000,17/08/2026,#######
Maitama,Abuja,bungalow,1,1,,no,no,5500000,04/08/2026,#######
Dutse,Abuja,duplex,2,2,,not stated,no,3300000,12/08/2026,#######
VGC,Lagos,duplex,5,6,154,not stated,no,6100000,13/08/2026,#######
Guzape,Abuja,terrace,2,2,,yes,no,4500000,13/08/2026,#######
Victoria Island,Lagos,self-contain,0,1,51,yes,not stated,1500000,09/08/2026,#######
Apo,Abuja,flat,1,1,48,not stated,no,2100000,18/08/2026,#######
Yaba,Lagos,self-contain,0,1,,no,not stated,1500000,16/08/2026,#######
Ilupeju,Lagos,flat,4,5,297,no,yes,4200000,08/08/2026,#######
Lugbe,Abuja,penthouse,4,4,446,no,not stated,6500000,08/08/2026,#######
Sangotedo,Lagos,penthouse,6,5,,no,not stated,8000000,03/08/2026,#######
Maitama,Abuja,mansion,3,2,,no,not stated,16200000,03/08/2026,#######
Ikeja GRA,Lagos,penthouse,2,3,,yes,not stated,6800000,14/08/2026,#######
Ojodu Berger,Lagos,self-contain,0,1,70,not stated,no,800000,10/08/2026,#######
Lekki Phase 2,Lagos,mansion,3,2,761,yes,no,7500000,04/08/2026,#######
Amuwo Odofin,Lagos,self-contain,0,1,104,no,not stated,1500000,18/08/2026,#######
Wuse 2,Abuja,penthouse,2,1,,yes,no,11800000,04/08/2026,#######
Guzape,Abuja,bungalow,2,2,114,yes,no,4900000,11/08/2026,#######
Allen,Lagos,penthouse,6,6,707,no,not stated,8400000,02/08/2026,#######
Lekki Phase 2,Lagos,duplex,2,1,136,no,no,3000000,04/08/2026,#######
Lekki Phase 1,Lagos,terrace,5,5,765,yes,yes,7800000,01/08/2026,#######
Maitama,Abuja,terrace,3,2,517,no,not stated,5800000,13/08/2026,#######
Maryland,Lagos,flat,2,1,106,not stated,not stated,2200000,07/08/2026,#######
Lokogoma,Abuja,flat,2,2,,no,no,3200000,13/08/2026,#######
Garki,Abuja,terrace,1,1,61,yes,not stated,2900000,08/08/2026,#######
Lokogoma,Abuja,mansion,3,4,977,not stated,yes,7300000,07/08/2026,#######
Amuwo Odofin,Lagos,terrace,1,1,,yes,no,1400000,12/08/2026,#######
Lokogoma,Abuja,mansion,2,1,946,yes,not stated,6700000,17/08/2026,#######
Victoria Island,Lagos,bungalow,3,3,579,not stated,not stated,5400000,06/08/2026,#######
Apo,Abuja,self-contain,0,1,75,yes,yes,500000,09/08/2026,#######
Maitama,Abuja,penthouse,6,6,372,no,no,14800000,09/08/2026,#######
Apo,Abuja,flat,2,3,,not stated,not stated,3800000,11/08/2026,#######
Ikeja,Lagos,penthouse,2,2,132,yes,not stated,5000000,09/08/2026,#######
Maryland,Lagos,flat,3,2,,not stated,no,3200000,17/08/2026,#######
Opebi,Lagos,penthouse,3,3,788,not stated,not stated,5400000,07/08/2026,#######
Dutse,Abuja,duplex,6,5,258,not stated,no,6800000,01/08/2026,#######
Ikeja,Lagos,duplex,4,3,,yes,no,4700000,12/08/2026,#######
Gwarinpa,Abuja,terrace,3,2,293,yes,not stated,5000000,12/08/2026,#######
VGC,Lagos,mansion,1,2,919,yes,not stated,9700000,06/08/2026,#######
Yaba,Lagos,duplex,2,2,59,not stated,no,3700000,16/08/2026,#######
Ikeja GRA,Lagos,terrace,2,1,91,not stated,not stated,3700000,18/08/2026,#######
Guzape,Abuja,penthouse,1,1,129,no,yes,8400000,15/08/2026,#######
Gbagada,Lagos,flat,4,5,,yes,no,4400000,05/08/2026,#######
Ajah,Lagos,self-contain,0,1,131,yes,not stated,700000,14/08/2026,#######
Guzape,Abuja,mansion,3,4,,yes,yes,12500000,03/08/2026,#######
Guzape,Abuja,flat,2,1,140,no,not stated,4900000,04/08/2026,#######
Katampe,Abuja,penthouse,3,3,685,no,not stated,5400000,12/08/2026,#######
Wuse 2,Abuja,terrace,3,4,,no,no,6300000,09/08/2026,#######
Ikeja GRA,Lagos,flat,2,2,60,yes,no,4800000,07/08/2026,#######
Mabushi,Abuja,bungalow,3,4,375,no,not stated,4400000,09/08/2026,#######
Ajah,Lagos,mansion,2,1,1084,no,yes,6000000,18/08/2026,#######
Guzape,Abuja,self-contain,0,1,90,yes,no,800000,12/08/2026,#######
Katampe,Abuja,penthouse,3,2,513,yes,yes,5600000,04/08/2026,#######
Surulere,Lagos,bungalow,6,5,733,no,not stated,6400000,16/08/2026,#######
Festac,Lagos,bungalow,4,3,162,yes,yes,5400000,08/08/2026,#######
Gwarinpa,Abuja,flat,4,5,351,no,yes,7000000,01/08/2026,#######
Wuse 1,Abuja,flat,6,7,675,not stated,not stated,5700000,14/08/2026,#######
Ajah,Lagos,duplex,2,1,,yes,no,4000000,02/08/2026,#######
Garki,Abuja,mansion,2,2,884,not stated,not stated,5700000,15/08/2026,#######
Life Camp,Abuja,self-contain,0,1,72,no,yes,1500000,15/08/2026,#######
Opebi,Lagos,bungalow,2,3,85,no,not stated,2100000,03/08/2026,#######
Asokoro,Abuja,duplex,3,2,702,not stated,not stated,6000000,08/08/2026,#######
Gwarinpa,Abuja,terrace,2,2,107,not stated,not stated,3700000,14/08/2026,#######
Katampe,Abuja,duplex,3,3,757,no,no,3000000,16/08/2026,#######
Maryland,Lagos,bungalow,4,3,406,not stated,yes,4000000,04/08/2026,#######
Guzape,Abuja,self-contain,0,1,124,not stated,yes,300000,07/08/2026,#######
Guzape,Abuja,flat,2,2,70,yes,not stated,4500000,14/08/2026,#######
Wuse 1,Abuja,penthouse,5,4,422,no,no,6200000,13/08/2026,#######
Wuse 1,Abuja,flat,6,7,428,no,yes,6800000,01/08/2026,#######
Ilupeju,Lagos,bungalow,2,1,,not stated,no,3300000,08/08/2026,#######
Maitama,Abuja,self-contain,0,1,74,not stated,no,700000,10/08/2026,#######
Sangotedo,Lagos,terrace,4,5,466,no,no,4200000,10/08/2026,#######
Dutse,Abuja,flat,5,6,,yes,no,4700000,05/08/2026,#######
Ikeja GRA,Lagos,mansion,3,4,1178,yes,not stated,10300000,11/08/2026,#######
Asokoro,Abuja,terrace,2,3,95,not stated,yes,4700000,16/08/2026,#######
Opebi,Lagos,penthouse,3,2,296,not stated,not stated,5500000,04/08/2026,#######
Opebi,Lagos,duplex,4,3,283,not stated,not stated,4900000,08/08/2026,#######
Mabushi,Abuja,duplex,1,2,125,not stated,not stated,2800000,11/08/2026,#######
Yaba,Lagos,mansion,4,5,,yes,yes,7900000,13/08/2026,#######
Ojodu Berger,Lagos,self-contain,0,1,,not stated,not stated,700000,10/08/2026,#######
Gwarinpa,Abuja,terrace,2,2,132,no,no,4300000,14/08/2026,#######
Garki,Abuja,self-contain,0,1,,no,yes,1200000,01/08/2026,#######
Sangotedo,Lagos,terrace,2,1,41,yes,not stated,3700000,16/08/2026,#######
Allen,Lagos,flat,2,3,124,yes,no,4000000,18/08/2026,#######
Lugbe,Abuja,mansion,3,2,776,yes,no,6800000,11/08/2026,#######
Lokogoma,Abuja,terrace,2,3,133,yes,yes,3200000,06/08/2026,#######
Jahi,Abuja,terrace,2,3,75,no,no,5200000,03/08/2026,#######
Guzape,Abuja,flat,3,4,274,no,yes,4900000,18/08/2026,#######
Wuse 2,Abuja,flat,6,6,426,yes,not stated,8700000,11/08/2026,#######
Lokogoma,Abuja,bungalow,5,5,,yes,yes,6200000,16/08/2026,#######
Festac,Lagos,mansion,2,2,928,yes,yes,6600000,15/08/2026,#######
Mabushi,Abuja,duplex,2,1,,yes,yes,2300000,06/08/2026,#######
Ikoyi,Lagos,flat,3,2,,no,no,5800000,14/08/2026,#######
Asokoro,Abuja,duplex,1,1,,yes,no,4500000,08/08/2026,#######
Maryland,Lagos,mansion,1,2,839,not stated,not stated,5300000,11/08/2026,#######
Magodo,Lagos,mansion,3,2,662,no,not stated,11700000,12/08/2026,#######
Wuse 1,Abuja,terrace,1,1,118,yes,yes,1900000,03/08/2026,#######
Garki,Abuja,mansion,3,2,,not stated,no,6000000,10/08/2026,#######
Guzape,Abuja,mansion,1,2,1101,not stated,no,11200000,08/08/2026,#######
Magodo,Lagos,mansion,2,2,,no,not stated,9400000,11/08/2026,#######
Gbagada,Lagos,penthouse,3,3,,yes,not stated,6200000,07/08/2026,#######
Ilupeju,Lagos,self-contain,0,1,,yes,not stated,1500000,18/08/2026,#######
Lekki Phase 1,Lagos,duplex,5,6,259,no,not stated,7300000,06/08/2026,#######
Apo,Abuja,terrace,2,3,134,no,no,3200000,14/08/2026,#######
Garki,Abuja,penthouse,3,3,,not stated,yes,6300000,18/08/2026,#######
Festac,Lagos,penthouse,6,7,324,yes,yes,8200000,05/08/2026,#######
Wuse 1,Abuja,flat,3,4,224,no,not stated,4800000,04/08/2026,#######
Magodo,Lagos,bungalow,4,3,,no,yes,6100000,07/08/2026,#######
Ajah,Lagos,penthouse,2,1,,not stated,yes,5200000,11/08/2026,#######
Ikeja GRA,Lagos,self-contain,0,1,,no,not stated,2000000,16/08/2026,#######
Apo,Abuja,self-contain,0,1,139,no,not stated,600000,13/08/2026,#######
Sangotedo,Lagos,duplex,6,7,495,yes,not stated,5600000,09/08/2026,#######
Jahi,Abuja,bungalow,2,2,56,no,not stated,4500000,13/08/2026,#######
Opebi,Lagos,mansion,3,2,867,yes,no,6000000,09/08/2026,#######
Gbagada,Lagos,duplex,6,7,768,no,no,6400000,16/08/2026,#######
Ajah,Lagos,mansion,2,1,,not stated,yes,5800000,07/08/2026,#######
Lugbe,Abuja,mansion,6,7,1042,yes,yes,8500000,14/08/2026,#######
Apo,Abuja,self-contain,0,1,133,not stated,not stated,100000,10/08/2026,#######
Amuwo Odofin,Lagos,terrace,3,3,,not stated,yes,3000000,12/08/2026,#######
Maryland,Lagos,penthouse,1,1,73,not stated,yes,3700000,06/08/2026,#######
Katampe,Abuja,flat,2,3,105,not stated,no,3000000,10/08/2026,#######
Mabushi,Abuja,mansion,4,4,717,yes,no,7300000,17/08/2026,#######
Dutse,Abuja,flat,5,5,741,no,not stated,5300000,09/08/2026,#######
Yaba,Lagos,flat,4,3,669,yes,yes,4500000,09/08/2026,#######
Sangotedo,Lagos,duplex,3,4,411,no,yes,4000000,15/08/2026,#######
Lekki Phase 2,Lagos,bungalow,5,4,242,no,not stated,6200000,14/08/2026,#######
Victoria Island,Lagos,mansion,2,3,650,yes,yes,13100000,10/08/2026,#######
Victoria Island,Lagos,duplex,2,1,45,no,yes,5400000,14/08/2026,#######
Gwarinpa,Abuja,penthouse,1,1,129,no,not stated,8100000,07/08/2026,#######
Ojodu Berger,Lagos,terrace,1,1,,not stated,not stated,2700000,03/08/2026,#######
Lugbe,Abuja,bungalow,3,2,,no,not stated,3300000,05/08/2026,#######
Wuse 1,Abuja,bungalow,2,2,60,not stated,not stated,4000000,06/08/2026,#######
Gbagada,Lagos,penthouse,1,1,108,yes,yes,4300000,11/08/2026,#######
Ikeja GRA,Lagos,duplex,3,4,169,not stated,no,4700000,11/08/2026,#######
Ikoyi,Lagos,mansion,5,6,1176,not stated,no,16700000,07/08/2026,#######
Yaba,Lagos,terrace,4,5,,yes,not stated,4300000,08/08/2026,#######
Dutse,Abuja,bungalow,4,3,480,no,no,4900000,16/08/2026,#######
Wuse 1,Abuja,self-contain,0,1,75,not stated,no,-100000,05/08/2026,#######
Sangotedo,Lagos,duplex,1,2,139,yes,no,2600000,09/08/2026,#######
Gbagada,Lagos,bungalow,3,3,607,yes,no,3800000,11/08/2026,#######
Lugbe,Abuja,bungalow,3,3,798,yes,no,3900000,12/08/2026,#######
Katampe,Abuja,flat,5,6,201,yes,not stated,6400000,10/08/2026,#######
Ikeja,Lagos,flat,5,5,,yes,yes,5900000,15/08/2026,#######
Maitama,Abuja,mansion,5,6,,no,no,18100000,07/08/2026,#######
Opebi,Lagos,duplex,3,4,442,yes,yes,4800000,13/08/2026,#######
Surulere,Lagos,terrace,4,3,484,no,yes,4500000,04/08/2026,#######
Wuse 2,Abuja,terrace,4,4,203,no,not stated,6600000,06/08/2026,#######
Surulere,Lagos,self-contain,0,1,148,yes,yes,300000,16/08/2026,#######
Festac,Lagos,duplex,2,1,73,not stated,no,2400000,04/08/2026,#######
Dutse,Abuja,terrace,1,2,111,not stated,yes,1800000,09/08/2026,#######
Apo,Abuja,terrace,2,3,87,yes,no,2800000,13/08/2026,#######
Katampe,Abuja,duplex,3,4,495,not stated,not stated,3400000,03/08/2026,#######
Magodo,Lagos,bungalow,2,2,83,yes,yes,4700000,09/08/2026,#######
Mabushi,Abuja,bungalow,3,2,329,no,yes,4600000,09/08/2026,#######
Guzape,Abuja,penthouse,1,2,107,not stated,no,8100000,03/08/2026,#######
Yaba,Lagos,bungalow,3,3,,not stated,not stated,3300000,04/08/2026,#######
Victoria Island,Lagos,mansion,1,2,1008,yes,not stated,12300000,13/08/2026,#######
Life Camp,Abuja,penthouse,5,5,365,not stated,yes,6400000,11/08/2026,#######
Lokogoma,Abuja,self-contain,0,1,92,yes,yes,100000,02/08/2026,#######
Wuse 2,Abuja,duplex,2,3,138,yes,no,6000000,10/08/2026,#######
Lekki Phase 1,Lagos,bungalow,2,1,81,no,no,6000000,13/08/2026,#######
Wuse 2,Abuja,terrace,3,4,,yes,not stated,6000000,04/08/2026,#######
Jahi,Abuja,mansion,4,4,,yes,not stated,13300000,03/08/2026,#######
Sangotedo,Lagos,mansion,3,4,974,no,not stated,7300000,10/08/2026,#######
Lekki Phase 2,Lagos,penthouse,3,3,324,no,not stated,4400000,17/08/2026,#######
Ikeja GRA,Lagos,terrace,3,4,713,no,not stated,4300000,16/08/2026,#######
Lekki Phase 2,Lagos,mansion,2,3,977,not stated,not stated,6500000,12/08/2026,#######
Opebi,Lagos,self-contain,0,1,104,no,no,1500000,13/08/2026,#######
Ikeja,Lagos,flat,3,4,,yes,yes,3300000,04/08/2026,#######
Amuwo Odofin,Lagos,terrace,1,1,,no,no,1700000,10/08/2026,#######
Jahi,Abuja,flat,4,4,,no,no,5900000,06/08/2026,#######
Ikeja,Lagos,bungalow,4,5,420,no,yes,5300000,10/08/2026,#######
Asokoro,Abuja,flat,2,3,72,no,yes,4800000,17/08/2026,#######
Allen,Lagos,bungalow,2,2,58,not stated,not stated,2900000,03/08/2026,#######
Garki,Abuja,self-contain,0,1,69,not stated,yes,800000,05/08/2026,#######
Maryland,Lagos,penthouse,3,2,337,not stated,not stated,5600000,04/08/2026,#######
Maitama,Abuja,flat,3,3,607,not stated,yes,6000000,17/08/2026,#######
Opebi,Lagos,duplex,2,3,40,not stated,no,3200000,15/08/2026,#######
Lokogoma,Abuja,duplex,2,3,92,no,yes,2800000,08/08/2026,#######
Amuwo Odofin,Lagos,terrace,2,3,105,yes,no,2400000,18/08/2026,#######
Ikeja GRA,Lagos,bungalow,3,2,705,no,not stated,4500000,12/08/2026,#######
Surulere,Lagos,penthouse,3,4,502,not stated,no,4600000,07/08/2026,#######
Jahi,Abuja,bungalow,2,3,59,yes,no,4200000,12/08/2026,#######
Jahi,Abuja,self-contain,0,1,102,yes,yes,300000,17/08/2026,#######
Festac,Lagos,flat,2,2,56,no,no,2400000,09/08/2026,#######
Wuse 1,Abuja,mansion,4,5,650,not stated,not stated,8000000,13/08/2026,#######
Maryland,Lagos,terrace,4,4,425,not stated,not stated,4200000,17/08/2026,#######
Victoria Island,Lagos,flat,5,6,566,no,yes,6500000,18/08/2026,#######
Gbagada,Lagos,self-contain,0,1,42,yes,no,1500000,10/08/2026,#######
Katampe,Abuja,terrace,6,7,383,not stated,no,6700000,08/08/2026,#######
VGC,Lagos,flat,4,4,223,yes,yes,5500000,11/08/2026,#######
Dutse,Abuja,penthouse,2,2,42,no,no,3800000,07/08/2026,#######
Ikeja,Lagos,terrace,1,1,78,yes,no,1400000,16/08/2026,#######
Maitama,Abuja,bungalow,3,3,344,yes,not stated,6500000,16/08/2026,#######
Mabushi,Abuja,penthouse,3,2,222,yes,not stated,5300000,01/08/2026,#######
Yaba,Lagos,duplex,4,5,459,no,yes,5400000,04/08/2026,#######
Ilupeju,Lagos,duplex,2,2,131,yes,no,2400000,14/08/2026,#######
Wuse 1,Abuja,terrace,3,3,305,not stated,not stated,3700000,01/08/2026,#######
VGC,Lagos,penthouse,2,3,,yes,not stated,6400000,13/08/2026,#######
Guzape,Abuja,mansion,4,3,,not stated,no,14400000,16/08/2026,#######
Allen,Lagos,terrace,5,5,713,not stated,no,6000000,06/08/2026,#######
Asokoro,Abuja,bungalow,3,2,720,no,no,7000000,11/08/2026,#######
VGC,Lagos,terrace,3,4,194,not stated,not stated,4500000,17/08/2026,#######
Lekki Phase 2,Lagos,self-contain,0,1,,yes,not stated,800000,12/08/2026,#######
Amuwo Odofin,Lagos,mansion,1,1,513,not stated,not stated,4500000,09/08/2026,#######
Wuse 1,Abuja,flat,3,3,787,yes,no,4600000,07/08/2026,#######
Magodo,Lagos,terrace,1,2,,not stated,yes,3300000,14/08/2026,#######
Maryland,Lagos,terrace,4,5,666,yes,no,3900000,09/08/2026,#######
Wuse 1,Abuja,self-contain,0,1,,not stated,no,1500000,05/08/2026,#######
Ikoyi,Lagos,bungalow,5,6,,not stated,not stated,6800000,16/08/2026,#######
Wuse 2,Abuja,flat,3,3,,no,no,6800000,08/08/2026,#######
Gbagada,Lagos,self-contain,0,1,103,not stated,no,1400000,13/08/2026,#######
Ikoyi,Lagos,flat,2,3,41,not stated,no,6000000,07/08/2026,#######
Guzape,Abuja,flat,2,1,91,no,not stated,5200000,18/08/2026,#######
Wuse 1,Abuja,terrace,5,5,387,not stated,no,4900000,17/08/2026,#######
Wuse 2,Abuja,bungalow,2,1,,not stated,not stated,5700000,17/08/2026,#######
Ojodu Berger,Lagos,self-contain,0,1,128,yes,yes,1600000,12/08/2026,#######
Apo,Abuja,bungalow,2,1,135,not stated,not stated,2100000,07/08/2026,#######
Apo,Abuja,penthouse,5,5,403,no,no,7000000,08/08/2026,#######
Maryland,Lagos,terrace,1,1,42,no,no,1800000,02/08/2026,#######
Magodo,Lagos,flat,4,4,558,not stated,no,5300000,01/08/2026,#######
Katampe,Abuja,flat,2,1,65,not stated,no,3300000,01/08/2026,#######
Katampe,Abuja,self-contain,0,1,81,no,yes,700000,07/08/2026,#######
Allen,Lagos,bungalow,1,2,,yes,not stated,1400000,17/08/2026,#######
Lugbe,Abuja,bungalow,2,1,89,not stated,yes,2800000,03/08/2026,#######
Guzape,Abuja,penthouse,1,1,55,not stated,not stated,7500000,07/08/2026,#######
Jahi,Abuja,duplex,2,1,,no,yes,4400000,10/08/2026,#######
Garki,Abuja,duplex,3,2,253,yes,no,3700000,03/08/2026,#######
Victoria Island,Lagos,self-contain,0,1,91,no,not stated,1900000,10/08/2026,#######
Ilupeju,Lagos,bungalow,4,4,,no,yes,4400000,17/08/2026,#######
Guzape,Abuja,terrace,3,4,622,not stated,not stated,6100000,11/08/2026,#######
Maryland,Lagos,self-contain,0,1,,no,yes,0,12/08/2026,#######
Amuwo Odofin,Lagos,self-contain,0,1,,yes,no,1300000,05/08/2026,#######
Wuse 1,Abuja,penthouse,3,3,,not stated,not stated,5100000,17/08/2026,#######
Ajah,Lagos,terrace,3,4,246,no,not stated,3000000,15/08/2026,#######
VGC,Lagos,flat,1,1,61,not stated,yes,4100000,15/08/2026,#######
Sangotedo,Lagos,mansion,2,2,,yes,yes,5300000,02/08/2026,#######
Magodo,Lagos,bungalow,3,3,474,not stated,not stated,5100000,07/08/2026,#######
Asokoro,Abuja,duplex,4,4,528,not stated,not stated,7300000,14/08/2026,#######
Magodo,Lagos,bungalow,1,1,81,yes,yes,3500000,13/08/2026,#######
Dutse,Abuja,penthouse,3,4,795,yes,not stated,5500000,10/08/2026,#######
Sangotedo,Lagos,self-contain,0,1,69,not stated,not stated,200000,01/08/2026,#######
Mabushi,Abuja,mansion,2,3,,no,no,5700000,06/08/2026,#######
Life Camp,Abuja,duplex,2,3,,no,no,2500000,10/08/2026,#######
Wuse 2,Abuja,mansion,3,4,,not stated,not stated,16000000,02/08/2026,#######
Surulere,Lagos,flat,3,4,,yes,not stated,3200000,01/08/2026,#######
Dutse,Abuja,penthouse,5,6,313,not stated,not stated,7000000,17/08/2026,#######
Garki,Abuja,duplex,3,3,739,yes,not stated,4100000,12/08/2026,#######
Magodo,Lagos,flat,3,4,,no,yes,3900000,09/08/2026,#######
Maitama,Abuja,bungalow,1,1,103,not stated,yes,5000000,15/08/2026,#######
Lekki Phase 2,Lagos,penthouse,3,3,568,no,no,5600000,17/08/2026,#######
Ojodu Berger,Lagos,penthouse,2,2,107,not stated,no,4000000,06/08/2026,#######
Wuse 2,Abuja,self-contain,0,1,88,no,not stated,1100000,10/08/2026,#######
Lugbe,Abuja,terrace,3,2,,not stated,no,3200000,13/08/2026,#######
Maitama,Abuja,flat,4,4,611,no,not stated,7100000,02/08/2026,#######
Lugbe,Abuja,duplex,2,3,136,not stated,not stated,3600000,18/08/2026,#######
Allen,Lagos,flat,5,6,206,yes,no,5100000,04/08/2026,#######
Ikoyi,Lagos,penthouse,3,4,402,no,yes,11300000,11/08/2026,#######
Jahi,Abuja,duplex,4,4,621,not stated,not stated,6000000,12/08/2026,#######
Mabushi,Abuja,mansion,2,1,,yes,not stated,6300000,15/08/2026,#######
Lugbe,Abuja,penthouse,3,3,,no,not stated,6200000,06/08/2026,#######
Lokogoma,Abuja,mansion,3,3,,yes,not stated,6300000,11/08/2026,#######
Opebi,Lagos,duplex,3,3,731,no,not stated,3200000,07/08/2026,#######
Gbagada,Lagos,penthouse,2,3,,no,no,4400000,01/08/2026,#######
Gbagada,Lagos,penthouse,6,6,635,yes,no,7000000,12/08/2026,#######
Magodo,Lagos,bungalow,4,4,,no,not stated,5800000,16/08/2026,#######
Maitama,Abuja,bungalow,3,3,657,no,yes,6000000,07/08/2026,#######
Ikeja,Lagos,mansion,4,3,1060,yes,yes,8200000,12/08/2026,#######
Katampe,Abuja,bungalow,3,4,540,no,yes,3300000,12/08/2026,#######
Lekki Phase 2,Lagos,bungalow,1,1,,not stated,no,1600000,13/08/2026,#######
Guzape,Abuja,self-contain,0,1,52,not stated,not stated,300000,06/08/2026,#######
Lokogoma,Abuja,duplex,3,4,320,no,yes,4800000,03/08/2026,#######
Ilupeju,Lagos,terrace,1,1,51,yes,not stated,1600000,18/08/2026,#######
Gwarinpa,Abuja,terrace,3,4,,not stated,no,6200000,12/08/2026,#######
Lugbe,Abuja,penthouse,2,1,,not stated,no,4000000,01/08/2026,#######
Life Camp,Abuja,bungalow,5,4,264,yes,yes,4600000,02/08/2026,#######
Gbagada,Lagos,flat,5,4,,yes,no,4700000,13/08/2026,#######
VGC,Lagos,duplex,3,3,504,yes,yes,5200000,02/08/2026,#######
Gwarinpa,Abuja,duplex,4,5,684,yes,no,6800000,10/08/2026,#######
Ilupeju,Lagos,mansion,2,3,1084,no,no,6500000,05/08/2026,#######
Maryland,Lagos,terrace,2,2,139,yes,no,2400000,13/08/2026,#######
Mabushi,Abuja,mansion,3,2,749,no,no,6500000,13/08/2026,#######
Sangotedo,Lagos,flat,3,2,160,yes,no,2900000,05/08/2026,#######
Victoria Island,Lagos,penthouse,2,1,75,no,no,9300000,02/08/2026,#######
Jahi,Abuja,penthouse,6,5,,no,yes,11900000,03/08/2026,#######
Amuwo Odofin,Lagos,terrace,2,2,147,yes,yes,3800000,03/08/2026,#######
Ajah,Lagos,duplex,3,3,,no,yes,3900000,08/08/2026,#######
VGC,Lagos,penthouse,4,3,398,not stated,no,8900000,07/08/2026,#######
Maryland,Lagos,mansion,3,2,934,not stated,yes,6700000,17/08/2026,#######
Ikoyi,Lagos,duplex,2,2,78,not stated,yes,5600000,17/08/2026,#######
Katampe,Abuja,bungalow,2,1,104,no,not stated,3000000,07/08/2026,#######
VGC,Lagos,duplex,2,2,56,not stated,yes,5000000,07/08/2026,#######
Garki,Abuja,terrace,4,5,495,yes,not stated,5400000,03/08/2026,#######
Festac,Lagos,duplex,2,3,43,yes,not stated,3900000,18/08/2026,#######
Lokogoma,Abuja,duplex,3,4,290,yes,no,3000000,08/08/2026,#######
Wuse 2,Abuja,self-contain,0,1,123,yes,yes,2500000,03/08/2026,#######
Maryland,Lagos,terrace,3,2,667,not stated,no,3500000,07/08/2026,#######
Festac,Lagos,terrace,3,4,190,yes,no,4700000,12/08/2026,#######
Lugbe,Abuja,self-contain,0,1,99,yes,yes,-100000,16/08/2026,#######
Ikeja,Lagos,flat,3,2,385,no,no,3500000,11/08/2026,#######
Wuse 2,Abuja,flat,1,2,,no,yes,4100000,15/08/2026,#######
Asokoro,Abuja,self-contain,0,1,,not stated,not stated,500000,09/08/2026,#######
Gbagada,Lagos,bungalow,3,3,676,yes,not stated,3900000,17/08/2026,#######
Maitama,Abuja,duplex,2,3,53,not stated,not stated,4600000,12/08/2026,#######
Maitama,Abuja,flat,6,7,476,no,not stated,8700000,04/08/2026,#######
Katampe,Abuja,penthouse,2,3,,no,yes,4200000,08/08/2026,#######
Guzape,Abuja,self-contain,0,1,,not stated,not stated,1400000,02/08/2026,#######
Jahi,Abuja,duplex,2,2,,yes,yes,4900000,05/08/2026,#######
VGC,Lagos,duplex,2,3,,not stated,not stated,3800000,15/08/2026,#######
Gbagada,Lagos,flat,2,1,83,yes,no,2900000,15/08/2026,#######
Allen,Lagos,penthouse,2,1,95,no,no,4100000,06/08/2026,#######
Ojodu Berger,Lagos,penthouse,3,2,237,no,not stated,5300000,05/08/2026,#######
Apo,Abuja,bungalow,4,3,307,no,yes,4000000,02/08/2026,#######
Guzape,Abuja,mansion,4,4,,not stated,not stated,14200000,05/08/2026,#######
Apo,Abuja,self-contain,0,1,108,no,not stated,1400000,06/08/2026,#######
Ikeja GRA,Lagos,flat,4,4,798,yes,no,6300000,05/08/2026,#######
Victoria Island,Lagos,duplex,1,1,68,not stated,no,3500000,11/08/2026,#######
Ikeja,Lagos,duplex,6,6,532,no,not stated,6200000,12/08/2026,#######
Ajah,Lagos,penthouse,4,5,275,yes,no,6000000,12/08/2026,#######
Victoria Island,Lagos,duplex,3,4,370,yes,no,5900000,16/08/2026,#######
Garki,Abuja,terrace,2,3,78,yes,yes,2100000,10/08/2026,#######
Lokogoma,Abuja,terrace,2,2,59,yes,yes,3700000,16/08/2026,#######
Asokoro,Abuja,mansion,2,3,1175,not stated,yes,16000000,06/08/2026,#######
Surulere,Lagos,bungalow,2,3,,no,not stated,3000000,03/08/2026,#######
Maitama,Abuja,terrace,3,4,,no,no,6700000,15/08/2026,#######
Opebi,Lagos,self-contain,0,1,101,no,yes,1100000,18/08/2026,#######
Ikeja GRA,Lagos,penthouse,3,2,338,not stated,no,7000000,09/08/2026,#######
Festac,Lagos,mansion,2,1,,no,no,7000000,14/08/2026,#######
Ilupeju,Lagos,duplex,3,2,276,no,not stated,2900000,13/08/2026,#######
Surulere,Lagos,duplex,5,6,,not stated,not stated,5900000,10/08/2026,#######
Lokogoma,Abuja,self-contain,0,1,106,not stated,no,1300000,08/08/2026,#######
Jahi,Abuja,flat,3,3,,yes,not stated,4600000,11/08/2026,#######
Ilupeju,Lagos,flat,5,6,490,not stated,yes,5600000,17/08/2026,#######
Festac,Lagos,mansion,3,4,1073,yes,yes,6300000,17/08/2026,#######
Lokogoma,Abuja,flat,2,3,,not stated,no,2900000,02/08/2026,#######
Garki,Abuja,mansion,2,1,,yes,no,6900000,16/08/2026,#######
Wuse 1,Abuja,mansion,3,4,,yes,no,6700000,04/08/2026,#######
Gbagada,Lagos,bungalow,4,4,299,no,no,4500000,15/08/2026,#######
Jahi,Abuja,duplex,2,3,,no,not stated,5300000,02/08/2026,#######
Wuse 1,Abuja,penthouse,3,3,303,no,no,5300000,18/08/2026,#######
Guzape,Abuja,penthouse,6,7,499,not stated,yes,11600000,02/08/2026,#######
Wuse 1,Abuja,self-contain,0,1,90,no,not stated,1600000,02/08/2026,#######
Katampe,Abuja,duplex,3,2,733,yes,not stated,3300000,07/08/2026,#######
Guzape,Abuja,duplex,3,3,394,not stated,no,4800000,06/08/2026,#######
Ojodu Berger,Lagos,penthouse,5,5,729,yes,yes,6300000,08/08/2026,#######
Gwarinpa,Abuja,bungalow,2,1,83,yes,yes,4700000,10/08/2026,#######
Amuwo Odofin,Lagos,duplex,3,3,560,yes,yes,4200000,18/08/2026,#######
Jahi,Abuja,flat,2,3,,no,not stated,3800000,12/08/2026,#######
Wuse 1,Abuja,terrace,2,2,62,no,yes,3000000,12/08/2026,#######
Ikeja,Lagos,duplex,1,1,105,not stated,yes,2400000,16/08/2026,#######
Ikoyi,Lagos,self-contain,0,1,148,yes,yes,1500000,07/08/2026,#######
Lekki Phase 1,Lagos,flat,2,2,52,not stated,not stated,4300000,03/08/2026,#######
Ikeja,Lagos,flat,2,2,,no,not stated,3300000,02/08/2026,#######
Ojodu Berger,Lagos,mansion,2,2,,no,not stated,5900000,12/08/2026,#######
Mabushi,Abuja,self-contain,0,1,56,not stated,yes,200000,15/08/2026,#######
VGC,Lagos,mansion,3,4,,no,no,11200000,03/08/2026,#######
Katampe,Abuja,self-contain,0,1,,no,yes,1000000,01/08/2026,#######
Ojodu Berger,Lagos,penthouse,6,5,267,not stated,no,8300000,15/08/2026,#######
Jahi,Abuja,mansion,2,3,642,not stated,no,12400000,11/08/2026,#######
Maitama,Abuja,duplex,1,1,84,no,no,3800000,16/08/2026,#######
Mabushi,Abuja,self-contain,0,1,55,not stated,yes,600000,01/08/2026,#######
Lokogoma,Abuja,flat,2,1,102,no,yes,3900000,02/08/2026,#######
Allen,Lagos,self-contain,0,1,,not stated,not stated,500000,10/08/2026,#######
Asokoro,Abuja,bungalow,2,2,118,yes,not stated,5400000,01/08/2026,#######
Wuse 1,Abuja,bungalow,5,4,,no,yes,5300000,01/08/2026,#######
Allen,Lagos,penthouse,3,2,434,yes,not stated,6000000,09/08/2026,#######
Festac,Lagos,terrace,2,3,,no,no,4000000,03/08/2026,#######
Ojodu Berger,Lagos,mansion,5,6,1102,no,yes,9000000,07/08/2026,#######
Mabushi,Abuja,flat,2,1,,no,yes,3500000,06/08/2026,#######
Apo,Abuja,flat,3,3,288,no,not stated,4800000,02/08/2026,#######
Sangotedo,Lagos,self-contain,0,1,,no,no,1700000,09/08/2026,#######
Lugbe,Abuja,terrace,4,3,455,yes,yes,4400000,10/08/2026,#######
Ikeja GRA,Lagos,penthouse,3,2,469,yes,yes,7100000,15/08/2026,#######
Ikeja,Lagos,duplex,1,2,114,not stated,no,2400000,16/08/2026,#######
Maryland,Lagos,penthouse,3,4,638,not stated,no,5300000,13/08/2026,#######
Yaba,Lagos,terrace,1,2,147,not stated,yes,2700000,13/08/2026,#######
Festac,Lagos,mansion,3,2,955,yes,no,6100000,15/08/2026,#######
Jahi,Abuja,mansion,6,7,1126,not stated,no,15800000,15/08/2026,#######
Jahi,Abuja,mansion,1,1,,not stated,yes,11800000,07/08/2026,#######
Wuse 2,Abuja,flat,2,2,53,not stated,not stated,5400000,03/08/2026,#######
Lekki Phase 2,Lagos,self-contain,0,1,138,not stated,yes,300000,02/08/2026,#######
Surulere,Lagos,flat,2,2,78,not stated,yes,3900000,04/08/2026,#######
Jahi,Abuja,mansion,2,3,1092,yes,no,12400000,18/08/2026,#######
Guzape,Abuja,penthouse,3,3,313,yes,no,9100000,16/08/2026,#######
Maryland,Lagos,terrace,2,1,70,yes,yes,3500000,15/08/2026,#######
Gwarinpa,Abuja,bungalow,1,1,,not stated,not stated,4300000,10/08/2026,#######
Lugbe,Abuja,penthouse,5,4,440,not stated,not stated,7100000,13/08/2026,#######
Ikeja,Lagos,bungalow,2,2,127,no,not stated,3000000,12/08/2026,#######
Lugbe,Abuja,flat,3,3,296,not stated,no,4100000,06/08/2026,#######
Ilupeju,Lagos,duplex,4,3,,yes,yes,4100000,09/08/2026,#######
Allen,Lagos,self-contain,0,1,104,no,no,300000,15/08/2026,#######
Festac,Lagos,self-contain,0,1,143,not stated,yes,1000000,10/08/2026,#######
Dutse,Abuja,flat,4,3,169,not stated,yes,5400000,06/08/2026,#######
Lokogoma,Abuja,duplex,2,1,,not stated,yes,3300000,15/08/2026,#######
Life Camp,Abuja,mansion,4,3,956,not stated,yes,7100000,11/08/2026,#######
Ikoyi,Lagos,terrace,4,3,,not stated,yes,7600000,05/08/2026,#######
Victoria Island,Lagos,duplex,2,1,147,no,yes,5900000,12/08/2026,#######
Ikeja GRA,Lagos,terrace,1,1,,no,yes,2700000,01/08/2026,#######
Wuse 2,Abuja,mansion,3,2,1183,yes,no,16300000,12/08/2026,#######
Garki,Abuja,duplex,2,2,104,no,yes,2500000,13/08/2026,#######
Jahi,Abuja,mansion,3,2,646,no,not stated,12400000,09/08/2026,#######
Mabushi,Abuja,self-contain,0,1,72,not stated,no,0,17/08/2026,#######
Yaba,Lagos,self-contain,0,1,,no,not stated,100000,12/08/2026,#######
Lekki Phase 1,Lagos,flat,3,4,615,yes,no,6800000,02/08/2026,#######
Ikeja GRA,Lagos,penthouse,3,2,267,not stated,yes,8200000,03/08/2026,#######
Life Camp,Abuja,penthouse,3,2,286,no,yes,5800000,10/08/2026,#######
Gbagada,Lagos,flat,1,1,59,yes,yes,1300000,13/08/2026,#######
Katampe,Abuja,flat,3,4,759,not stated,no,4000000,06/08/2026,#######
Festac,Lagos,duplex,2,2,74,yes,yes,2900000,01/08/2026,#######
Jahi,Abuja,self-contain,0,1,90,no,yes,1300000,18/08/2026,#######
Amuwo Odofin,Lagos,self-contain,0,1,,yes,yes,0,03/08/2026,#######
Maitama,Abuja,self-contain,0,1,64,yes,not stated,1200000,08/08/2026,#######
Life Camp,Abuja,penthouse,1,1,101,no,not stated,2900000,01/08/2026,#######
Apo,Abuja,flat,3,4,,no,not stated,3800000,06/08/2026,#######
Jahi,Abuja,mansion,3,4,541,no,yes,11900000,15/08/2026,#######
Ajah,Lagos,self-contain,0,1,,not stated,not stated,1700000,16/08/2026,#######
Sangotedo,Lagos,flat,2,2,148,not stated,no,2100000,06/08/2026,#######
Ikeja GRA,Lagos,penthouse,4,3,240,no,yes,8800000,15/08/2026,#######
Wuse 1,Abuja,terrace,6,6,494,yes,no,6000000,13/08/2026,#######
Guzape,Abuja,flat,1,2,,yes,no,4600000,18/08/2026,#######
Wuse 2,Abuja,flat,3,3,,no,yes,5900000,08/08/2026,#######
Lekki Phase 2,Lagos,flat,3,3,430,no,no,4800000,04/08/2026,#######
Apo,Abuja,bungalow,2,2,,yes,not stated,2600000,01/08/2026,#######
Dutse,Abuja,self-contain,0,1,142,yes,yes,1100000,10/08/2026,#######
Jahi,Abuja,duplex,3,3,418,no,not stated,4900000,10/08/2026,#######
Sangotedo,Lagos,terrace,6,7,576,not stated,yes,6600000,12/08/2026,#######
Magodo,Lagos,terrace,3,2,327,not stated,yes,5800000,05/08/2026,#######
Opebi,Lagos,self-contain,0,1,123,not stated,yes,1000000,17/08/2026,#######
Surulere,Lagos,duplex,2,1,102,yes,yes,2600000,11/08/2026,#######
Ajah,Lagos,terrace,3,3,293,not stated,not stated,3200000,03/08/2026,#######
Gwarinpa,Abuja,mansion,5,6,628,no,no,15300000,16/08/2026,#######
Yaba,Lagos,penthouse,6,6,668,yes,no,7400000,14/08/2026,#######
Ikeja GRA,Lagos,duplex,1,2,67,no,no,2600000,02/08/2026,#######
Garki,Abuja,duplex,3,4,514,not stated,no,4700000,16/08/2026,#######
Ojodu Berger,Lagos,bungalow,5,5,365,yes,yes,5000000,16/08/2026,#######
Asokoro,Abuja,penthouse,6,7,544,yes,no,13800000,18/08/2026,#######
Maitama,Abuja,mansion,5,4,1140,no,not stated,18000000,03/08/2026,#######
Dutse,Abuja,duplex,1,1,,no,no,1700000,08/08/2026,#######
Jahi,Abuja,flat,4,4,,not stated,no,6800000,15/08/2026,#######
Life Camp,Abuja,flat,2,3,53,no,not stated,3300000,11/08/2026,#######
Lokogoma,Abuja,flat,3,4,390,no,not stated,3000000,11/08/2026,#######
Garki,Abuja,duplex,2,1,118,yes,no,3300000,08/08/2026,#######
Jahi,Abuja,penthouse,2,3,,yes,not stated,7600000,06/08/2026,#######
Festac,Lagos,bungalow,2,1,54,not stated,no,3600000,08/08/2026,#######
Apo,Abuja,penthouse,5,4,713,yes,yes,7900000,10/08/2026,#######
Lekki Phase 2,Lagos,flat,1,1,149,not stated,yes,3100000,08/08/2026,#######
Wuse 2,Abuja,mansion,2,3,724,not stated,not stated,16500000,03/08/2026,#######
Lokogoma,Abuja,bungalow,6,5,414,not stated,no,6700000,15/08/2026,#######
Mabushi,Abuja,penthouse,2,2,50,not stated,yes,4700000,13/08/2026,#######
Gbagada,Lagos,duplex,3,4,758,yes,no,4600000,04/08/2026,#######
Lekki Phase 1,Lagos,penthouse,3,2,430,no,yes,10500000,04/08/2026,#######
Ajah,Lagos,bungalow,3,4,,not stated,yes,3200000,06/08/2026,#######
Garki,Abuja,penthouse,2,1,146,yes,no,4600000,04/08/2026,#######
Victoria Island,Lagos,terrace,2,2,121,no,not stated,4500000,01/08/2026,#######
Dutse,Abuja,mansion,4,3,,no,no,8200000,10/08/2026,#######
Gwarinpa,Abuja,bungalow,4,3,309,yes,not stated,5300000,15/08/2026,#######
Wuse 2,Abuja,bungalow,1,1,49,yes,not stated,4900000,10/08/2026,#######
Dutse,Abuja,duplex,6,6,,no,no,5600000,10/08/2026,#######
Surulere,Lagos,mansion,1,1,869,no,not stated,5200000,02/08/2026,#######
Surulere,Lagos,bungalow,4,5,741,not stated,no,5200000,10/08/2026,#######
Ikeja,Lagos,terrace,6,6,356,not stated,yes,6000000,06/08/2026,#######
Lokogoma,Abuja,penthouse,1,1,58,not stated,no,3100000,04/08/2026,#######
Katampe,Abuja,terrace,3,2,707,not stated,no,4000000,07/08/2026,#######
Lekki Phase 2,Lagos,terrace,2,3,,yes,yes,3400000,04/08/2026,#######
Yaba,Lagos,duplex,3,4,766,not stated,not stated,3100000,04/08/2026,#######
Dutse,Abuja,bungalow,2,1,,yes,yes,2800000,01/08/2026,#######
Life Camp,Abuja,flat,3,2,787,yes,no,4800000,08/08/2026,#######
Asokoro,Abuja,penthouse,2,1,131,no,not stated,11600000,17/08/2026,#######
Opebi,Lagos,duplex,3,2,376,not stated,not stated,2900000,17/08/2026,#######
Gbagada,Lagos,self-contain,0,1,145,not stated,not stated,500000,17/08/2026,#######
Mabushi,Abuja,penthouse,2,3,,not stated,yes,3600000,04/08/2026,#######
Garki,Abuja,self-contain,0,1,103,not stated,no,1300000,16/08/2026,#######
Maryland,Lagos,mansion,5,5,1128,yes,not stated,7500000,06/08/2026,#######
Ajah,Lagos,terrace,6,7,279,not stated,no,6000000,04/08/2026,#######
Ikeja GRA,Lagos,mansion,2,1,,no,no,10800000,12/08/2026,#######
Opebi,Lagos,penthouse,3,4,710,yes,not stated,6200000,12/08/2026,#######
Yaba,Lagos,self-contain,0,1,,not stated,no,500000,07/08/2026,#######
Life Camp,Abuja,bungalow,5,5,,yes,no,4600000,03/08/2026,#######
Festac,Lagos,flat,3,2,,yes,not stated,4500000,11/08/2026,#######
Apo,Abuja,self-contain,0,1,62,not stated,not stated,1300000,15/08/2026,#######
VGC,Lagos,mansion,4,3,829,not stated,not stated,11600000,18/08/2026,#######
Ikoyi,Lagos,duplex,1,1,58,no,yes,3300000,11/08/2026,#######
VGC,Lagos,bungalow,2,1,85,yes,yes,4800000,15/08/2026,#######
Lekki Phase 2,Lagos,terrace,2,1,130,no,no,2900000,12/08/2026,#######
Katampe,Abuja,bungalow,3,2,557,yes,no,3700000,12/08/2026,#######
Maryland,Lagos,flat,2,3,60,no,not stated,2700000,08/08/2026,#######
Maryland,Lagos,flat,1,1,,not stated,no,1500000,04/08/2026,#######
Lekki Phase 1,Lagos,penthouse,3,2,,yes,no,10100000,06/08/2026,#######
Gwarinpa,Abuja,duplex,1,2,89,not stated,not stated,4200000,05/08/2026,#######
Garki,Abuja,duplex,3,2,228,no,no,4300000,05/08/2026,#######
Amuwo Odofin,Lagos,duplex,6,5,,no,not stated,6400000,09/08/2026,#######
Wuse 2,Abuja,flat,3,4,653,no,no,5400000,03/08/2026,#######
Apo,Abuja,flat,3,2,615,no,no,4600000,11/08/2026,#######
Wuse 2,Abuja,bungalow,4,3,471,not stated,yes,6900000,12/08/2026,#######
Ilupeju,Lagos,flat,4,5,162,not stated,yes,4300000,04/08/2026,#######
Victoria Island,Lagos,penthouse,3,2,726,no,yes,10500000,11/08/2026,#######
Sangotedo,Lagos,mansion,3,3,,yes,not stated,6500000,01/08/2026,#######
Festac,Lagos,flat,2,1,42,no,yes,3600000,17/08/2026,#######
Lugbe,Abuja,self-contain,0,1,,yes,no,1300000,06/08/2026,#######
Garki,Abuja,self-contain,0,1,47,no,not stated,1600000,04/08/2026,#######
Wuse 1,Abuja,terrace,3,2,542,no,not stated,3400000,04/08/2026,#######
Garki,Abuja,duplex,4,4,,yes,no,5400000,10/08/2026,#######
Mabushi,Abuja,terrace,4,3,379,yes,not stated,5100000,04/08/2026,#######
Wuse 1,Abuja,terrace,4,3,490,yes,no,3900000,12/08/2026,#######
Lekki Phase 2,Lagos,flat,4,4,669,yes,not stated,5100000,08/08/2026,#######
Guzape,Abuja,flat,2,1,,not stated,no,4600000,18/08/2026,#######
Sangotedo,Lagos,bungalow,4,5,378,not stated,not stated,4100000,13/08/2026,#######
Jahi,Abuja,flat,1,1,147,not stated,not stated,3000000,10/08/2026,#######
Allen,Lagos,terrace,3,2,,yes,no,2900000,04/08/2026,#######
Victoria Island,Lagos,flat,3,4,,yes,no,5200000,01/08/2026,#######
Garki,Abuja,bungalow,2,2,,no,yes,3100000,02/08/2026,#######
Magodo,Lagos,duplex,2,1,51,yes,not stated,3400000,09/08/2026,#######
Life Camp,Abuja,penthouse,3,3,587,yes,not stated,5500000,10/08/2026,#######
Opebi,Lagos,terrace,2,3,,no,not stated,2100000,10/08/2026,#######
Amuwo Odofin,Lagos,flat,3,2,535,yes,not stated,4200000,06/08/2026,#######
Ikeja GRA,Lagos,terrace,1,1,90,not stated,not stated,2900000,09/08/2026,#######
Katampe,Abuja,mansion,2,3,1134,no,yes,5200000,17/08/2026,#######
Allen,Lagos,mansion,3,4,1167,yes,not stated,7200000,13/08/2026,#######
Jahi,Abuja,penthouse,3,2,,yes,no,9500000,18/08/2026,#######
Ikeja,Lagos,duplex,3,4,647,not stated,no,4300000,06/08/2026,#######
Yaba,Lagos,flat,2,3,122,no,no,2100000,03/08/2026,#######
Maryland,Lagos,terrace,4,5,377,yes,yes,4000000,05/08/2026,#######
Life Camp,Abuja,duplex,2,3,,no,no,3000000,06/08/2026,#######
Festac,Lagos,flat,2,1,76,yes,yes,4000000,12/08/2026,#######
Guzape,Abuja,flat,3,3,160,yes,no,5700000,15/08/2026,#######
Katampe,Abuja,self-contain,0,1,132,no,no,1600000,04/08/2026,#######
Surulere,Lagos,terrace,2,3,97,no,no,3900000,10/08/2026,#######
Allen,Lagos,bungalow,2,1,129,not stated,not stated,2800000,10/08/2026,#######
Jahi,Abuja,terrace,6,6,192,yes,no,7400000,10/08/2026,#######
Dutse,Abuja,mansion,4,3,1034,yes,yes,8000000,13/08/2026,#######
Victoria Island,Lagos,terrace,3,3,,yes,yes,4900000,07/08/2026,#######
Guzape,Abuja,flat,6,5,565,not stated,yes,7900000,08/08/2026,#######
Katampe,Abuja,mansion,2,2,1005,no,no,6400000,06/08/2026,#######
Mabushi,Abuja,terrace,3,3,269,no,no,3400000,05/08/2026,#######
Gbagada,Lagos,bungalow,3,4,771,not stated,yes,3800000,03/08/2026,#######
Gbagada,Lagos,penthouse,3,2,590,not stated,not stated,6000000,11/08/2026,#######
Wuse 1,Abuja,self-contain,0,1,96,yes,no,1000000,18/08/2026,#######
Allen,Lagos,penthouse,4,4,683,not stated,not stated,6100000,12/08/2026,#######
Life Camp,Abuja,mansion,5,6,896,not stated,no,8900000,10/08/2026,#######
Ajah,Lagos,mansion,3,3,,yes,not stated,6700000,16/08/2026,#######
Lekki Phase 1,Lagos,flat,2,1,81,yes,not stated,4300000,16/08/2026,#######
Garki,Abuja,mansion,1,2,,yes,yes,5200000,02/08/2026,#######
Wuse 1,Abuja,mansion,2,1,1156,not stated,yes,6700000,11/08/2026,#######
Wuse 1,Abuja,mansion,2,3,1060,not stated,no,6700000,14/08/2026,#######
Sangotedo,Lagos,duplex,5,6,,no,not stated,4600000,15/08/2026,#######
Garki,Abuja,penthouse,3,3,,yes,yes,4600000,08/08/2026,#######
Amuwo Odofin,Lagos,bungalow,3,3,312,yes,no,3100000,07/08/2026,#######
VGC,Lagos,terrace,3,2,,no,yes,5100000,07/08/2026,#######
Victoria Island,Lagos,flat,1,2,124,yes,no,3500000,07/08/2026,#######
Apo,Abuja,self-contain,0,1,147,no,no,400000,11/08/2026,#######
Yaba,Lagos,penthouse,3,2,151,not stated,yes,6300000,16/08/2026,#######
Garki,Abuja,duplex,2,1,125,no,not stated,2600000,13/08/2026,#######
Dutse,Abuja,bungalow,2,3,,yes,not stated,2500000,18/08/2026,#######
Maryland,Lagos,duplex,4,4,532,no,yes,5300000,13/08/2026,#######
Apo,Abuja,self-contain,0,1,79,not stated,no,0,03/08/2026,#######
Ojodu Berger,Lagos,mansion,6,5,741,no,yes,9000000,03/08/2026,#######
Lekki Phase 2,Lagos,flat,4,3,186,yes,no,5200000,14/08/2026,#######
Gwarinpa,Abuja,mansion,6,6,,yes,yes,15800000,02/08/2026,#######
Apo,Abuja,terrace,4,4,398,no,yes,3900000,06/08/2026,#######
Asokoro,Abuja,penthouse,3,4,649,no,yes,11700000,04/08/2026,#######
Guzape,Abuja,flat,3,2,365,no,no,5100000,17/08/2026,#######
Garki,Abuja,bungalow,2,1,,no,no,3400000,03/08/2026,#######
Life Camp,Abuja,flat,6,5,,no,yes,6300000,03/08/2026,#######
Garki,Abuja,terrace,3,4,,no,yes,3600000,16/08/2026,#######
Garki,Abuja,duplex,2,1,69,not stated,no,3500000,03/08/2026,#######
Magodo,Lagos,mansion,5,6,1007,yes,yes,11700000,18/08/2026,#######
Lokogoma,Abuja,duplex,4,3,,yes,no,5400000,01/08/2026,#######
Garki,Abuja,flat,5,4,457,not stated,no,5300000,12/08/2026,#######
Gwarinpa,Abuja,bungalow,2,2,139,no,no,3900000,06/08/2026,#######
Maryland,Lagos,mansion,4,4,968,yes,not stated,7400000,01/08/2026,#######
Wuse 2,Abuja,terrace,2,1,46,no,not stated,5400000,17/08/2026,#######
Jahi,Abuja,penthouse,3,4,749,no,not stated,9400000,11/08/2026,#######
Ikeja GRA,Lagos,penthouse,3,3,355,yes,no,7400000,13/08/2026,#######
Wuse 1,Abuja,duplex,2,2,81,no,yes,3300000,17/08/2026,#######
VGC,Lagos,terrace,3,4,586,not stated,not stated,4700000,13/08/2026,#######
Dutse,Abuja,mansion,3,4,510,yes,yes,7500000,05/08/2026,#######
Maryland,Lagos,duplex,2,1,,yes,no,2200000,16/08/2026,#######
Opebi,Lagos,self-contain,0,1,,not stated,not stated,1100000,17/08/2026,#######
Ilupeju,Lagos,self-contain,0,1,99,no,no,0,02/08/2026,#######
Asokoro,Abuja,mansion,3,2,957,not stated,no,16400000,02/08/2026,#######
Ilupeju,Lagos,self-contain,0,1,96,yes,yes,1500000,05/08/2026,#######
Lekki Phase 1,Lagos,duplex,3,4,770,not stated,yes,5700000,08/08/2026,#######
Jahi,Abuja,duplex,2,1,,no,no,4100000,15/08/2026,#######
Maitama,Abuja,duplex,5,6,620,yes,no,7500000,14/08/2026,#######
Life Camp,Abuja,terrace,2,2,,yes,no,2300000,13/08/2026,#######
Ikeja,Lagos,flat,4,4,684,not stated,not stated,5400000,08/08/2026,#######
Opebi,Lagos,mansion,4,5,648,yes,yes,6700000,04/08/2026,#######
Wuse 1,Abuja,self-contain,0,1,50,no,no,1000000,01/08/2026,#######
Lekki Phase 2,Lagos,self-contain,0,1,118,yes,no,300000,07/08/2026,#######
Festac,Lagos,penthouse,3,4,,yes,no,5500000,06/08/2026,#######
Asokoro,Abuja,terrace,4,3,581,no,yes,7700000,02/08/2026,#######
Maryland,Lagos,duplex,2,2,40,not stated,not stated,4000000,07/08/2026,#######
Festac,Lagos,terrace,2,2,48,no,yes,2900000,11/08/2026,#######
Gbagada,Lagos,duplex,4,5,,no,not stated,3900000,18/08/2026,#######
Ikeja GRA,Lagos,self-contain,0,1,148,not stated,yes,900000,11/08/2026,#######
Wuse 1,Abuja,flat,2,2,,no,no,2600000,10/08/2026,#######
Life Camp,Abuja,terrace,2,3,105,no,yes,2200000,06/08/2026,#######
Maryland,Lagos,mansion,3,4,,yes,not stated,6500000,09/08/2026,#######
Maitama,Abuja,mansion,5,6,849,yes,yes,19200000,05/08/2026,#######
Gbagada,Lagos,self-contain,0,1,89,not stated,not stated,1300000,09/08/2026,#######
Allen,Lagos,mansion,1,2,1095,not stated,no,5300000,13/08/2026,#######
Wuse 1,Abuja,bungalow,1,2,104,yes,not stated,1600000,18/08/2026,#######
Lekki Phase 1,Lagos,flat,4,3,210,not stated,not stated,6700000,02/08/2026,#######
Maitama,Abuja,terrace,5,4,,not stated,no,7800000,05/08/2026,#######
Garki,Abuja,self-contain,0,1,,yes,yes,300000,15/08/2026,#######
Wuse 2,Abuja,flat,6,6,725,not stated,yes,9600000,12/08/2026,#######
Mabushi,Abuja,self-contain,0,1,49,not stated,not stated,600000,17/08/2026,#######
Lokogoma,Abuja,mansion,4,4,772,not stated,no,7100000,02/08/2026,#######
Jahi,Abuja,bungalow,3,3,575,no,not stated,4800000,13/08/2026,#######
Apo,Abuja,self-contain,0,1,,yes,not stated,700000,13/08/2026,#######
Lekki Phase 1,Lagos,penthouse,5,4,,no,no,11500000,01/08/2026,#######
Katampe,Abuja,duplex,5,6,546,yes,not stated,6100000,16/08/2026,#######
Amuwo Odofin,Lagos,duplex,3,3,675,no,yes,4000000,18/08/2026,#######
Asokoro,Abuja,flat,5,6,769,yes,yes,7800000,08/08/2026,#######
Wuse 2,Abuja,self-contain,0,1,143,yes,no,600000,17/08/2026,#######
Guzape,Abuja,duplex,3,4,657,yes,not stated,5200000,03/08/2026,#######
Maryland,Lagos,flat,2,3,144,yes,yes,3800000,06/08/2026,#######
Victoria Island,Lagos,terrace,2,2,,no,yes,4900000,04/08/2026,#######
VGC,Lagos,bungalow,4,3,,yes,not stated,5100000,18/08/2026,#######
Ilupeju,Lagos,penthouse,3,4,,not stated,no,5800000,12/08/2026,#######
Lekki Phase 2,Lagos,bungalow,6,5,687,not stated,no,6400000,08/08/2026,#######
Magodo,Lagos,mansion,1,1,1036,yes,no,10100000,18/08/2026,#######
Jahi,Abuja,self-contain,0,1,128,no,yes,700000,02/08/2026,#######
Ikoyi,Lagos,terrace,3,4,,yes,not stated,5000000,08/08/2026,#######
Asokoro,Abuja,terrace,3,3,630,no,not stated,7100000,02/08/2026,#######
Mabushi,Abuja,terrace,3,2,,no,no,4500000,08/08/2026,#######
Ajah,Lagos,duplex,2,1,104,no,not stated,3800000,01/08/2026,#######
Amuwo Odofin,Lagos,penthouse,6,5,,no,yes,6900000,12/08/2026,#######
Mabushi,Abuja,mansion,4,4,559,no,no,7000000,17/08/2026,#######
Lugbe,Abuja,terrace,3,2,246,not stated,yes,3100000,18/08/2026,#######
Festac,Lagos,bungalow,2,1,137,no,no,3100000,10/08/2026,#######
Apo,Abuja,penthouse,3,2,699,yes,yes,4500000,03/08/2026,#######
Garki,Abuja,duplex,3,4,700,yes,no,2900000,12/08/2026,#######
Katampe,Abuja,bungalow,6,6,670,no,not stated,6400000,04/08/2026,#######
Sangotedo,Lagos,terrace,2,3,,yes,no,2900000,10/08/2026,#######
Ojodu Berger,Lagos,duplex,3,4,513,yes,yes,4400000,03/08/2026,#######
Apo,Abuja,self-contain,0,1,142,yes,no,1500000,13/08/2026,#######
Ilupeju,Lagos,penthouse,3,4,191,no,no,4700000,03/08/2026,#######
Maryland,Lagos,terrace,5,4,,no,not stated,6400000,10/08/2026,#######
Opebi,Lagos,mansion,3,4,573,no,yes,6800000,02/08/2026,#######
Lokogoma,Abuja,bungalow,2,1,86,not stated,not stated,2500000,10/08/2026,#######
Jahi,Abuja,flat,5,6,,yes,not stated,7500000,10/08/2026,#######
Gbagada,Lagos,bungalow,2,3,115,no,not stated,3800000,06/08/2026,#######
Katampe,Abuja,bungalow,4,4,535,no,no,4600000,11/08/2026,#######
Allen,Lagos,terrace,3,4,353,no,yes,4500000,17/08/2026,#######
Life Camp,Abuja,terrace,3,4,360,yes,yes,4600000,04/08/2026,#######
Garki,Abuja,duplex,2,2,141,yes,yes,4000000,08/08/2026,#######
Ajah,Lagos,self-contain,0,1,94,no,not stated,1200000,17/08/2026,#######
Lekki Phase 2,Lagos,mansion,3,4,,yes,not stated,7300000,06/08/2026,#######
Jahi,Abuja,mansion,3,3,965,not stated,not stated,13300000,01/08/2026,#######
Opebi,Lagos,terrace,3,4,370,yes,no,4700000,04/08/2026,#######
Guzape,Abuja,flat,3,2,520,no,not stated,5300000,14/08/2026,#######
Ikeja,Lagos,penthouse,3,3,,no,not stated,5700000,15/08/2026,#######
Wuse 1,Abuja,mansion,4,3,931,no,not stated,7200000,15/08/2026,#######
Wuse 1,Abuja,penthouse,4,3,670,not stated,not stated,6000000,17/08/2026,#######
Wuse 1,Abuja,self-contain,0,1,139,yes,no,200000,02/08/2026,#######
Gbagada,Lagos,terrace,2,3,80,yes,yes,2200000,01/08/2026,#######
Festac,Lagos,penthouse,2,3,,no,no,5200000,08/08/2026,#######
Ajah,Lagos,bungalow,1,2,40,no,no,1400000,12/08/2026,#######
Opebi,Lagos,mansion,4,5,627,no,yes,7200000,10/08/2026,#######
Gwarinpa,Abuja,mansion,3,4,618,yes,not stated,13700000,17/08/2026,#######
Lekki Phase 2,Lagos,mansion,3,2,757,not stated,not stated,7500000,14/08/2026,#######
Dutse,Abuja,penthouse,3,4,,not stated,not stated,4600000,08/08/2026,#######
Lugbe,Abuja,terrace,3,3,456,no,yes,3700000,15/08/2026,#######
Maryland,Lagos,mansion,2,2,680,not stated,yes,7000000,14/08/2026,#######
Guzape,Abuja,mansion,3,3,,not stated,not stated,13200000,14/08/2026,#######
Festac,Lagos,terrace,2,1,,not stated,not stated,3800000,13/08/2026,#######
Jahi,Abuja,self-contain,0,1,94,not stated,no,500000,02/08/2026,#######
Wuse 1,Abuja,bungalow,3,2,365,not stated,not stated,4500000,10/08/2026,#######
Life Camp,Abuja,terrace,3,3,779,not stated,no,3500000,14/08/2026,#######
Dutse,Abuja,duplex,5,5,338,not stated,no,5500000,06/08/2026,#######
Yaba,Lagos,mansion,3,4,931,not stated,yes,7000000,02/08/2026,#######
Guzape,Abuja,terrace,2,1,88,yes,not stated,4800000,07/08/2026,#######
Mabushi,Abuja,flat,2,2,48,no,yes,4000000,02/08/2026,#######
Guzape,Abuja,duplex,3,4,275,not stated,yes,4800000,03/08/2026,#######
Lugbe,Abuja,flat,4,4,510,no,no,5500000,16/08/2026,#######
Mabushi,Abuja,flat,1,1,121,not stated,yes,2300000,06/08/2026,#######
Katampe,Abuja,mansion,3,3,980,no,yes,6500000,06/08/2026,#######
Dutse,Abuja,mansion,5,5,,yes,not stated,8600000,04/08/2026,#######
Apo,Abuja,bungalow,2,1,126,yes,no,3400000,18/08/2026,#######
VGC,Lagos,duplex,1,2,87,no,no,2400000,11/08/2026,#######
Life Camp,Abuja,flat,2,1,111,yes,yes,4000000,08/08/2026,#######
Mabushi,Abuja,mansion,6,7,575,no,yes,8600000,12/08/2026,#######
Maitama,Abuja,terrace,6,5,183,not stated,yes,9300000,17/08/2026,#######
VGC,Lagos,mansion,3,2,,yes,not stated,11400000,09/08/2026,#######
Maryland,Lagos,bungalow,1,1,55,not stated,yes,1900000,13/08/2026,#######
Ojodu Berger,Lagos,self-contain,0,1,124,yes,not stated,100000,11/08/2026,#######
Ajah,Lagos,self-contain,0,1,46,no,yes,600000,12/08/2026,#######
Asokoro,Abuja,terrace,2,3,109,yes,no,5500000,17/08/2026,#######
Lekki Phase 2,Lagos,penthouse,3,3,469,no,yes,4800000,09/08/2026,#######
Maryland,Lagos,flat,2,1,80,not stated,no,4000000,07/08/2026,#######
VGC,Lagos,duplex,2,2,89,not stated,yes,4400000,10/08/2026,#######
Lekki Phase 2,Lagos,flat,6,6,306,not stated,yes,6400000,14/08/2026,#######
Garki,Abuja,bungalow,2,2,120,not stated,yes,4000000,17/08/2026,#######
Magodo,Lagos,bungalow,3,4,163,not stated,not stated,5000000,10/08/2026,#######
Dutse,Abuja,duplex,2,1,117,no,no,2900000,01/08/2026,#######
Ojodu Berger,Lagos,terrace,3,2,366,no,no,4200000,13/08/2026,#######
VGC,Lagos,penthouse,3,2,,no,not stated,8500000,07/08/2026,#######
Festac,Lagos,terrace,6,5,466,yes,no,5500000,05/08/2026,#######
Jahi,Abuja,duplex,6,5,643,yes,no,8400000,11/08/2026,#######
Victoria Island,Lagos,bungalow,2,1,84,not stated,no,4800000,02/08/2026,#######
Ikeja GRA,Lagos,self-contain,0,1,132,not stated,yes,1900000,15/08/2026,#######
Asokoro,Abuja,penthouse,3,4,,yes,no,11600000,13/08/2026,#######
Life Camp,Abuja,self-contain,0,1,54,not stated,no,200000,09/08/2026,#######
Wuse 2,Abuja,bungalow,3,3,624,no,yes,6200000,14/08/2026,#######
Wuse 1,Abuja,duplex,4,4,,not stated,yes,4500000,17/08/2026,#######
Jahi,Abuja,penthouse,5,4,288,no,yes,10800000,13/08/2026,#######
Sangotedo,Lagos,bungalow,4,4,,no,yes,4600000,02/08/2026,#######
Katampe,Abuja,flat,5,4,,no,yes,4800000,01/08/2026,#######
VGC,Lagos,terrace,2,2,132,no,yes,4300000,06/08/2026,#######
Lokogoma,Abuja,mansion,3,4,724,no,yes,7800000,08/08/2026,#######
Festac,Lagos,flat,2,1,,yes,not stated,3000000,14/08/2026,#######
Ikoyi,Lagos,terrace,4,5,631,no,no,7600000,11/08/2026,#######
Mabushi,Abuja,bungalow,4,5,395,yes,no,3800000,10/08/2026,#######
Mabushi,Abuja,mansion,2,1,,no,no,5800000,16/08/2026,#######
Dutse,Abuja,duplex,2,1,145,no,yes,3200000,03/08/2026,#######
Ikeja GRA,Lagos,duplex,3,4,516,no,yes,3900000,05/08/2026,#######
Gwarinpa,Abuja,penthouse,1,1,78,yes,yes,7600000,14/08/2026,#######
Apo,Abuja,mansion,3,4,1121,yes,not stated,7400000,04/08/2026,#######
Gbagada,Lagos,bungalow,3,4,673,yes,not stated,3800000,18/08/2026,#######
Opebi,Lagos,duplex,4,3,165,yes,yes,3900000,14/08/2026,#######
Jahi,Abuja,mansion,3,3,723,yes,yes,13800000,03/08/2026,#######
Ikeja,Lagos,flat,3,2,,not stated,not stated,4500000,02/08/2026,#######
Magodo,Lagos,duplex,4,3,715,not stated,yes,4800000,05/08/2026,#######
Apo,Abuja,flat,3,4,627,no,yes,3800000,13/08/2026,#######
Apo,Abuja,terrace,2,3,,yes,no,2400000,03/08/2026,#######
Life Camp,Abuja,terrace,4,3,571,yes,no,4500000,10/08/2026,#######
Apo,Abuja,penthouse,3,2,641,yes,yes,5200000,11/08/2026,#######
Mabushi,Abuja,duplex,3,2,,no,yes,4300000,12/08/2026,#######
Victoria Island,Lagos,terrace,3,4,,yes,no,6700000,05/08/2026,#######
Apo,Abuja,self-contain,0,1,,not stated,no,1400000,08/08/2026,#######
Maitama,Abuja,penthouse,3,4,724,no,yes,12000000,01/08/2026,#######
Wuse 1,Abuja,duplex,3,3,482,yes,no,4500000,04/08/2026,#######
Mabushi,Abuja,mansion,5,4,,yes,not stated,8300000,11/08/2026,#######
Gwarinpa,Abuja,self-contain,0,1,115,not stated,no,2100000,08/08/2026,#######
Apo,Abuja,duplex,2,1,137,no,no,3000000,14/08/2026,#######
Guzape,Abuja,self-contain,0,1,119,no,not stated,1800000,07/08/2026,#######
Life Camp,Abuja,terrace,6,7,171,no,not stated,6000000,18/08/2026,#######
Dutse,Abuja,self-contain,0,1,137,no,yes,1200000,02/08/2026,#######
Victoria Island,Lagos,penthouse,3,2,216,not stated,yes,11100000,11/08/2026,#######
Lekki Phase 2,Lagos,self-contain,0,1,45,not stated,not stated,1100000,14/08/2026,#######
Mabushi,Abuja,terrace,3,4,,yes,no,3700000,13/08/2026,#######
Allen,Lagos,penthouse,2,3,,not stated,no,4900000,13/08/2026,#######
Katampe,Abuja,bungalow,3,4,,no,no,4700000,04/08/2026,#######
Jahi,Abuja,duplex,3,4,585,not stated,not stated,5400000,12/08/2026,#######
Jahi,Abuja,penthouse,2,2,106,yes,no,8800000,01/08/2026,#######
Maitama,Abuja,mansion,2,3,746,no,not stated,16800000,04/08/2026,#######
Katampe,Abuja,duplex,5,6,264,not stated,not stated,6200000,05/08/2026,#######
Ajah,Lagos,mansion,6,7,,not stated,not stated,9200000,17/08/2026,#######
Jahi,Abuja,flat,2,3,74,not stated,yes,4100000,03/08/2026,#######
Guzape,Abuja,mansion,2,3,614,yes,no,12400000,07/08/2026,#######
Ilupeju,Lagos,terrace,5,4,514,no,yes,5200000,04/08/2026,#######
Dutse,Abuja,terrace,5,5,350,no,yes,5100000,13/08/2026,#######
Guzape,Abuja,bungalow,2,3,,no,yes,5100000,01/08/2026,#######
VGC,Lagos,flat,1,2,41,not stated,yes,3600000,14/08/2026,#######
Lugbe,Abuja,mansion,3,3,,yes,not stated,7200000,13/08/2026,#######
Wuse 1,Abuja,flat,5,6,314,yes,not stated,5700000,15/08/2026,#######
Ojodu Berger,Lagos,mansion,2,1,,yes,no,6800000,08/08/2026,#######
Mabushi,Abuja,bungalow,3,3,196,not stated,no,3400000,15/08/2026,#######
Jahi,Abuja,terrace,6,7,,not stated,yes,8400000,15/08/2026,#######
Ikeja GRA,Lagos,duplex,5,6,,no,yes,6500000,04/08/2026,#######
Life Camp,Abuja,penthouse,4,5,,not stated,yes,6100000,01/08/2026,#######
Maitama,Abuja,duplex,2,3,140,yes,not stated,5400000,12/08/2026,#######
Ojodu Berger,Lagos,self-contain,0,1,139,yes,yes,1700000,17/08/2026,#######
Apo,Abuja,penthouse,2,3,47,no,yes,5300000,06/08/2026,#######
Gbagada,Lagos,mansion,3,4,946,not stated,not stated,6700000,13/08/2026,#######
Asokoro,Abuja,mansion,3,2,529,not stated,yes,17600000,14/08/2026,#######
Wuse 2,Abuja,flat,3,4,476,not stated,not stated,7000000,07/08/2026,#######
Victoria Island,Lagos,duplex,3,3,,no,yes,6000000,06/08/2026,#######
Magodo,Lagos,flat,4,3,,yes,not stated,5300000,03/08/2026,#######
Ajah,Lagos,mansion,2,1,,no,no,5900000,17/08/2026,#######
Surulere,Lagos,penthouse,3,4,383,not stated,no,4400000,10/08/2026,#######
Festac,Lagos,penthouse,5,5,571,not stated,not stated,6300000,01/08/2026,#######
Katampe,Abuja,bungalow,6,6,,not stated,no,7100000,01/08/2026,#######
Festac,Lagos,mansion,4,4,509,not stated,yes,7300000,12/08/2026,#######
Lokogoma,Abuja,duplex,3,3,784,yes,no,4000000,15/08/2026,#######
Lekki Phase 2,Lagos,penthouse,2,3,100,yes,no,4400000,13/08/2026,#######
Lugbe,Abuja,duplex,2,1,,yes,yes,3800000,09/08/2026,#######
Lekki Phase 1,Lagos,penthouse,6,5,427,no,yes,13200000,06/08/2026,#######
Ojodu Berger,Lagos,self-contain,0,1,89,yes,not stated,-100000,03/08/2026,#######
Allen,Lagos,bungalow,2,2,127,not stated,no,3700000,11/08/2026,#######
Maitama,Abuja,mansion,3,2,898,yes,no,16600000,17/08/2026,#######
Allen,Lagos,terrace,1,1,113,yes,yes,2200000,04/08/2026,#######
Apo,Abuja,self-contain,0,1,70,no,no,500000,06/08/2026,#######
Katampe,Abuja,terrace,4,5,678,no,not stated,3700000,13/08/2026,#######
Garki,Abuja,duplex,4,5,,yes,no,4400000,06/08/2026,#######
Yaba,Lagos,duplex,4,5,,no,not stated,5600000,14/08/2026,#######
Magodo,Lagos,self-contain,0,1,80,yes,yes,1200000,01/08/2026,#######
Ajah,Lagos,mansion,3,2,1028,not stated,not stated,7000000,07/08/2026,#######
Gbagada,Lagos,bungalow,3,4,210,not stated,not stated,4000000,06/08/2026,#######
Mabushi,Abuja,bungalow,5,5,,yes,yes,5300000,14/08/2026,#######
Ikeja GRA,Lagos,mansion,1,2,865,yes,not stated,9500000,05/08/2026,#######
Life Camp,Abuja,penthouse,5,5,767,yes,not stated,6400000,03/08/2026,#######
Wuse 2,Abuja,bungalow,2,3,,yes,yes,4600000,04/08/2026,#######
Life Camp,Abuja,penthouse,4,3,325,yes,not stated,5300000,16/08/2026,#######
Asokoro,Abuja,flat,4,4,480,no,not stated,7300000,14/08/2026,#######
Dutse,Abuja,bungalow,5,5,,yes,not stated,5500000,03/08/2026,#######
Life Camp,Abuja,flat,3,2,755,yes,no,3200000,17/08/2026,#######
Ikoyi,Lagos,penthouse,3,4,,yes,not stated,10300000,09/08/2026,#######
Mabushi,Abuja,terrace,3,3,,not stated,yes,3200000,14/08/2026,#######
Katampe,Abuja,self-contain,0,1,,no,yes,0,10/08/2026,#######
Ikeja GRA,Lagos,terrace,3,3,495,no,not stated,4400000,03/08/2026,#######
Guzape,Abuja,terrace,3,3,,yes,no,5700000,06/08/2026,#######
Katampe,Abuja,penthouse,2,2,60,not stated,no,5000000,15/08/2026,#######
Ikoyi,Lagos,bungalow,2,3,,yes,no,5500000,02/08/2026,#######
Allen,Lagos,mansion,3,2,,no,no,7100000,18/08/2026,#######
Magodo,Lagos,bungalow,3,2,696,no,no,4500000,16/08/2026,#######
Ikoyi,Lagos,self-contain,0,1,147,no,no,1900000,03/08/2026,#######
Lokogoma,Abuja,mansion,4,3,607,not stated,no,7300000,09/08/2026,#######
Wuse 2,Abuja,mansion,3,2,,no,not stated,17700000,09/08/2026,#######
Mabushi,Abuja,duplex,2,2,43,not stated,yes,4000000,05/08/2026,#######
VGC,Lagos,terrace,2,3,73,not stated,not stated,4700000,01/08/2026,#######
Guzape,Abuja,terrace,3,2,512,not stated,no,5300000,13/08/2026,#######
Amuwo Odofin,Lagos,bungalow,2,3,95,no,yes,3200000,12/08/2026,#######
Wuse 1,Abuja,mansion,4,5,697,yes,not stated,7100000,16/08/2026,#######
Apo,Abuja,flat,4,3,614,no,no,4600000,12/08/2026,#######
Magodo,Lagos,flat,2,2,149,not stated,yes,4600000,13/08/2026,#######
Asokoro,Abuja,penthouse,3,4,,yes,no,11400000,02/08/2026,#######
VGC,Lagos,terrace,4,3,,no,no,6200000,14/08/2026,#######
VGC,Lagos,flat,4,5,608,yes,not stated,6400000,03/08/2026,#######
Maryland,Lagos,mansion,5,6,1074,no,no,9200000,16/08/2026,#######
Amuwo Odofin,Lagos,bungalow,6,5,799,yes,yes,6500000,05/08/2026,#######
Ajah,Lagos,bungalow,3,4,568,yes,not stated,4500000,09/08/2026,#######
Maitama,Abuja,flat,3,3,654,not stated,no,6700000,17/08/2026,#######
Amuwo Odofin,Lagos,bungalow,1,2,,no,yes,3200000,05/08/2026,#######
Opebi,Lagos,terrace,4,3,386,yes,not stated,4800000,04/08/2026,#######
Ikeja,Lagos,duplex,3,3,767,no,not stated,3800000,06/08/2026,#######
Katampe,Abuja,self-contain,0,1,102,no,no,400000,12/08/2026,#######
Festac,Lagos,duplex,1,1,,not stated,not stated,1600000,11/08/2026,#######
Maitama,Abuja,self-contain,0,1,67,no,yes,700000,12/08/2026,#######
Wuse 1,Abuja,bungalow,3,2,332,yes,not stated,3600000,04/08/2026,#######
Apo,Abuja,duplex,3,4,,not stated,yes,3000000,15/08/2026,#######
Jahi,Abuja,flat,2,3,132,not stated,not stated,5200000,15/08/2026,#######
Maitama,Abuja,duplex,2,1,48,yes,no,5100000,09/08/2026,#######
Lekki Phase 1,Lagos,flat,1,2,91,no,no,4200000,11/08/2026,#######
Ajah,Lagos,duplex,4,4,,no,not stated,4200000,01/08/2026,#######
Yaba,Lagos,bungalow,2,2,132,yes,no,3200000,04/08/2026,#######
Dutse,Abuja,mansion,2,3,515,no,not stated,6300000,16/08/2026,#######
Guzape,Abuja,duplex,5,6,599,not stated,yes,6400000,01/08/2026,#######
Ikeja GRA,Lagos,self-contain,0,1,,not stated,not stated,200000,13/08/2026,#######
Dutse,Abuja,bungalow,2,3,134,no,not stated,4000000,08/08/2026,#######
Ajah,Lagos,mansion,6,6,837,yes,yes,9500000,18/08/2026,#######
Ikeja,Lagos,penthouse,1,1,,not stated,no,4500000,16/08/2026,#######
Ikoyi,Lagos,penthouse,2,3,126,yes,yes,8700000,06/08/2026,#######
Opebi,Lagos,penthouse,2,3,126,yes,yes,3700000,03/08/2026,#######
Maryland,Lagos,penthouse,3,3,418,no,yes,6000000,11/08/2026,#######
Sangotedo,Lagos,flat,2,1,,yes,not stated,2300000,17/08/2026,#######
Gwarinpa,Abuja,duplex,2,2,90,yes,no,4900000,18/08/2026,#######
VGC,Lagos,penthouse,2,1,,yes,yes,6800000,06/08/2026,#######
Lekki Phase 1,Lagos,duplex,4,4,360,no,yes,6200000,07/08/2026,#######
Mabushi,Abuja,self-contain,0,1,,no,no,300000,08/08/2026,#######
Wuse 1,Abuja,penthouse,4,5,,not stated,not stated,7000000,16/08/2026,#######
Maitama,Abuja,self-contain,0,1,141,not stated,no,2000000,11/08/2026,#######
Guzape,Abuja,duplex,3,2,466,yes,not stated,6000000,13/08/2026,#######
Garki,Abuja,flat,4,3,588,not stated,no,4900000,16/08/2026,#######
Asokoro,Abuja,self-contain,0,1,145,not stated,not stated,1900000,13/08/2026,#######
Festac,Lagos,self-contain,0,1,88,no,no,1300000,15/08/2026,#######
Wuse 2,Abuja,duplex,3,4,,not stated,not stated,6000000,03/08/2026,#######
Maryland,Lagos,duplex,1,2,126,yes,no,1600000,18/08/2026,#######
Garki,Abuja,duplex,2,2,114,no,no,3100000,04/08/2026,#######
Lekki Phase 1,Lagos,self-contain,0,1,98,no,not stated,2000000,11/08/2026,#######
Yaba,Lagos,mansion,4,4,,no,no,7600000,04/08/2026,#######
Mabushi,Abuja,self-contain,0,1,,yes,yes,0,12/08/2026,#######
Surulere,Lagos,self-contain,0,1,,no,no,1400000,02/08/2026,#######
Opebi,Lagos,terrace,5,4,,yes,no,6400000,08/08/2026,#######
Guzape,Abuja,terrace,5,5,720,yes,not stated,7900000,04/08/2026,#######
Wuse 2,Abuja,terrace,2,1,137,not stated,no,4800000,11/08/2026,#######
Opebi,Lagos,flat,2,2,108,no,yes,3100000,01/08/2026,#######
Katampe,Abuja,penthouse,3,2,,no,not stated,6100000,12/08/2026,#######
Ikoyi,Lagos,terrace,5,6,,no,no,7500000,17/08/2026,#######
Ikeja,Lagos,duplex,6,6,567,no,no,5500000,16/08/2026,#######
Ojodu Berger,Lagos,terrace,5,6,177,not stated,yes,6000000,16/08/2026,#######
Wuse 2,Abuja,duplex,3,3,646,yes,not stated,5700000,18/08/2026,#######
Jahi,Abuja,duplex,3,3,,yes,yes,4700000,08/08/2026,#######
Asokoro,Abuja,mansion,5,5,958,yes,not stated,18900000,04/08/2026,#######
Amuwo Odofin,Lagos,penthouse,2,1,102,yes,no,5200000,05/08/2026,#######
Ajah,Lagos,flat,5,4,260,yes,not stated,4500000,12/08/2026,#######
Gbagada,Lagos,self-contain,0,1,125,yes,yes,200000,04/08/2026,#######
Surulere,Lagos,bungalow,3,4,400,yes,yes,3600000,17/08/2026,#######
Maryland,Lagos,penthouse,5,5,600,not stated,no,6200000,06/08/2026,#######
Garki,Abuja,duplex,1,2,71,no,no,2000000,02/08/2026,#######
Apo,Abuja,mansion,1,1,976,not stated,not stated,5000000,02/08/2026,#######
Allen,Lagos,flat,3,2,380,not stated,yes,4600000,07/08/2026,#######
Lokogoma,Abuja,self-contain,0,1,120,yes,no,200000,16/08/2026,#######
Guzape,Abuja,terrace,2,2,143,yes,no,4900000,05/08/2026,#######
Life Camp,Abuja,penthouse,3,2,,no,no,5500000,14/08/2026,#######
Lekki Phase 2,Lagos,bungalow,4,3,773,yes,no,4300000,09/08/2026,#######
Apo,Abuja,penthouse,2,2,,no,yes,5300000,11/08/2026,#######
Victoria Island,Lagos,mansion,2,2,,not stated,not stated,14800000,04/08/2026,#######
VGC,Lagos,terrace,1,1,115,no,no,3500000,04/08/2026,#######
Amuwo Odofin,Lagos,flat,3,2,,not stated,yes,4200000,07/08/2026,#######
Jahi,Abuja,flat,3,2,572,yes,yes,6000000,10/08/2026,#######
Ikeja,Lagos,duplex,5,4,487,yes,yes,5600000,08/08/2026,#######
Surulere,Lagos,bungalow,5,4,218,no,no,4500000,08/08/2026,#######
Ikeja,Lagos,bungalow,1,1,144,yes,no,1500000,17/08/2026,#######
Jahi,Abuja,terrace,2,1,58,not stated,yes,5000000,01/08/2026,#######
Ojodu Berger,Lagos,penthouse,1,1,,no,yes,3800000,09/08/2026,#######
Ikeja,Lagos,penthouse,2,2,86,not stated,yes,4500000,05/08/2026,#######
Wuse 1,Abuja,terrace,4,5,359,no,not stated,5300000,17/08/2026,#######
Dutse,Abuja,penthouse,3,2,,not stated,not stated,5800000,01/08/2026,#######
Garki,Abuja,duplex,3,2,497,yes,not stated,2900000,11/08/2026,#######
Maitama,Abuja,flat,5,6,,yes,no,7800000,11/08/2026,#######
VGC,Lagos,bungalow,6,6,492,yes,no,7900000,05/08/2026,#######
Life Camp,Abuja,self-contain,0,1,144,not stated,no,300000,17/08/2026,#######
Victoria Island,Lagos,self-contain,0,1,,yes,yes,1800000,10/08/2026,#######
Ilupeju,Lagos,self-contain,0,1,,no,yes,0,14/08/2026,#######
Opebi,Lagos,terrace,3,2,737,not stated,yes,2900000,05/08/2026,#######
Opebi,Lagos,duplex,3,4,436,yes,yes,4200000,15/08/2026,#######
Gwarinpa,Abuja,self-contain,0,1,101,not stated,no,1400000,12/08/2026,#######
Ilupeju,Lagos,mansion,3,4,,no,yes,7200000,15/08/2026,#######
Gbagada,Lagos,self-contain,0,1,40,not stated,yes,200000,18/08/2026,#######
Opebi,Lagos,duplex,3,2,498,not stated,no,4200000,18/08/2026,#######
Amuwo Odofin,Lagos,self-contain,0,1,44,no,no,400000,07/08/2026,#######
Opebi,Lagos,duplex,4,3,396,not stated,no,4000000,01/08/2026,#######
Gwarinpa,Abuja,bungalow,3,2,,not stated,yes,4400000,04/08/2026,#######
Maryland,Lagos,terrace,3,2,513,yes,not stated,4500000,15/08/2026,#######
Katampe,Abuja,terrace,3,3,170,not stated,no,2900000,15/08/2026,#######
Amuwo Odofin,Lagos,penthouse,5,5,691,not stated,no,6500000,17/08/2026,#######
Ojodu Berger,Lagos,duplex,3,4,242,not stated,not stated,4800000,07/08/2026,#######
Ikeja GRA,Lagos,self-contain,0,1,40,not stated,no,1500000,07/08/2026,#######
Katampe,Abuja,duplex,4,3,458,not stated,no,4700000,05/08/2026,#######
Lugbe,Abuja,mansion,4,3,,not stated,yes,7500000,11/08/2026,#######
Garki,Abuja,flat,4,5,362,yes,no,5200000,17/08/2026,#######
Asokoro,Abuja,self-contain,0,1,126,no,not stated,900000,14/08/2026,#######
Victoria Island,Lagos,self-contain,0,1,125,no,yes,400000,05/08/2026,#######
Katampe,Abuja,duplex,2,1,123,not stated,no,3200000,08/08/2026,#######
Festac,Lagos,self-contain,0,1,71,yes,not stated,200000,12/08/2026,#######
Jahi,Abuja,self-contain,0,1,126,no,no,1800000,04/08/2026,#######
Mabushi,Abuja,self-contain,0,1,52,no,yes,1500000,12/08/2026,#######
Jahi,Abuja,self-contain,0,1,142,no,no,1100000,12/08/2026,#######
Wuse 1,Abuja,penthouse,6,7,249,yes,yes,7900000,13/08/2026,#######
Opebi,Lagos,penthouse,4,5,644,no,not stated,6700000,04/08/2026,#######
Wuse 1,Abuja,terrace,3,3,338,no,not stated,3900000,18/08/2026,#######
Dutse,Abuja,duplex,3,3,517,not stated,not stated,4200000,03/08/2026,#######
Ikoyi,Lagos,penthouse,4,4,,no,not stated,10400000,13/08/2026,#######
Ikeja,Lagos,duplex,2,1,61,not stated,not stated,2600000,12/08/2026,#######
Magodo,Lagos,mansion,3,2,,no,yes,11300000,17/08/2026,#######
Katampe,Abuja,mansion,3,2,640,no,no,7600000,01/08/2026,#######
Guzape,Abuja,self-contain,0,1,51,no,no,1200000,15/08/2026,#######
Magodo,Lagos,flat,3,4,168,no,no,4200000,14/08/2026,#######
Yaba,Lagos,penthouse,2,3,104,yes,no,4100000,12/08/2026,#######
Apo,Abuja,duplex,5,5,337,yes,no,5800000,17/08/2026,#######
Ikeja,Lagos,terrace,3,3,733,not stated,not stated,4000000,08/08/2026,#######
Wuse 2,Abuja,mansion,6,5,,no,not stated,19400000,04/08/2026,#######
Ikeja GRA,Lagos,flat,4,3,231,no,not stated,4700000,05/08/2026,#######
VGC,Lagos,self-contain,0,1,,not stated,not stated,700000,03/08/2026,#######
Maryland,Lagos,flat,2,2,121,yes,yes,2400000,17/08/2026,#######
Guzape,Abuja,self-contain,0,1,,not stated,not stated,900000,04/08/2026,#######
Lugbe,Abuja,self-contain,0,1,127,not stated,yes,900000,04/08/2026,#######
Gwarinpa,Abuja,terrace,3,4,609,yes,no,5400000,14/08/2026,#######
Mabushi,Abuja,penthouse,6,7,696,not stated,no,8300000,16/08/2026,#######
Wuse 1,Abuja,terrace,1,2,,yes,not stated,2700000,03/08/2026,#######
Festac,Lagos,duplex,5,4,798,yes,no,5500000,07/08/2026,#######
Maryland,Lagos,mansion,1,1,730,yes,not stated,6000000,03/08/2026,#######
Garki,Abuja,self-contain,0,1,89,yes,not stated,1100000,17/08/2026,#######
Festac,Lagos,duplex,4,4,412,no,no,5400000,04/08/2026,#######
Jahi,Abuja,bungalow,2,2,,no,no,4800000,16/08/2026,#######
Life Camp,Abuja,terrace,3,2,293,not stated,not stated,3800000,03/08/2026,#######
Ojodu Berger,Lagos,flat,1,1,,yes,no,3200000,16/08/2026,#######
Wuse 1,Abuja,self-contain,0,1,,no,not stated,-100000,16/08/2026,#######
Wuse 2,Abuja,flat,4,3,,yes,no,7500000,14/08/2026,#######
Surulere,Lagos,mansion,5,6,,not stated,no,9300000,18/08/2026,#######
Lugbe,Abuja,bungalow,4,3,730,no,not stated,4400000,10/08/2026,#######
Gbagada,Lagos,terrace,3,4,180,yes,yes,4600000,04/08/2026,#######
Life Camp,Abuja,flat,3,2,,yes,not stated,4800000,10/08/2026,#######
Guzape,Abuja,penthouse,2,1,,yes,yes,8900000,09/08/2026,#######
Life Camp,Abuja,flat,2,2,65,no,no,3400000,10/08/2026,#######
Apo,Abuja,duplex,1,2,71,yes,yes,3200000,09/08/2026,#######
Mabushi,Abuja,duplex,3,4,248,yes,yes,3000000,05/08/2026,#######
Ikeja,Lagos,bungalow,1,1,107,yes,not stated,3200000,02/08/2026,#######
Opebi,Lagos,terrace,5,4,551,not stated,no,5700000,13/08/2026,#######
Allen,Lagos,penthouse,5,5,359,not stated,yes,7700000,17/08/2026,#######
Asokoro,Abuja,self-contain,0,1,67,not stated,not stated,1100000,11/08/2026,#######
Ilupeju,Lagos,mansion,5,6,,not stated,no,8400000,17/08/2026,#######
Opebi,Lagos,terrace,4,5,505,not stated,no,4300000,10/08/2026,#######
Magodo,Lagos,bungalow,2,2,,not stated,yes,4500000,15/08/2026,#######
Jahi,Abuja,duplex,4,4,706,yes,yes,6000000,17/08/2026,#######
VGC,Lagos,penthouse,3,3,387,no,yes,8500000,08/08/2026,#######
Ikeja GRA,Lagos,mansion,3,4,546,yes,not stated,9900000,01/08/2026,#######
Gwarinpa,Abuja,mansion,5,5,610,no,yes,13600000,01/08/2026,#######
Mabushi,Abuja,bungalow,3,3,707,no,not stated,3300000,04/08/2026,#######
Maryland,Lagos,mansion,4,4,1173,no,yes,7700000,01/08/2026,#######
Ikeja,Lagos,self-contain,0,1,136,not stated,not stated,1600000,04/08/2026,#######
Maryland,Lagos,bungalow,3,2,515,yes,yes,3700000,01/08/2026,#######
Ikeja GRA,Lagos,mansion,2,2,1030,yes,not stated,11000000,11/08/2026,#######
Sangotedo,Lagos,terrace,4,5,289,not stated,not stated,3900000,17/08/2026,#######
Mabushi,Abuja,penthouse,2,1,,no,yes,3800000,18/08/2026,#######
Guzape,Abuja,bungalow,1,1,,yes,not stated,3200000,16/08/2026,#######
Jahi,Abuja,terrace,3,2,604,yes,yes,4400000,01/08/2026,#######
Sangotedo,Lagos,penthouse,2,3,90,no,not stated,3800000,08/08/2026,#######
Ojodu Berger,Lagos,flat,2,3,45,not stated,no,3300000,07/08/2026,#######
Wuse 2,Abuja,terrace,3,2,682,no,not stated,6600000,04/08/2026,#######
Garki,Abuja,penthouse,1,1,100,not stated,no,4500000,14/08/2026,#######
Sangotedo,Lagos,flat,4,3,544,not stated,yes,4800000,16/08/2026,#######
Lekki Phase 1,Lagos,self-contain,0,1,68,no,no,1100000,03/08/2026,#######
Allen,Lagos,penthouse,1,1,45,yes,yes,3000000,10/08/2026,#######
Lokogoma,Abuja,mansion,3,2,1136,no,no,7800000,09/08/2026,#######
Lokogoma,Abuja,flat,5,5,686,yes,no,6000000,18/08/2026,#######
Guzape,Abuja,flat,2,1,93,no,not stated,4100000,11/08/2026,#######
Yaba,Lagos,mansion,1,1,707,no,not stated,4500000,17/08/2026,#######
Victoria Island,Lagos,terrace,3,2,,not stated,not stated,5500000,17/08/2026,#######
Jahi,Abuja,bungalow,6,5,575,not stated,not stated,7900000,15/08/2026,#######
VGC,Lagos,self-contain,0,1,,not stated,not stated,1800000,01/08/2026,#######
Asokoro,Abuja,flat,3,3,,not stated,no,6400000,17/08/2026,#######
Amuwo Odofin,Lagos,penthouse,1,1,149,not stated,yes,3300000,03/08/2026,#######
Gwarinpa,Abuja,mansion,2,3,909,not stated,no,11700000,10/08/2026,#######
Ajah,Lagos,duplex,3,4,,yes,no,4700000,16/08/2026,#######
Mabushi,Abuja,bungalow,1,2,54,yes,no,1600000,16/08/2026,#######
Opebi,Lagos,duplex,5,4,689,not stated,yes,4900000,17/08/2026,#######
Lekki Phase 1,Lagos,mansion,2,1,613,no,not stated,13400000,18/08/2026,#######
Wuse 2,Abuja,flat,3,4,761,not stated,no,6500000,13/08/2026,#######
Life Camp,Abuja,self-contain,0,1,,not stated,not stated,1100000,07/08/2026,#######
Ojodu Berger,Lagos,flat,2,2,55,no,yes,2300000,13/08/2026,#######
Lekki Phase 2,Lagos,duplex,3,2,372,yes,no,4100000,01/08/2026,#######
Sangotedo,Lagos,flat,4,5,193,yes,yes,4700000,18/08/2026,#######
Magodo,Lagos,terrace,2,1,,no,not stated,3100000,15/08/2026,#######
Festac,Lagos,bungalow,5,4,431,not stated,no,5300000,05/08/2026,#######
Magodo,Lagos,flat,3,2,445,not stated,yes,5500000,17/08/2026,#######
Allen,Lagos,terrace,3,4,789,not stated,not stated,4700000,10/08/2026,#######
Asokoro,Abuja,bungalow,2,2,40,no,yes,5200000,02/08/2026,#######
VGC,Lagos,mansion,2,2,776,yes,no,9700000,09/08/2026,#######
Amuwo Odofin,Lagos,duplex,2,1,58,no,no,2500000,07/08/2026,#######
Lokogoma,Abuja,penthouse,4,4,553,no,yes,6400000,09/08/2026,#######
Magodo,Lagos,penthouse,6,7,,yes,not stated,9400000,13/08/2026,#######
Apo,Abuja,bungalow,2,1,88,yes,yes,3100000,01/08/2026,#######
Wuse 1,Abuja,mansion,5,6,824,not stated,not stated,7700000,16/08/2026,#######
Lekki Phase 2,Lagos,mansion,3,2,612,not stated,yes,7600000,16/08/2026,#######
Festac,Lagos,mansion,1,1,1016,not stated,no,5100000,13/08/2026,#######
Lekki Phase 2,Lagos,penthouse,2,2,71,not stated,not stated,4800000,03/08/2026,#######
Festac,Lagos,flat,2,1,117,no,yes,2300000,03/08/2026,#######
Asokoro,Abuja,terrace,2,2,,no,not stated,5600000,14/08/2026,#######
Guzape,Abuja,self-contain,0,1,95,yes,yes,1600000,17/08/2026,#######
Apo,Abuja,flat,3,4,422,not stated,not stated,3100000,09/08/2026,#######
Ajah,Lagos,flat,1,1,101,yes,yes,2200000,17/08/2026,#######
Lokogoma,Abuja,self-contain,0,1,55,no,no,1100000,03/08/2026,#######
Wuse 2,Abuja,bungalow,5,6,256,yes,yes,7800000,16/08/2026,#######
Yaba,Lagos,terrace,3,4,,not stated,not stated,4400000,15/08/2026,#######
Festac,Lagos,penthouse,4,5,252,not stated,not stated,6700000,12/08/2026,#######
Opebi,Lagos,flat,3,2,324,not stated,no,4100000,01/08/2026,#######
Wuse 1,Abuja,bungalow,1,2,108,yes,yes,3200000,06/08/2026,#######
Opebi,Lagos,mansion,2,2,728,no,no,6600000,06/08/2026,#######
Lokogoma,Abuja,duplex,3,4,246,no,yes,4000000,05/08/2026,#######
Life Camp,Abuja,penthouse,2,1,144,not stated,not stated,4200000,04/08/2026,#######
Life Camp,Abuja,flat,3,4,,no,no,3400000,04/08/2026,#######
Lokogoma,Abuja,self-contain,0,1,109,yes,yes,1500000,01/08/2026,#######
Surulere,Lagos,penthouse,3,2,402,no,no,4600000,08/08/2026,#######
Magodo,Lagos,flat,2,3,125,yes,not stated,4300000,04/08/2026,#######
Apo,Abuja,penthouse,2,1,74,no,not stated,5200000,01/08/2026,#######
Gwarinpa,Abuja,flat,3,2,787,yes,not stated,4700000,01/08/2026,#######
Yaba,Lagos,mansion,3,3,,not stated,no,6900000,02/08/2026,#######
Amuwo Odofin,Lagos,self-contain,0,1,146,yes,not stated,1700000,01/08/2026,#######
Jahi,Abuja,duplex,4,3,240,yes,no,6000000,02/08/2026,#######
Asokoro,Abuja,penthouse,3,3,606,no,yes,11900000,13/08/2026,#######
Katampe,Abuja,mansion,2,2,,not stated,yes,5800000,05/08/2026,#######
Ikoyi,Lagos,mansion,2,2,590,not stated,yes,14200000,04/08/2026,#######
Opebi,Lagos,mansion,6,7,1099,no,yes,9800000,05/08/2026,#######
Lugbe,Abuja,terrace,2,2,127,not stated,not stated,2500000,09/08/2026,#######
Jahi,Abuja,bungalow,3,2,460,yes,not stated,5600000,15/08/2026,#######
Sangotedo,Lagos,terrace,3,4,,no,no,3200000,09/08/2026,#######
Dutse,Abuja,mansion,2,3,669,not stated,no,6400000,13/08/2026,#######
Maitama,Abuja,self-contain,0,1,92,not stated,not stated,800000,09/08/2026,#######
Amuwo Odofin,Lagos,penthouse,2,1,70,no,not stated,4900000,05/08/2026,#######
Surulere,Lagos,duplex,1,1,103,no,not stated,2400000,11/08/2026,#######
Lekki Phase 2,Lagos,penthouse,3,3,,yes,no,5600000,17/08/2026,#######
Jahi,Abuja,terrace,4,5,152,no,yes,5900000,04/08/2026,#######
Katampe,Abuja,duplex,2,1,48,not stated,no,3800000,10/08/2026,#######
Apo,Abuja,flat,4,3,716,not stated,yes,4200000,03/08/2026,#######
Jahi,Abuja,bungalow,3,4,715,not stated,yes,4900000,12/08/2026,#######
Asokoro,Abuja,self-contain,0,1,,no,yes,600000,01/08/2026,#######
Asokoro,Abuja,self-contain,0,1,104,yes,not stated,2400000,07/08/2026,#######
Amuwo Odofin,Lagos,mansion,3,3,1053,not stated,not stated,7400000,13/08/2026,#######
Wuse 2,Abuja,duplex,6,6,179,no,yes,8400000,10/08/2026,#######
Mabushi,Abuja,self-contain,0,1,119,no,yes,200000,06/08/2026,#######
Sangotedo,Lagos,bungalow,3,2,464,not stated,no,3800000,08/08/2026,#######
Yaba,Lagos,mansion,2,3,,not stated,not stated,5900000,02/08/2026,#######
Lokogoma,Abuja,self-contain,0,1,74,no,no,800000,06/08/2026,#######
Sangotedo,Lagos,flat,4,3,,not stated,yes,5000000,17/08/2026,#######
Ikeja,Lagos,terrace,2,2,47,yes,yes,2800000,18/08/2026,#######
Wuse 1,Abuja,duplex,4,4,,no,no,4200000,15/08/2026,#######
VGC,Lagos,mansion,4,3,558,not stated,not stated,12600000,06/08/2026,#######
Ojodu Berger,Lagos,self-contain,0,1,,yes,yes,200000,11/08/2026,#######
Maitama,Abuja,bungalow,5,6,478,no,no,7800000,07/08/2026,#######
Maitama,Abuja,duplex,5,4,,yes,not stated,7900000,04/08/2026,#######
Victoria Island,Lagos,mansion,2,1,1192,not stated,yes,14000000,12/08/2026,#######
Wuse 1,Abuja,self-contain,0,1,84,not stated,yes,1000000,11/08/2026,#######
Lugbe,Abuja,bungalow,2,3,,no,not stated,2900000,06/08/2026,#######
VGC,Lagos,bungalow,2,2,49,yes,no,4300000,15/08/2026,#######
Lekki Phase 1,Lagos,flat,1,1,102,yes,no,5100000,08/08/2026,#######
Victoria Island,Lagos,penthouse,4,4,755,yes,no,10400000,17/08/2026,#######
Ikoyi,Lagos,terrace,2,1,87,not stated,yes,4300000,18/08/2026,#######
Lekki Phase 1,Lagos,self-contain,0,1,103,yes,yes,500000,04/08/2026,#######
Amuwo Odofin,Lagos,flat,2,1,98,no,not stated,3500000,14/08/2026,#######
Wuse 1,Abuja,duplex,1,1,,not stated,yes,1800000,03/08/2026,#######
Ikeja GRA,Lagos,bungalow,3,3,270,not stated,yes,4100000,03/08/2026,#######
Gwarinpa,Abuja,bungalow,5,5,408,not stated,no,6100000,11/08/2026,#######
Lokogoma,Abuja,bungalow,3,4,,yes,no,4800000,08/08/2026,#######
Apo,Abuja,penthouse,2,1,138,no,yes,4200000,15/08/2026,#######
Ajah,Lagos,flat,3,2,535,not stated,yes,2900000,15/08/2026,#######
Maryland,Lagos,bungalow,2,2,110,not stated,not stated,2900000,08/08/2026,#######
Jahi,Abuja,terrace,3,4,781,yes,not stated,5700000,10/08/2026,#######
Allen,Lagos,bungalow,3,2,751,yes,not stated,2900000,03/08/2026,#######
Guzape,Abuja,self-contain,0,1,,not stated,not stated,800000,01/08/2026,#######
Surulere,Lagos,flat,3,4,786,not stated,not stated,4100000,04/08/2026,#######
Ojodu Berger,Lagos,penthouse,2,2,135,no,no,4600000,12/08/2026,#######
Gbagada,Lagos,flat,2,2,,yes,yes,3900000,12/08/2026,#######
Maryland,Lagos,bungalow,3,3,,no,yes,3600000,16/08/2026,#######
Ikeja,Lagos,terrace,3,2,570,not stated,not stated,3900000,15/08/2026,#######
Asokoro,Abuja,flat,1,2,72,no,not stated,4300000,12/08/2026,#######
Lekki Phase 2,Lagos,flat,5,4,456,not stated,not stated,5700000,09/08/2026,#######
Festac,Lagos,duplex,2,3,,not stated,yes,2200000,09/08/2026,#######
Ikoyi,Lagos,flat,6,5,335,no,yes,7700000,13/08/2026,#######
Dutse,Abuja,penthouse,3,2,684,yes,yes,6300000,12/08/2026,#######
Katampe,Abuja,penthouse,1,1,70,no,yes,3700000,01/08/2026,#######
Lekki Phase 1,Lagos,mansion,2,3,1078,no,yes,13300000,17/08/2026,#######
Asokoro,Abuja,terrace,2,2,62,yes,not stated,5500000,18/08/2026,#######
Ajah,Lagos,penthouse,3,4,600,yes,not stated,6000000,05/08/2026,#######
Gwarinpa,Abuja,self-contain,0,1,144,not stated,no,500000,05/08/2026,#######
Ikeja,Lagos,mansion,2,1,1136,yes,not stated,5100000,09/08/2026,#######
VGC,Lagos,flat,3,2,528,not stated,not stated,5000000,16/08/2026,#######
Ikoyi,Lagos,terrace,5,6,,yes,no,7700000,04/08/2026,#######
Festac,Lagos,flat,5,4,,not stated,not stated,5600000,07/08/2026,#######
Magodo,Lagos,duplex,2,1,,not stated,not stated,3100000,05/08/2026,#######
Maitama,Abuja,bungalow,2,1,137,no,not stated,6100000,14/08/2026,#######
Mabushi,Abuja,terrace,2,3,143,not stated,not stated,2600000,10/08/2026,#######
Victoria Island,Lagos,flat,3,3,427,no,not stated,6400000,17/08/2026,#######
Gbagada,Lagos,flat,3,4,738,not stated,yes,3000000,09/08/2026,#######
Victoria Island,Lagos,flat,2,2,146,no,not stated,5200000,09/08/2026,#######
Ikeja GRA,Lagos,terrace,3,3,774,no,not stated,4900000,06/08/2026,#######
Sangotedo,Lagos,self-contain,0,1,,not stated,not stated,-100000,14/08/2026,#######
Guzape,Abuja,self-contain,0,1,,no,not stated,1700000,17/08/2026,#######
Ikeja,Lagos,terrace,2,3,72,yes,no,3900000,05/08/2026,#######
Maryland,Lagos,bungalow,5,6,635,not stated,no,4700000,01/08/2026,#######
Wuse 1,Abuja,penthouse,3,3,251,not stated,not stated,5500000,15/08/2026,#######
Ilupeju,Lagos,penthouse,4,3,,not stated,no,5400000,02/08/2026,#######
Garki,Abuja,duplex,3,2,,not stated,not stated,4700000,11/08/2026,#######
Maryland,Lagos,mansion,3,2,1108,not stated,not stated,7800000,12/08/2026,#######
Ikeja GRA,Lagos,mansion,4,5,795,not stated,yes,11700000,14/08/2026,#######
Garki,Abuja,bungalow,3,4,344,not stated,no,4500000,18/08/2026,#######
Lekki Phase 2,Lagos,mansion,2,2,616,no,no,6200000,04/08/2026,#######
Ajah,Lagos,bungalow,2,1,,yes,no,3200000,05/08/2026,#######
Ikeja,Lagos,penthouse,3,3,370,yes,no,5400000,12/08/2026,#######
Ajah,Lagos,penthouse,3,2,216,yes,not stated,5800000,13/08/2026,#######
Amuwo Odofin,Lagos,bungalow,2,1,77,not stated,not stated,3500000,02/08/2026,#######
Jahi,Abuja,bungalow,5,4,633,no,not stated,7700000,17/08/2026,#######
Katampe,Abuja,bungalow,6,6,,not stated,yes,5900000,09/08/2026,#######
Jahi,Abuja,self-contain,0,1,61,not stated,yes,600000,06/08/2026,#######
Gbagada,Lagos,mansion,4,4,,yes,not stated,7100000,09/08/2026,#######
Wuse 1,Abuja,terrace,4,3,368,no,yes,5100000,11/08/2026,#######
Ikeja,Lagos,mansion,3,3,532,no,not stated,6100000,08/08/2026,#######
Lekki Phase 2,Lagos,penthouse,2,3,118,no,no,4800000,17/08/2026,#######
Asokoro,Abuja,mansion,3,4,544,not stated,no,17800000,06/08/2026,#######
Guzape,Abuja,terrace,3,2,238,no,yes,5700000,16/08/2026,#######
Ikoyi,Lagos,duplex,3,4,547,yes,yes,6300000,08/08/2026,#######
Ajah,Lagos,bungalow,4,4,496,no,not stated,4500000,03/08/2026,#######
Ikoyi,Lagos,self-contain,0,1,,yes,yes,1100000,08/08/2026,#######
Ikoyi,Lagos,self-contain,0,1,,no,yes,500000,16/08/2026,#######
Wuse 1,Abuja,duplex,4,4,,not stated,not stated,5300000,15/08/2026,#######
Allen,Lagos,duplex,5,5,587,no,no,6300000,13/08/2026,#######
Sangotedo,Lagos,duplex,3,2,,yes,yes,3900000,04/08/2026,#######
Amuwo Odofin,Lagos,duplex,3,3,,yes,no,4500000,13/08/2026,#######
Lekki Phase 2,Lagos,penthouse,4,4,545,no,no,6600000,06/08/2026,#######
Amuwo Odofin,Lagos,penthouse,1,1,42,yes,no,4200000,09/08/2026,#######
VGC,Lagos,self-contain,0,1,,not stated,yes,1000000,15/08/2026,#######
Garki,Abuja,bungalow,4,3,268,not stated,no,3700000,03/08/2026,#######
Apo,Abuja,bungalow,5,6,,not stated,no,5400000,09/08/2026,#######
Gbagada,Lagos,duplex,3,4,224,no,not stated,4300000,02/08/2026,#######
Sangotedo,Lagos,bungalow,4,5,,yes,yes,3700000,05/08/2026,#######
Maryland,Lagos,bungalow,3,2,453,no,yes,4200000,12/08/2026,#######
Maitama,Abuja,terrace,1,2,99,yes,yes,4700000,13/08/2026,#######
Dutse,Abuja,self-contain,0,1,96,not stated,yes,1600000,10/08/2026,#######
Amuwo Odofin,Lagos,duplex,2,1,128,no,no,3400000,18/08/2026,#######
Wuse 1,Abuja,duplex,2,2,109,no,yes,3600000,06/08/2026,#######
Ajah,Lagos,duplex,6,5,724,yes,yes,6200000,10/08/2026,#######
Guzape,Abuja,mansion,1,1,,not stated,not stated,10600000,10/08/2026,#######
Lokogoma,Abuja,duplex,2,1,,yes,yes,3600000,10/08/2026,#######
Jahi,Abuja,duplex,4,5,644,yes,not stated,5400000,14/08/2026,#######
Jahi,Abuja,bungalow,1,1,116,not stated,yes,4700000,08/08/2026,#######
VGC,Lagos,penthouse,3,4,168,yes,not stated,7400000,14/08/2026,#######
Lekki Phase 1,Lagos,self-contain,0,1,,not stated,yes,800000,17/08/2026,#######
Asokoro,Abuja,penthouse,4,4,285,yes,no,12700000,02/08/2026,#######
Mabushi,Abuja,mansion,5,4,,yes,not stated,8100000,02/08/2026,#######
Wuse 2,Abuja,bungalow,2,3,59,no,yes,4900000,11/08/2026,#######
Asokoro,Abuja,penthouse,2,3,120,yes,yes,11700000,12/08/2026,#######
Wuse 1,Abuja,self-contain,0,1,,yes,not stated,100000,17/08/2026,#######
Lugbe,Abuja,terrace,5,4,787,yes,not stated,4500000,13/08/2026,#######
Lugbe,Abuja,mansion,3,4,,not stated,not stated,6300000,03/08/2026,#######
Ilupeju,Lagos,penthouse,2,3,,no,not stated,3700000,13/08/2026,#######
Dutse,Abuja,self-contain,0,1,44,yes,no,1600000,08/08/2026,#######
Surulere,Lagos,flat,5,5,712,yes,no,5700000,13/08/2026,#######
Ajah,Lagos,mansion,4,4,545,yes,yes,7100000,03/08/2026,#######
Yaba,Lagos,self-contain,0,1,,no,yes,800000,18/08/2026,#######
Life Camp,Abuja,bungalow,3,4,157,yes,not stated,4700000,03/08/2026,#######
Ajah,Lagos,terrace,6,5,641,no,yes,6800000,17/08/2026,#######
Sangotedo,Lagos,duplex,3,4,263,no,yes,3900000,17/08/2026,#######
Apo,Abuja,penthouse,4,3,622,no,yes,5700000,07/08/2026,#######
Garki,Abuja,bungalow,1,1,95,not stated,not stated,1400000,12/08/2026,#######
Apo,Abuja,mansion,1,1,,yes,yes,5600000,12/08/2026,#######
Jahi,Abuja,terrace,6,7,257,no,no,8300000,09/08/2026,#######
Gbagada,Lagos,flat,3,4,542,not stated,not stated,4700000,15/08/2026,#######
Ikeja,Lagos,flat,3,4,,no,no,3800000,11/08/2026,#######
Wuse 2,Abuja,duplex,3,2,,no,yes,6600000,14/08/2026,#######
Lugbe,Abuja,penthouse,4,4,636,yes,no,6800000,15/08/2026,#######
Lokogoma,Abuja,self-contain,0,1,86,not stated,not stated,1600000,14/08/2026,#######
Gwarinpa,Abuja,terrace,3,4,555,not stated,no,6300000,10/08/2026,#######
Maitama,Abuja,mansion,1,1,1032,yes,not stated,14800000,16/08/2026,#######
Life Camp,Abuja,duplex,5,5,772,no,not stated,4500000,02/08/2026,#######
Gwarinpa,Abuja,duplex,2,3,124,not stated,yes,5100000,06/08/2026,#######
Asokoro,Abuja,mansion,2,3,,yes,yes,15700000,05/08/2026,#######
Festac,Lagos,duplex,3,4,,not stated,not stated,3100000,09/08/2026,#######
Ajah,Lagos,bungalow,3,2,321,yes,not stated,4000000,17/08/2026,#######
Wuse 2,Abuja,penthouse,3,4,246,not stated,yes,11800000,01/08/2026,#######
Jahi,Abuja,bungalow,3,4,,yes,no,5700000,17/08/2026,#######
Sangotedo,Lagos,flat,1,2,104,yes,not stated,1800000,05/08/2026,#######
Amuwo Odofin,Lagos,mansion,2,1,1116,not stated,no,6000000,12/08/2026,#######
Wuse 1,Abuja,mansion,1,1,937,not stated,not stated,5100000,12/08/2026,#######
Maryland,Lagos,mansion,3,3,,no,yes,6600000,04/08/2026,#######
VGC,Lagos,mansion,3,2,,yes,not stated,10200000,01/08/2026,#######
Festac,Lagos,flat,4,5,271,no,yes,5100000,18/08/2026,#######
Ikoyi,Lagos,mansion,4,4,1016,not stated,no,15900000,09/08/2026,#######
Ikeja,Lagos,terrace,2,2,,yes,no,2800000,18/08/2026,#######
Victoria Island,Lagos,penthouse,4,5,789,not stated,no,11900000,14/08/2026,#######
Maitama,Abuja,terrace,6,6,,not stated,no,8000000,02/08/2026,#######
Mabushi,Abuja,duplex,3,3,,no,no,3000000,17/08/2026,#######
Maitama,Abuja,self-contain,0,1,,no,yes,600000,13/08/2026,#######
Wuse 2,Abuja,flat,6,6,384,yes,yes,9600000,07/08/2026,#######
Ilupeju,Lagos,flat,6,7,698,no,yes,7000000,17/08/2026,#######
Maitama,Abuja,duplex,3,4,231,not stated,not stated,6100000,14/08/2026,#######
Ikeja GRA,Lagos,self-contain,0,1,139,no,yes,1400000,09/08/2026,#######
Gbagada,Lagos,mansion,2,2,912,not stated,no,6800000,14/08/2026,#######
Lekki Phase 2,Lagos,duplex,2,1,73,yes,not stated,2300000,11/08/2026,#######
Allen,Lagos,terrace,3,2,,yes,not stated,4300000,04/08/2026,#######
Lekki Phase 2,Lagos,duplex,4,3,,no,not stated,5600000,05/08/2026,#######
Lekki Phase 1,Lagos,duplex,2,2,,not stated,not stated,4200000,15/08/2026,#######
VGC,Lagos,bungalow,2,2,,not stated,yes,3500000,10/08/2026,#######
Katampe,Abuja,duplex,2,1,51,not stated,yes,2500000,04/08/2026,#######
Katampe,Abuja,bungalow,2,3,117,yes,yes,2700000,04/08/2026,#######
Ikeja GRA,Lagos,duplex,2,2,,yes,not stated,4700000,12/08/2026,#######
Ojodu Berger,Lagos,penthouse,3,4,739,not stated,yes,5800000,07/08/2026,#######
VGC,Lagos,self-contain,0,1,144,no,yes,1300000,12/08/2026,#######
Asokoro,Abuja,duplex,5,5,,yes,not stated,8600000,09/08/2026,#######
Opebi,Lagos,flat,2,3,,not stated,no,2300000,08/08/2026,#######
Festac,Lagos,flat,2,2,48,no,yes,2400000,16/08/2026,#######
Maryland,Lagos,self-contain,0,1,142,not stated,yes,100000,10/08/2026,#######
Garki,Abuja,penthouse,4,4,,not stated,not stated,5800000,05/08/2026,#######
Opebi,Lagos,bungalow,4,3,714,yes,not stated,5200000,11/08/2026,#######
Sangotedo,Lagos,penthouse,1,2,,yes,no,3000000,16/08/2026,#######
Victoria Island,Lagos,bungalow,3,4,460,not stated,yes,6800000,06/08/2026,#######
Maitama,Abuja,penthouse,1,1,71,yes,yes,9600000,03/08/2026,#######
Magodo,Lagos,bungalow,5,4,,no,not stated,7200000,03/08/2026,#######
Ojodu Berger,Lagos,mansion,2,3,963,yes,not stated,6000000,11/08/2026,#######
Festac,Lagos,duplex,2,2,135,no,yes,2500000,11/08/2026,#######
Lekki Phase 1,Lagos,self-contain,0,1,79,not stated,no,1300000,04/08/2026,#######
Mabushi,Abuja,terrace,1,1,57,not stated,not stated,2800000,06/08/2026,#######
Garki,Abuja,duplex,1,2,56,no,no,2400000,07/08/2026,#######
Lekki Phase 1,Lagos,duplex,2,1,76,no,no,4800000,09/08/2026,#######
Maitama,Abuja,bungalow,2,1,,yes,yes,6300000,06/08/2026,#######
Lokogoma,Abuja,bungalow,1,2,,yes,not stated,2300000,16/08/2026,#######
VGC,Lagos,flat,3,2,,not stated,no,4000000,18/08/2026,#######
Victoria Island,Lagos,flat,1,1,,yes,yes,5000000,11/08/2026,#######
Magodo,Lagos,mansion,2,3,1155,yes,yes,10700000,12/08/2026,#######
Magodo,Lagos,self-contain,0,1,91,not stated,not stated,900000,17/08/2026,#######
Ikeja,Lagos,duplex,5,6,,not stated,yes,4900000,15/08/2026,#######
Lokogoma,Abuja,penthouse,6,5,,yes,not stated,7300000,16/08/2026,#######
Magodo,Lagos,self-contain,0,1,,no,not stated,1100000,03/08/2026,#######
Maryland,Lagos,self-contain,0,1,,no,not stated,800000,01/08/2026,#######
Wuse 2,Abuja,penthouse,3,4,215,no,no,11600000,07/08/2026,#######
Maryland,Lagos,flat,3,4,514,no,no,4500000,18/08/2026,#######
Sangotedo,Lagos,mansion,2,3,,no,not stated,6800000,18/08/2026,#######
Magodo,Lagos,mansion,2,3,539,no,not stated,10200000,08/08/2026,#######
Ikeja GRA,Lagos,flat,3,2,215,yes,no,4900000,04/08/2026,#######
VGC,Lagos,bungalow,4,5,171,yes,no,6500000,07/08/2026,#######
Yaba,Lagos,penthouse,3,4,199,no,not stated,5400000,13/08/2026,#######
Garki,Abuja,mansion,5,5,974,no,no,8500000,03/08/2026,#######
Jahi,Abuja,duplex,2,1,,yes,not stated,4500000,05/08/2026,#######
Lugbe,Abuja,flat,2,3,,not stated,not stated,3900000,15/08/2026,#######
Maryland,Lagos,duplex,1,1,112,no,no,1400000,07/08/2026,#######
Ikoyi,Lagos,flat,3,4,270,not stated,no,5100000,16/08/2026,#######
Ilupeju,Lagos,mansion,3,3,1166,not stated,not stated,7700000,16/08/2026,#######
Victoria Island,Lagos,mansion,2,2,,no,no,13700000,15/08/2026,#######
Life Camp,Abuja,duplex,4,5,356,no,not stated,3800000,17/08/2026,#######
Maitama,Abuja,mansion,4,5,,no,not stated,17900000,12/08/2026,#######
Lekki Phase 1,Lagos,flat,3,4,,not stated,yes,6300000,16/08/2026,#######
Victoria Island,Lagos,mansion,1,1,1090,no,no,12800000,18/08/2026,#######
Dutse,Abuja,duplex,3,4,764,no,yes,4600000,05/08/2026,#######
Ikeja GRA,Lagos,penthouse,2,2,67,yes,not stated,6500000,07/08/2026,#######
Guzape,Abuja,penthouse,4,3,759,no,yes,10200000,07/08/2026,#######
Lekki Phase 2,Lagos,flat,6,7,,not stated,yes,6600000,04/08/2026,#######
Magodo,Lagos,penthouse,1,1,128,yes,yes,6200000,16/08/2026,#######
Gwarinpa,Abuja,duplex,3,4,590,yes,not stated,5200000,17/08/2026,#######
Garki,Abuja,terrace,6,5,331,yes,no,5600000,03/08/2026,#######
Life Camp,Abuja,penthouse,2,3,91,no,yes,5000000,15/08/2026,#######
Asokoro,Abuja,flat,2,2,,no,no,4600000,08/08/2026,#######
Lokogoma,Abuja,duplex,3,3,258,no,not stated,3900000,11/08/2026,#######
Maryland,Lagos,flat,2,3,128,yes,yes,2600000,15/08/2026,#######
Gwarinpa,Abuja,flat,4,3,,yes,not stated,6600000,16/08/2026,#######
Apo,Abuja,mansion,3,2,,no,not stated,7700000,11/08/2026,#######
Ikeja GRA,Lagos,mansion,5,6,619,yes,yes,12500000,16/08/2026,#######
Amuwo Odofin,Lagos,self-contain,0,1,52,no,no,500000,14/08/2026,#######
Allen,Lagos,flat,4,3,386,no,no,4900000,10/08/2026,#######
Ojodu Berger,Lagos,terrace,4,5,784,yes,yes,4500000,13/08/2026,#######
Lokogoma,Abuja,mansion,5,4,736,not stated,not stated,8700000,14/08/2026,#######
Lugbe,Abuja,terrace,3,2,,no,no,3700000,08/08/2026,#######
Sangotedo,Lagos,duplex,3,4,437,not stated,yes,4600000,17/08/2026,#######
Maitama,Abuja,terrace,2,2,56,yes,yes,6200000,10/08/2026,#######
Life Camp,Abuja,penthouse,2,2,145,no,not stated,5000000,09/08/2026,#######
Ikoyi,Lagos,bungalow,3,3,742,not stated,no,5700000,13/08/2026,#######
Amuwo Odofin,Lagos,duplex,1,2,70,yes,not stated,3000000,14/08/2026,#######
Gwarinpa,Abuja,bungalow,5,5,678,not stated,no,7800000,03/08/2026,#######
Lekki Phase 2,Lagos,self-contain,0,1,,not stated,no,1600000,17/08/2026,#######
Mabushi,Abuja,self-contain,0,1,131,yes,yes,1500000,09/08/2026,#######
Ikeja,Lagos,self-contain,0,1,,no,no,100000,03/08/2026,#######
Ikoyi,Lagos,bungalow,2,2,98,no,yes,5300000,12/08/2026,#######
Ojodu Berger,Lagos,terrace,4,5,,yes,not stated,4500000,11/08/2026,#######
Lugbe,Abuja,terrace,4,5,,not stated,not stated,5000000,06/08/2026,#######
Ikeja,Lagos,penthouse,6,5,628,no,yes,8400000,08/08/2026,#######
Magodo,Lagos,mansion,2,2,734,not stated,yes,9400000,10/08/2026,#######
Jahi,Abuja,bungalow,2,3,48,yes,yes,3700000,07/08/2026,#######
Gbagada,Lagos,penthouse,3,4,406,no,yes,5000000,03/08/2026,#######
Maryland,Lagos,penthouse,4,5,,no,not stated,6300000,10/08/2026,#######
Ojodu Berger,Lagos,mansion,1,2,629,not stated,no,5600000,03/08/2026,#######
Ojodu Berger,Lagos,bungalow,3,2,578,no,no,4700000,17/08/2026,#######
Ikeja GRA,Lagos,bungalow,3,4,,no,yes,5400000,08/08/2026,#######
Maryland,Lagos,terrace,3,2,543,not stated,no,4200000,02/08/2026,#######
Apo,Abuja,flat,4,4,676,not stated,not stated,5400000,05/08/2026,#######
Wuse 2,Abuja,terrace,4,4,664,no,no,6500000,06/08/2026,#######
Sangotedo,Lagos,bungalow,1,2,,yes,yes,1600000,12/08/2026,#######
Guzape,Abuja,terrace,3,2,767,not stated,yes,5200000,07/08/2026,#######
Gbagada,Lagos,terrace,4,3,569,yes,not stated,3900000,10/08/2026,#######
VGC,Lagos,penthouse,3,4,,yes,not stated,8300000,16/08/2026,#######
Amuwo Odofin,Lagos,self-contain,0,1,,no,not stated,500000,09/08/2026,#######
Ikeja GRA,Lagos,mansion,3,4,721,yes,no,11800000,08/08/2026,#######
Victoria Island,Lagos,terrace,6,6,682,not stated,yes,7900000,11/08/2026,#######
Ikoyi,Lagos,self-contain,0,1,148,not stated,yes,1600000,09/08/2026,#######
Dutse,Abuja,mansion,6,6,1072,not stated,no,8800000,11/08/2026,#######
VGC,Lagos,penthouse,5,4,586,not stated,not stated,10400000,09/08/2026,#######
Ilupeju,Lagos,flat,4,3,312,no,not stated,4200000,10/08/2026,#######
Maitama,Abuja,self-contain,0,1,,yes,no,800000,12/08/2026,#######
Dutse,Abuja,self-contain,0,1,148,no,not stated,1300000,08/08/2026,#######
Apo,Abuja,penthouse,2,2,84,not stated,no,4000000,09/08/2026,#######
Amuwo Odofin,Lagos,self-contain,0,1,,not stated,not stated,1100000,09/08/2026,#######
Maitama,Abuja,penthouse,2,3,,no,not stated,10100000,08/08/2026,#######
Lekki Phase 1,Lagos,self-contain,0,1,91,not stated,yes,1200000,08/08/2026,#######
Ikeja,Lagos,duplex,2,3,,yes,no,2400000,01/08/2026,#######
Ikoyi,Lagos,penthouse,2,2,86,not stated,no,10500000,15/08/2026,#######
Wuse 2,Abuja,mansion,4,3,1121,not stated,not stated,18300000,05/08/2026,#######
Katampe,Abuja,penthouse,2,2,89,yes,not stated,3800000,05/08/2026,#######
Dutse,Abuja,terrace,2,3,122,not stated,not stated,2400000,18/08/2026,#######
Lugbe,Abuja,bungalow,2,1,128,no,not stated,2300000,05/08/2026,#######
Mabushi,Abuja,self-contain,0,1,107,yes,no,0,09/08/2026,#######
Lekki Phase 1,Lagos,terrace,4,5,438,not stated,no,6200000,02/08/2026,#######
Garki,Abuja,bungalow,6,6,,yes,yes,7100000,12/08/2026,#######
Asokoro,Abuja,flat,2,3,48,yes,yes,5400000,07/08/2026,#######
Surulere,Lagos,bungalow,2,1,104,no,yes,2500000,15/08/2026,#######
Gbagada,Lagos,terrace,4,5,734,yes,yes,5500000,03/08/2026,#######
Lekki Phase 2,Lagos,penthouse,6,7,704,not stated,not stated,8400000,15/08/2026,#######
Life Camp,Abuja,penthouse,1,1,125,no,yes,4100000,13/08/2026,#######
Dutse,Abuja,bungalow,3,3,545,no,not stated,4500000,06/08/2026,#######
Ojodu Berger,Lagos,mansion,2,1,,no,not stated,5100000,12/08/2026,#######
Asokoro,Abuja,terrace,2,3,104,no,yes,5800000,16/08/2026,#######
Magodo,Lagos,terrace,2,1,103,not stated,no,4900000,09/08/2026,#######
Gwarinpa,Abuja,mansion,3,4,707,yes,yes,12700000,05/08/2026,#######
Mabushi,Abuja,terrace,2,3,85,no,no,2200000,12/08/2026,#######
Lugbe,Abuja,terrace,3,2,718,yes,not stated,3700000,01/08/2026,#######
VGC,Lagos,bungalow,2,1,,no,no,3500000,06/08/2026,#######
Mabushi,Abuja,terrace,5,4,,not stated,yes,6400000,14/08/2026,#######
Mabushi,Abuja,flat,2,3,94,not stated,no,2200000,17/08/2026,#######
Victoria Island,Lagos,duplex,2,2,,yes,not stated,4300000,10/08/2026,#######
Festac,Lagos,self-contain,0,1,65,yes,no,-100000,06/08/2026,#######
Ajah,Lagos,bungalow,5,5,747,not stated,yes,6000000,03/08/2026,#######
Ikoyi,Lagos,terrace,2,2,139,no,yes,4700000,01/08/2026,#######
Lekki Phase 2,Lagos,penthouse,5,4,153,yes,yes,7000000,04/08/2026,#######
Katampe,Abuja,bungalow,3,3,683,not stated,not stated,4400000,08/08/2026,#######
VGC,Lagos,flat,6,7,595,no,no,7200000,02/08/2026,#######
Wuse 2,Abuja,terrace,2,3,45,yes,yes,5500000,02/08/2026,#######
Asokoro,Abuja,mansion,2,1,,no,yes,16100000,10/08/2026,#######
Gbagada,Lagos,bungalow,6,6,350,no,not stated,6100000,03/08/2026,#######
Lokogoma,Abuja,flat,2,1,71,yes,yes,3000000,17/08/2026,#######
Katampe,Abuja,terrace,2,1,,not stated,no,2400000,06/08/2026,#######
Surulere,Lagos,bungalow,3,4,202,not stated,not stated,3500000,17/08/2026,#######
Mabushi,Abuja,terrace,3,2,706,not stated,no,4000000,02/08/2026,#######
Ojodu Berger,Lagos,penthouse,5,5,150,not stated,no,7400000,17/08/2026,#######
Opebi,Lagos,mansion,1,1,693,no,not stated,4800000,14/08/2026,#######
Wuse 1,Abuja,duplex,4,5,162,no,no,4200000,16/08/2026,#######
Allen,Lagos,bungalow,2,1,130,yes,no,4000000,17/08/2026,#######
Victoria Island,Lagos,bungalow,2,3,,no,not stated,4500000,08/08/2026,#######
Ikeja,Lagos,duplex,2,3,,no,yes,2200000,11/08/2026,#######
Garki,Abuja,penthouse,3,3,268,no,yes,5000000,15/08/2026,#######
Gbagada,Lagos,penthouse,2,3,54,no,not stated,5500000,02/08/2026,#######
Amuwo Odofin,Lagos,self-contain,0,1,44,yes,yes,800000,16/08/2026,#######
Magodo,Lagos,self-contain,0,1,62,yes,not stated,1000000,12/08/2026,#######
Lugbe,Abuja,terrace,1,1,,yes,yes,1600000,12/08/2026,#######
Wuse 2,Abuja,terrace,6,6,173,yes,yes,9300000,14/08/2026,#######
Dutse,Abuja,terrace,2,2,82,yes,not stated,2800000,04/08/2026,#######
Lokogoma,Abuja,penthouse,1,2,,yes,not stated,4100000,16/08/2026,#######
Ikeja GRA,Lagos,duplex,4,3,236,not stated,no,6000000,05/08/2026,#######
Surulere,Lagos,penthouse,6,7,722,yes,yes,8300000,03/08/2026,#######
Festac,Lagos,penthouse,3,3,,no,yes,6200000,18/08/2026,#######
Lokogoma,Abuja,mansion,5,6,641,not stated,no,8600000,16/08/2026,#######
Ikeja,Lagos,terrace,1,1,128,no,yes,2000000,08/08/2026,#######
Life Camp,Abuja,terrace,4,4,358,no,no,4600000,15/08/2026,#######
Wuse 2,Abuja,self-contain,0,1,,not stated,no,2100000,17/08/2026,#######
Festac,Lagos,duplex,4,4,251,not stated,not stated,4300000,01/08/2026,#######
Lokogoma,Abuja,flat,6,5,710,not stated,yes,6600000,03/08/2026,#######
Allen,Lagos,penthouse,3,4,,not stated,no,5200000,05/08/2026,#######
Asokoro,Abuja,bungalow,6,7,378,not stated,not stated,9600000,10/08/2026,#######
Lekki Phase 1,Lagos,penthouse,1,2,109,not stated,not stated,7900000,10/08/2026,#######
Mabushi,Abuja,duplex,1,1,102,not stated,no,2600000,16/08/2026,#######
Mabushi,Abuja,self-contain,0,1,48,no,yes,1000000,06/08/2026,#######
Asokoro,Abuja,duplex,3,2,155,not stated,yes,7200000,13/08/2026,#######
Ajah,Lagos,self-contain,0,1,,not stated,not stated,1000000,04/08/2026,#######
Wuse 2,Abuja,mansion,2,2,896,not stated,no,16000000,06/08/2026,#######
Ikoyi,Lagos,mansion,5,5,,no,yes,16000000,08/08/2026,#######
Magodo,Lagos,flat,2,1,,yes,not stated,3500000,09/08/2026,#######
Lugbe,Abuja,terrace,3,2,494,no,no,3600000,13/08/2026,#######
Jahi,Abuja,bungalow,2,2,,not stated,not stated,3900000,15/08/2026,#######
Ikeja,Lagos,mansion,2,1,594,yes,no,6200000,02/08/2026,#######
Lekki Phase 1,Lagos,terrace,3,4,716,no,yes,5300000,06/08/2026,#######
Magodo,Lagos,duplex,4,5,,not stated,yes,6400000,08/08/2026,#######
Katampe,Abuja,self-contain,0,1,63,yes,yes,900000,09/08/2026,#######
Gwarinpa,Abuja,penthouse,4,4,181,not stated,not stated,10100000,15/08/2026,#######
Lugbe,Abuja,terrace,5,4,,not stated,no,4500000,04/08/2026,#######
Apo,Abuja,self-contain,0,1,44,not stated,not stated,400000,09/08/2026,#######
Katampe,Abuja,mansion,1,2,1125,no,no,6000000,17/08/2026,#######
Asokoro,Abuja,penthouse,4,3,,yes,yes,12400000,13/08/2026,#######
Jahi,Abuja,duplex,5,4,502,not stated,not stated,7800000,15/08/2026,#######
Life Camp,Abuja,bungalow,3,3,591,yes,not stated,4700000,07/08/2026,#######
Ikoyi,Lagos,self-contain,0,1,,yes,no,1200000,10/08/2026,#######
Jahi,Abuja,penthouse,3,3,523,yes,yes,8300000,08/08/2026,#######
Ikeja,Lagos,bungalow,3,2,253,not stated,no,3800000,15/08/2026,#######
Lekki Phase 2,Lagos,self-contain,0,1,,no,yes,-100000,10/08/2026,#######
Apo,Abuja,self-contain,0,1,86,no,no,400000,05/08/2026,#######
Amuwo Odofin,Lagos,bungalow,2,3,128,yes,yes,4000000,17/08/2026,#######
Festac,Lagos,flat,4,4,370,no,not stated,4600000,02/08/2026,#######
Dutse,Abuja,self-contain,0,1,133,yes,not stated,900000,17/08/2026,#######
Katampe,Abuja,bungalow,2,1,50,no,yes,3800000,16/08/2026,#######
Dutse,Abuja,penthouse,1,1,108,not stated,yes,4300000,12/08/2026,#######
Maitama,Abuja,bungalow,2,2,43,yes,not stated,5100000,08/08/2026,#######
Ikeja GRA,Lagos,terrace,2,3,73,not stated,yes,3600000,04/08/2026,#######
Life Camp,Abuja,duplex,3,4,276,no,not stated,4000000,15/08/2026,#######
Wuse 1,Abuja,penthouse,2,3,135,yes,not stated,3900000,07/08/2026,#######
Surulere,Lagos,mansion,2,2,502,no,no,6300000,15/08/2026,#######
Katampe,Abuja,terrace,4,5,485,no,no,4700000,17/08/2026,#######
Garki,Abuja,duplex,3,3,533,no,no,3300000,18/08/2026,#######
Guzape,Abuja,mansion,1,1,,yes,yes,12100000,06/08/2026,#######
Amuwo Odofin,Lagos,mansion,3,3,,not stated,not stated,7200000,08/08/2026,#######
Maitama,Abuja,mansion,4,4,1076,yes,yes,18000000,17/08/2026,#######
Apo,Abuja,penthouse,2,1,91,no,not stated,3800000,09/08/2026,#######
Sangotedo,Lagos,flat,2,1,78,no,not stated,2300000,08/08/2026,#######
Katampe,Abuja,bungalow,4,5,,yes,no,5200000,13/08/2026,#######
VGC,Lagos,terrace,2,1,,yes,yes,3700000,13/08/2026,#######
Ojodu Berger,Lagos,mansion,2,1,1007,no,yes,6500000,03/08/2026,#######
Life Camp,Abuja,duplex,3,4,771,not stated,no,4700000,08/08/2026,#######
Maitama,Abuja,duplex,5,5,309,no,no,7700000,01/08/2026,#######
Allen,Lagos,penthouse,5,4,242,no,yes,7200000,14/08/2026,#######
Amuwo Odofin,Lagos,penthouse,3,2,633,no,not stated,5200000,03/08/2026,#######
Amuwo Odofin,Lagos,mansion,3,3,903,no,not stated,7500000,17/08/2026,#######
Ikeja,Lagos,flat,2,1,119,not stated,no,3600000,06/08/2026,#######
Ajah,Lagos,flat,2,3,83,no,not stated,3200000,10/08/2026,#######
Allen,Lagos,self-contain,0,1,44,not stated,not stated,400000,15/08/2026,#######
Life Camp,Abuja,self-contain,0,1,,yes,no,700000,16/08/2026,#######
Mabushi,Abuja,terrace,3,3,,yes,no,2900000,01/08/2026,#######
Guzape,Abuja,bungalow,2,3,119,not stated,not stated,3600000,10/08/2026,#######
Gwarinpa,Abuja,mansion,4,5,1116,yes,not stated,13600000,09/08/2026,#######
VGC,Lagos,bungalow,5,4,,not stated,yes,6000000,11/08/2026,#######
Guzape,Abuja,self-contain,0,1,67,no,not stated,2200000,01/08/2026,#######
Yaba,Lagos,penthouse,3,4,247,not stated,no,6000000,03/08/2026,#######
Wuse 1,Abuja,penthouse,3,2,,yes,yes,4900000,05/08/2026,#######
Ikeja,Lagos,self-contain,0,1,130,yes,no,1700000,09/08/2026,#######
Garki,Abuja,penthouse,5,5,389,no,yes,7300000,18/08/2026,#######
Lekki Phase 1,Lagos,bungalow,1,2,42,yes,no,4500000,03/08/2026,#######
Sangotedo,Lagos,penthouse,3,3,738,yes,yes,6000000,16/08/2026,#######
Ikeja GRA,Lagos,penthouse,3,3,,not stated,yes,7300000,08/08/2026,#######
Lokogoma,Abuja,terrace,6,7,446,yes,no,6500000,16/08/2026,#######
Apo,Abuja,self-contain,0,1,,no,not stated,700000,11/08/2026,#######
Katampe,Abuja,mansion,3,3,612,no,yes,7600000,17/08/2026,#######
Asokoro,Abuja,terrace,2,3,138,not stated,not stated,6400000,02/08/2026,#######
Magodo,Lagos,flat,3,3,574,not stated,not stated,4100000,02/08/2026,#######
Dutse,Abuja,self-contain,0,1,77,yes,no,400000,07/08/2026,#######
Jahi,Abuja,self-contain,0,1,,not stated,not stated,300000,17/08/2026,#######
Magodo,Lagos,self-contain,0,1,96,no,not stated,1400000,08/08/2026,#######
Garki,Abuja,terrace,3,3,,no,no,4400000,01/08/2026,#######
Garki,Abuja,bungalow,2,1,,no,yes,2200000,16/08/2026,#######
Asokoro,Abuja,flat,2,1,61,not stated,no,6300000,01/08/2026,#######
Ojodu Berger,Lagos,bungalow,2,1,,not stated,not stated,2100000,07/08/2026,#######
Life Camp,Abuja,penthouse,3,3,410,yes,not stated,4700000,02/08/2026,#######
Victoria Island,Lagos,penthouse,3,3,,yes,yes,10400000,11/08/2026,#######
Ajah,Lagos,self-contain,0,1,85,yes,not stated,0,03/08/2026,#######
Jahi,Abuja,self-contain,0,1,,no,not stated,1800000,18/08/2026,#######
Ikeja GRA,Lagos,penthouse,1,1,74,not stated,not stated,6900000,16/08/2026,#######
Asokoro,Abuja,terrace,2,2,,not stated,yes,5700000,04/08/2026,#######
Apo,Abuja,self-contain,0,1,65,not stated,yes,700000,03/08/2026,#######
Amuwo Odofin,Lagos,penthouse,5,6,467,yes,not stated,7700000,16/08/2026,#######
Lugbe,Abuja,mansion,2,2,619,no,no,5200000,09/08/2026,#######
Wuse 2,Abuja,duplex,3,3,,no,yes,6400000,04/08/2026,#######
Ikeja,Lagos,mansion,4,4,1048,yes,yes,7400000,04/08/2026,#######
Wuse 2,Abuja,mansion,2,3,513,yes,no,16300000,11/08/2026,#######
Amuwo Odofin,Lagos,bungalow,3,2,192,not stated,yes,3800000,08/08/2026,#######
Guzape,Abuja,bungalow,2,3,55,yes,no,3700000,04/08/2026,#######
Amuwo Odofin,Lagos,mansion,2,1,,yes,not stated,5400000,06/08/2026,#######
Jahi,Abuja,terrace,2,2,117,no,not stated,4700000,17/08/2026,#######
Jahi,Abuja,flat,3,2,284,no,no,5000000,08/08/2026,#######
Magodo,Lagos,terrace,3,2,535,yes,not stated,4200000,15/08/2026,#######
Maitama,Abuja,bungalow,2,3,51,not stated,no,6300000,02/08/2026,#######
Gwarinpa,Abuja,bungalow,2,1,145,no,not stated,4100000,09/08/2026,#######
Magodo,Lagos,penthouse,5,5,,no,not stated,10200000,16/08/2026,#######
Wuse 1,Abuja,terrace,3,3,675,yes,no,4500000,01/08/2026,#######
Yaba,Lagos,duplex,2,2,68,no,yes,2200000,11/08/2026,#######
Ikeja GRA,Lagos,mansion,2,1,627,no,no,9600000,16/08/2026,#######
Lokogoma,Abuja,self-contain,0,1,,not stated,no,1000000,12/08/2026,#######
Ikeja,Lagos,flat,5,5,211,not stated,no,4500000,03/08/2026,#######
Ikeja GRA,Lagos,penthouse,3,2,352,no,no,8600000,13/08/2026,#######
Gwarinpa,Abuja,penthouse,2,2,54,not stated,no,8700000,03/08/2026,#######
Allen,Lagos,self-contain,0,1,129,no,not stated,700000,09/08/2026,#######
Lekki Phase 2,Lagos,self-contain,0,1,125,no,yes,600000,03/08/2026,#######
Gbagada,Lagos,self-contain,0,1,67,yes,yes,400000,14/08/2026,#######
Ikeja GRA,Lagos,penthouse,3,3,,no,no,8600000,13/08/2026,#######
Lugbe,Abuja,penthouse,2,2,106,yes,not stated,3900000,17/08/2026,#######
Surulere,Lagos,flat,3,2,540,not stated,no,2900000,15/08/2026,#######
Ikeja GRA,Lagos,penthouse,5,5,157,yes,no,8500000,08/08/2026,#######
Life Camp,Abuja,mansion,3,4,671,no,no,6200000,16/08/2026,#######
Gbagada,Lagos,penthouse,1,1,69,yes,yes,2800000,15/08/2026,#######
Guzape,Abuja,self-contain,0,1,100,yes,yes,1500000,14/08/2026,#######
Victoria Island,Lagos,terrace,4,3,690,not stated,not stated,7600000,02/08/2026,#######
Lokogoma,Abuja,self-contain,0,1,,no,no,1000000,15/08/2026,#######
Gwarinpa,Abuja,terrace,1,1,,no,not stated,2900000,02/08/2026,#######
Apo,Abuja,mansion,3,2,627,no,no,7200000,10/08/2026,#######
Wuse 1,Abuja,flat,6,7,532,no,not stated,7100000,04/08/2026,#######
Maitama,Abuja,penthouse,3,4,440,not stated,no,11200000,09/08/2026,#######
Lekki Phase 1,Lagos,mansion,2,2,919,yes,yes,13600000,06/08/2026,#######
Apo,Abuja,bungalow,4,3,679,not stated,not stated,4700000,12/08/2026,#######
Surulere,Lagos,penthouse,1,1,120,yes,yes,4100000,06/08/2026,#######
Victoria Island,Lagos,flat,1,2,102,no,not stated,4400000,05/08/2026,#######
Opebi,Lagos,flat,3,4,698,yes,no,2900000,16/08/2026,#######
Gbagada,Lagos,flat,3,4,446,no,not stated,3100000,06/08/2026,#######
Lekki Phase 2,Lagos,terrace,3,2,,no,no,4600000,18/08/2026,#######
Amuwo Odofin,Lagos,terrace,4,4,242,not stated,no,4700000,16/08/2026,#######
Asokoro,Abuja,terrace,3,4,678,no,no,5700000,10/08/2026,#######
Ojodu Berger,Lagos,flat,3,4,223,not stated,yes,3300000,15/08/2026,#######
Wuse 2,Abuja,penthouse,2,1,47,not stated,not stated,10600000,18/08/2026,#######
Gwarinpa,Abuja,self-contain,0,1,124,yes,yes,1500000,13/08/2026,#######
Ojodu Berger,Lagos,terrace,1,1,40,no,not stated,1600000,01/08/2026,#######
Sangotedo,Lagos,mansion,3,4,677,yes,yes,6500000,15/08/2026,#######
Ikeja GRA,Lagos,mansion,2,1,,no,no,10500000,18/08/2026,#######
Life Camp,Abuja,mansion,6,5,786,yes,yes,9400000,18/08/2026,#######
Lugbe,Abuja,terrace,2,3,101,yes,not stated,3000000,10/08/2026,#######
Lekki Phase 2,Lagos,mansion,2,1,1019,yes,yes,5400000,06/08/2026,#######
Gwarinpa,Abuja,bungalow,6,5,,not stated,no,7200000,04/08/2026,#######
Ojodu Berger,Lagos,duplex,2,2,114,yes,yes,3600000,03/08/2026,#######
Dutse,Abuja,duplex,2,3,82,not stated,yes,3900000,01/08/2026,#######
Ikeja GRA,Lagos,mansion,2,1,1146,not stated,not stated,9900000,05/08/2026,#######
Maryland,Lagos,duplex,3,4,771,no,no,4600000,01/08/2026,#######
Wuse 2,Abuja,flat,3,3,,yes,not stated,5400000,04/08/2026,#######
Sangotedo,Lagos,flat,6,7,314,no,yes,6200000,06/08/2026,#######
Gbagada,Lagos,flat,2,1,62,no,yes,3000000,15/08/2026,#######
Ikoyi,Lagos,bungalow,2,1,,yes,not stated,4300000,12/08/2026,#######
Amuwo Odofin,Lagos,flat,3,2,250,not stated,not stated,3400000,04/08/2026,#######
Maitama,Abuja,flat,2,1,85,yes,no,4600000,17/08/2026,#######
Katampe,Abuja,penthouse,1,2,136,no,not stated,3100000,16/08/2026,#######
Sangotedo,Lagos,terrace,4,3,,yes,not stated,5600000,18/08/2026,#######
Lokogoma,Abuja,duplex,1,1,117,no,yes,2300000,03/08/2026,#######
Festac,Lagos,terrace,5,5,430,not stated,no,4500000,09/08/2026,#######
Garki,Abuja,bungalow,1,1,,no,not stated,2200000,09/08/2026,#######
Lugbe,Abuja,flat,2,3,121,not stated,no,3000000,08/08/2026,#######
Apo,Abuja,penthouse,3,2,722,not stated,yes,6200000,14/08/2026,#######
Yaba,Lagos,bungalow,2,2,,no,no,2400000,12/08/2026,#######
Victoria Island,Lagos,mansion,2,2,1038,yes,no,15000000,06/08/2026,#######
Gbagada,Lagos,penthouse,3,4,411,yes,yes,4900000,02/08/2026,#######
Ajah,Lagos,duplex,2,3,69,not stated,no,2700000,05/08/2026,#######
Maryland,Lagos,terrace,2,2,,yes,no,2100000,09/08/2026,#######
Magodo,Lagos,penthouse,2,2,96,yes,yes,7600000,14/08/2026,#######
Apo,Abuja,terrace,3,3,402,no,not stated,3100000,14/08/2026,#######
Gbagada,Lagos,bungalow,2,1,130,not stated,no,3200000,15/08/2026,#######
Lokogoma,Abuja,self-contain,0,1,,not stated,no,1100000,06/08/2026,#######
Asokoro,Abuja,duplex,2,1,,not stated,yes,6100000,13/08/2026,#######
Festac,Lagos,duplex,2,2,93,not stated,not stated,3000000,01/08/2026,#######
Amuwo Odofin,Lagos,flat,2,2,,not stated,no,2300000,17/08/2026,#######
Ilupeju,Lagos,flat,3,2,,no,yes,3800000,01/08/2026,#######
Sangotedo,Lagos,duplex,2,2,145,not stated,not stated,2300000,18/08/2026,#######
Jahi,Abuja,mansion,6,7,670,not stated,not stated,15300000,14/08/2026,#######
Asokoro,Abuja,flat,3,2,517,not stated,no,6500000,16/08/2026,#######
Wuse 2,Abuja,flat,5,5,787,yes,yes,7600000,13/08/2026,#######
Apo,Abuja,mansion,4,5,1117,not stated,yes,7300000,10/08/2026,#######
Maryland,Lagos,duplex,3,3,,yes,not stated,4600000,08/08/2026,#######
Life Camp,Abuja,mansion,3,4,660,not stated,no,6600000,02/08/2026,#######
Victoria Island,Lagos,terrace,3,2,694,no,yes,5500000,17/08/2026,#######
Ikeja,Lagos,penthouse,1,2,,yes,no,3500000,17/08/2026,#######
Mabushi,Abuja,flat,3,2,198,no,not stated,3800000,04/08/2026,#######
Amuwo Odofin,Lagos,mansion,2,2,591,no,not stated,5600000,18/08/2026,#######
Maryland,Lagos,self-contain,0,1,87,no,yes,1200000,16/08/2026,#######
Victoria Island,Lagos,terrace,3,4,,no,no,5500000,07/08/2026,#######
Gbagada,Lagos,penthouse,3,4,551,not stated,not stated,5100000,05/08/2026,#######
Mabushi,Abuja,self-contain,0,1,115,no,not stated,1400000,11/08/2026,#######
Asokoro,Abuja,bungalow,1,1,,not stated,not stated,5600000,10/08/2026,#######
Festac,Lagos,self-contain,0,1,,no,not stated,300000,11/08/2026,#######
Gbagada,Lagos,penthouse,3,2,,not stated,no,5200000,06/08/2026,#######
Dutse,Abuja,self-contain,0,1,,not stated,yes,700000,11/08/2026,#######
Lugbe,Abuja,penthouse,3,4,387,yes,not stated,6200000,12/08/2026,#######
Surulere,Lagos,mansion,4,3,593,not stated,yes,6700000,11/08/2026,#######
Katampe,Abuja,mansion,4,5,1195,not stated,yes,6700000,06/08/2026,#######
Magodo,Lagos,penthouse,5,6,742,not stated,no,9100000,02/08/2026,#######
Dutse,Abuja,flat,2,2,,yes,no,2100000,16/08/2026,#######
Jahi,Abuja,terrace,2,3,96,not stated,no,4800000,15/08/2026,#######
Katampe,Abuja,flat,3,3,752,yes,yes,3200000,13/08/2026,#######
Lokogoma,Abuja,bungalow,2,1,59,not stated,not stated,2300000,01/08/2026,#######
Jahi,Abuja,mansion,4,5,664,no,no,13200000,09/08/2026,#######
Katampe,Abuja,flat,4,4,665,no,not stated,4600000,06/08/2026,#######
Katampe,Abuja,bungalow,2,3,149,not stated,yes,2300000,09/08/2026,#######
Maitama,Abuja,penthouse,3,3,623,yes,not stated,11600000,14/08/2026,#######
Maitama,Abuja,self-contain,0,1,118,not stated,not stated,2100000,06/08/2026,#######
Wuse 1,Abuja,self-contain,0,1,62,no,no,700000,01/08/2026,#######
Amuwo Odofin,Lagos,terrace,1,2,,yes,no,2900000,18/08/2026,#######
Ojodu Berger,Lagos,mansion,3,2,832,yes,yes,7800000,08/08/2026,#######
Gwarinpa,Abuja,terrace,3,2,772,yes,yes,6100000,06/08/2026,#######
Apo,Abuja,terrace,2,1,107,not stated,yes,2600000,16/08/2026,#######
Lekki Phase 1,Lagos,bungalow,1,1,,not stated,yes,5200000,07/08/2026,#######
Lokogoma,Abuja,flat,1,2,,yes,not stated,3100000,09/08/2026,#######
Asokoro,Abuja,penthouse,5,5,361,no,yes,12600000,11/08/2026,#######
Sangotedo,Lagos,terrace,3,4,516,yes,no,3000000,14/08/2026,#######
Ajah,Lagos,duplex,2,1,72,yes,not stated,2100000,10/08/2026,#######
Wuse 1,Abuja,penthouse,5,6,674,yes,not stated,6400000,04/08/2026,#######
Sangotedo,Lagos,penthouse,3,4,481,yes,not stated,6300000,17/08/2026,#######
Jahi,Abuja,self-contain,0,1,41,yes,no,2000000,12/08/2026,#######
Katampe,Abuja,bungalow,2,3,,yes,not stated,3400000,03/08/2026,#######
Katampe,Abuja,penthouse,3,4,,no,yes,6300000,07/08/2026,#######
Sangotedo,Lagos,mansion,3,3,950,no,yes,6900000,15/08/2026,#######
Allen,Lagos,bungalow,3,4,192,not stated,no,3300000,06/08/2026,#######
Festac,Lagos,penthouse,1,1,82,not stated,not stated,4100000,15/08/2026,#######
Maitama,Abuja,bungalow,1,1,91,no,no,4300000,04/08/2026,#######
Sangotedo,Lagos,terrace,2,3,134,yes,yes,3000000,17/08/2026,#######
Life Camp,Abuja,bungalow,2,3,142,yes,not stated,3100000,13/08/2026,#######
Festac,Lagos,self-contain,0,1,,not stated,not stated,900000,05/08/2026,#######
Garki,Abuja,bungalow,1,1,,yes,yes,2500000,16/08/2026,#######
Lokogoma,Abuja,duplex,5,6,,yes,yes,5500000,13/08/2026,#######
Jahi,Abuja,bungalow,6,5,638,no,no,7900000,05/08/2026,#######
Asokoro,Abuja,penthouse,6,7,662,no,no,14700000,15/08/2026,#######
Ikeja GRA,Lagos,penthouse,2,2,,yes,not stated,7300000,18/08/2026,#######
Guzape,Abuja,mansion,2,1,1050,yes,not stated,12400000,05/08/2026,#######
Garki,Abuja,duplex,1,1,99,yes,yes,2100000,05/08/2026,#######
VGC,Lagos,self-contain,0,1,,no,no,1700000,05/08/2026,#######
Sangotedo,Lagos,duplex,4,5,667,yes,no,3900000,11/08/2026,#######
Gbagada,Lagos,bungalow,3,4,509,not stated,yes,2900000,11/08/2026,#######
Life Camp,Abuja,self-contain,0,1,73,yes,no,400000,13/08/2026,#######
Lekki Phase 2,Lagos,duplex,2,3,48,yes,yes,2200000,02/08/2026,#######
Lokogoma,Abuja,bungalow,5,6,684,yes,not stated,6000000,09/08/2026,#######
Asokoro,Abuja,duplex,1,1,,yes,no,4100000,07/08/2026,#######
VGC,Lagos,terrace,4,5,627,yes,no,5300000,03/08/2026,#######
Lekki Phase 1,Lagos,mansion,2,2,,no,yes,14900000,18/08/2026,#######
Jahi,Abuja,flat,3,4,524,yes,yes,5500000,03/08/2026,#######
Apo,Abuja,penthouse,1,1,106,yes,no,4400000,10/08/2026,#######
Wuse 2,Abuja,flat,5,4,440,no,not stated,7500000,12/08/2026,#######
Dutse,Abuja,bungalow,4,5,,no,not stated,4600000,13/08/2026,#######
Surulere,Lagos,self-contain,0,1,95,not stated,yes,1700000,03/08/2026,#######
Asokoro,Abuja,mansion,1,1,,yes,yes,14400000,08/08/2026,#######
Surulere,Lagos,terrace,3,3,746,not stated,not stated,4500000,15/08/2026,#######
Garki,Abuja,bungalow,3,4,605,not stated,yes,3700000,03/08/2026,#######
Garki,Abuja,terrace,3,4,508,no,not stated,3000000,18/08/2026,#######
Victoria Island,Lagos,mansion,1,2,542,not stated,not stated,12700000,02/08/2026,#######
Life Camp,Abuja,terrace,3,3,,no,yes,3600000,18/08/2026,#######
Lekki Phase 1,Lagos,mansion,3,3,591,not stated,not stated,14600000,08/08/2026,#######
Maitama,Abuja,penthouse,3,2,380,not stated,yes,11600000,17/08/2026,#######
Sangotedo,Lagos,duplex,3,4,,no,yes,3700000,18/08/2026,#######
Amuwo Odofin,Lagos,duplex,3,2,714,yes,no,3700000,02/08/2026,#######
Allen,Lagos,mansion,4,3,1040,not stated,not stated,8400000,08/08/2026,#######
Lokogoma,Abuja,self-contain,0,1,49,not stated,yes,1000000,05/08/2026,#######
Lekki Phase 2,Lagos,penthouse,3,4,383,no,not stated,5000000,05/08/2026,#######
Gwarinpa,Abuja,duplex,3,2,763,yes,no,4500000,17/08/2026,#######
Ajah,Lagos,bungalow,3,3,,yes,not stated,3200000,06/08/2026,#######
Katampe,Abuja,terrace,5,4,288,not stated,no,6000000,17/08/2026,#######
VGC,Lagos,self-contain,0,1,,not stated,no,300000,08/08/2026,#######
Lugbe,Abuja,self-contain,0,1,42,yes,no,-100000,08/08/2026,#######
Asokoro,Abuja,penthouse,4,4,411,no,yes,12800000,07/08/2026,#######
Garki,Abuja,duplex,3,3,218,yes,yes,4700000,13/08/2026,#######
Maitama,Abuja,terrace,3,2,365,no,not stated,5800000,02/08/2026,#######
VGC,Lagos,penthouse,3,4,663,yes,yes,8300000,10/08/2026,#######
VGC,Lagos,duplex,3,4,,not stated,not stated,4400000,09/08/2026,#######
Gwarinpa,Abuja,terrace,3,4,776,yes,yes,5400000,14/08/2026,#######
Apo,Abuja,terrace,4,5,,yes,no,4600000,06/08/2026,#######
Victoria Island,Lagos,mansion,2,1,1057,yes,not stated,14000000,10/08/2026,#######
Surulere,Lagos,self-contain,0,1,134,not stated,yes,600000,08/08/2026,#######
Katampe,Abuja,terrace,3,4,,no,not stated,4000000,07/08/2026,#######
Katampe,Abuja,mansion,4,4,637,not stated,yes,7900000,16/08/2026,#######
Ajah,Lagos,penthouse,4,5,452,not stated,yes,5900000,13/08/2026,#######
Ojodu Berger,Lagos,mansion,5,4,,yes,yes,8800000,12/08/2026,#######
Victoria Island,Lagos,penthouse,2,2,103,not stated,yes,10100000,07/08/2026,#######
Ilupeju,Lagos,mansion,2,3,741,yes,yes,7000000,04/08/2026,#######
Wuse 2,Abuja,bungalow,2,2,43,yes,yes,6200000,15/08/2026,#######
Guzape,Abuja,duplex,3,2,,no,no,4800000,10/08/2026,#######
Maitama,Abuja,bungalow,3,4,566,not stated,not stated,6100000,03/08/2026,#######
Lekki Phase 2,Lagos,flat,2,1,115,not stated,no,3000000,08/08/2026,#######
Lokogoma,Abuja,penthouse,3,3,587,not stated,no,6100000,10/08/2026,#######
Lokogoma,Abuja,flat,2,2,,no,yes,2700000,11/08/2026,#######
Allen,Lagos,flat,3,4,,no,not stated,3700000,07/08/2026,#######
Amuwo Odofin,Lagos,self-contain,0,1,107,yes,yes,0,01/08/2026,#######
Asokoro,Abuja,penthouse,4,4,306,no,yes,13000000,05/08/2026,#######
Lokogoma,Abuja,terrace,4,5,483,not stated,yes,3800000,09/08/2026,#######
Asokoro,Abuja,bungalow,4,3,,not stated,no,7100000,16/08/2026,#######
Jahi,Abuja,terrace,3,3,443,no,yes,5800000,05/08/2026,#######
Maitama,Abuja,mansion,4,3,1080,no,no,17800000,04/08/2026,#######
Asokoro,Abuja,duplex,4,3,433,yes,not stated,7300000,05/08/2026,#######
Victoria Island,Lagos,flat,6,7,790,yes,no,7900000,04/08/2026,#######
Asokoro,Abuja,penthouse,5,6,268,no,yes,13400000,14/08/2026,#######
Lekki Phase 2,Lagos,self-contain,0,1,83,no,no,600000,03/08/2026,#######
Garki,Abuja,flat,5,5,505,no,yes,4700000,06/08/2026,#######
Guzape,Abuja,mansion,4,3,1124,not stated,not stated,14400000,17/08/2026,#######
Victoria Island,Lagos,mansion,3,3,531,not stated,yes,14300000,04/08/2026,#######
Gwarinpa,Abuja,flat,4,5,689,yes,not stated,5800000,11/08/2026,#######
Mabushi,Abuja,bungalow,3,3,,yes,yes,4100000,04/08/2026,#######
Yaba,Lagos,terrace,3,4,505,yes,no,3800000,01/08/2026,#######
Jahi,Abuja,penthouse,2,3,,yes,not stated,8400000,04/08/2026,#######
VGC,Lagos,bungalow,5,5,669,not stated,yes,5600000,06/08/2026,#######
Ikeja,Lagos,flat,4,5,513,not stated,not stated,5100000,16/08/2026,#######
Life Camp,Abuja,self-contain,0,1,,not stated,yes,100000,07/08/2026,#######
VGC,Lagos,duplex,3,4,556,no,no,3900000,13/08/2026,#######
Asokoro,Abuja,penthouse,5,4,,no,no,12500000,15/08/2026,#######
Guzape,Abuja,bungalow,2,1,,no,no,5400000,12/08/2026,#######
Ikeja GRA,Lagos,self-contain,0,1,107,yes,no,1000000,08/08/2026,#######
Ojodu Berger,Lagos,terrace,4,5,713,yes,yes,5300000,18/08/2026,#######
Yaba,Lagos,bungalow,2,1,,yes,no,3800000,04/08/2026,#######
Lokogoma,Abuja,flat,3,4,649,no,not stated,3800000,03/08/2026,#######
Lugbe,Abuja,penthouse,1,2,143,no,yes,3400000,06/08/2026,#######
Mabushi,Abuja,penthouse,2,2,110,no,no,4900000,04/08/2026,#######
VGC,Lagos,self-contain,0,1,44,yes,not stated,500000,17/08/2026,#######
Mabushi,Abuja,mansion,4,5,849,not stated,no,6900000,13/08/2026,#######
Lugbe,Abuja,penthouse,4,3,293,no,no,6800000,16/08/2026,#######
Maryland,Lagos,flat,3,4,331,not stated,no,3100000,14/08/2026,#######
Gwarinpa,Abuja,flat,3,4,,yes,no,5400000,17/08/2026,#######
Maitama,Abuja,penthouse,2,1,70,not stated,yes,10600000,16/08/2026,#######
Magodo,Lagos,penthouse,1,1,136,no,no,6100000,03/08/2026,#######
Jahi,Abuja,self-contain,0,1,61,not stated,not stated,1700000,12/08/2026,#######
Dutse,Abuja,duplex,4,5,,yes,no,4700000,03/08/2026,#######
Wuse 2,Abuja,penthouse,1,1,135,no,yes,9400000,08/08/2026,#######
Allen,Lagos,mansion,3,3,,yes,no,6900000,16/08/2026,#######
Gbagada,Lagos,bungalow,2,2,,no,yes,3500000,06/08/2026,#######
Guzape,Abuja,penthouse,4,3,295,not stated,no,10100000,13/08/2026,#######
Dutse,Abuja,flat,3,4,156,yes,not stated,3600000,08/08/2026,#######
Asokoro,Abuja,flat,3,4,401,not stated,no,6400000,14/08/2026,#######
Garki,Abuja,penthouse,3,4,632,no,not stated,6100000,13/08/2026,#######
Dutse,Abuja,duplex,2,3,,no,no,3800000,06/08/2026,#######
Lekki Phase 2,Lagos,self-contain,0,1,76,yes,yes,0,17/08/2026,#######
Dutse,Abuja,mansion,2,1,,not stated,yes,6200000,11/08/2026,#######
Jahi,Abuja,mansion,2,2,808,yes,no,11500000,13/08/2026,#######
Lokogoma,Abuja,terrace,2,3,,yes,yes,3800000,15/08/2026,#######
Amuwo Odofin,Lagos,penthouse,3,4,597,not stated,no,5500000,11/08/2026,#######
VGC,Lagos,mansion,3,2,,not stated,yes,10200000,04/08/2026,#######
Maryland,Lagos,duplex,2,3,55,no,not stated,3000000,08/08/2026,#######
Mabushi,Abuja,flat,1,1,136,not stated,not stated,3000000,06/08/2026,#######
Guzape,Abuja,duplex,2,2,59,yes,yes,4200000,11/08/2026,#######
VGC,Lagos,self-contain,0,1,104,not stated,not stated,1900000,07/08/2026,#######
Wuse 2,Abuja,duplex,2,1,,yes,not stated,5700000,17/08/2026,#######
Lokogoma,Abuja,bungalow,3,2,410,not stated,not stated,3600000,03/08/2026,#######
Wuse 1,Abuja,duplex,6,5,,yes,yes,5700000,17/08/2026,#######
Katampe,Abuja,bungalow,3,2,562,yes,no,4200000,02/08/2026,#######
Magodo,Lagos,flat,3,4,,not stated,no,4700000,01/08/2026,#######
Jahi,Abuja,duplex,4,3,558,no,not stated,6600000,10/08/2026,#######
Wuse 1,Abuja,bungalow,2,1,111,no,not stated,3500000,13/08/2026,#######
Opebi,Lagos,terrace,5,5,254,yes,no,6100000,13/08/2026,#######
Life Camp,Abuja,penthouse,3,4,235,not stated,not stated,6000000,07/08/2026,#######
Wuse 1,Abuja,bungalow,3,2,256,no,not stated,3200000,16/08/2026,#######
Festac,Lagos,self-contain,0,1,102,no,not stated,500000,14/08/2026,#######
Dutse,Abuja,penthouse,1,1,133,yes,no,2800000,07/08/2026,#######
Lekki Phase 1,Lagos,penthouse,4,4,723,no,no,10900000,03/08/2026,#######
Ikeja GRA,Lagos,self-contain,0,1,,yes,no,1300000,02/08/2026,#######
Lekki Phase 1,Lagos,duplex,2,3,70,no,no,5100000,04/08/2026,#######
Life Camp,Abuja,penthouse,5,5,,yes,yes,7000000,09/08/2026,#######
Surulere,Lagos,terrace,1,1,40,no,not stated,3000000,09/08/2026,#######
Dutse,Abuja,self-contain,0,1,141,yes,no,200000,08/08/2026,#######
Ikeja,Lagos,penthouse,5,6,,no,not stated,6700000,17/08/2026,#######
Gwarinpa,Abuja,bungalow,3,3,,yes,not stated,4400000,10/08/2026,#######
Wuse 1,Abuja,mansion,6,7,844,not stated,yes,9800000,15/08/2026,#######
Lokogoma,Abuja,self-contain,0,1,132,yes,not stated,0,05/08/2026,#######
Mabushi,Abuja,terrace,3,3,,yes,yes,3300000,18/08/2026,#######
Opebi,Lagos,flat,4,5,681,no,yes,4200000,05/08/2026,#######
Opebi,Lagos,flat,5,4,478,not stated,no,4500000,17/08/2026,#######
Asokoro,Abuja,self-contain,0,1,96,no,not stated,1700000,07/08/2026,#######
Amuwo Odofin,Lagos,self-contain,0,1,92,not stated,not stated,500000,01/08/2026,#######
Opebi,Lagos,flat,1,1,64,no,yes,1900000,02/08/2026,#######
Garki,Abuja,penthouse,2,1,,not stated,no,4600000,09/08/2026,#######
Lugbe,Abuja,bungalow,1,1,119,no,no,2200000,15/08/2026,#######
Festac,Lagos,penthouse,5,5,191,not stated,not stated,6900000,07/08/2026,#######
Apo,Abuja,duplex,6,6,209,not stated,yes,6600000,12/08/2026,#######
Asokoro,Abuja,flat,4,4,,yes,yes,7000000,07/08/2026,#######
Allen,Lagos,self-contain,0,1,102,yes,yes,400000,11/08/2026,#######
Sangotedo,Lagos,self-contain,0,1,,not stated,yes,1600000,11/08/2026,#######
Life Camp,Abuja,duplex,1,2,71,no,not stated,2500000,12/08/2026,#######
Mabushi,Abuja,bungalow,5,5,591,not stated,not stated,5000000,14/08/2026,#######
Gwarinpa,Abuja,terrace,4,5,240,not stated,yes,5200000,17/08/2026,#######
Gbagada,Lagos,terrace,3,2,600,no,no,2900000,09/08/2026,#######
Ikoyi,Lagos,bungalow,3,3,677,not stated,no,5500000,01/08/2026,#######
Maryland,Lagos,mansion,6,5,,not stated,no,8400000,13/08/2026,#######
Victoria Island,Lagos,self-contain,0,1,59,no,no,2200000,08/08/2026,#######
Ojodu Berger,Lagos,mansion,2,2,723,no,yes,5600000,01/08/2026,#######
Ikeja,Lagos,self-contain,0,1,129,yes,yes,-100000,03/08/2026,#######
Apo,Abuja,self-contain,0,1,,yes,not stated,1600000,12/08/2026,#######
Jahi,Abuja,self-contain,0,1,80,no,yes,1800000,18/08/2026,#######
Maitama,Abuja,terrace,3,4,578,yes,yes,5700000,12/08/2026,#######
Garki,Abuja,flat,4,5,,no,no,4700000,17/08/2026,#######
Wuse 2,Abuja,mansion,2,2,1187,no,no,16900000,08/08/2026,#######
Dutse,Abuja,mansion,3,3,,not stated,no,6600000,08/08/2026,#######
Lekki Phase 2,Lagos,bungalow,2,1,121,no,no,3700000,03/08/2026,#######
Maryland,Lagos,duplex,2,2,54,yes,not stated,3600000,13/08/2026,#######
Festac,Lagos,flat,2,3,125,no,no,3000000,08/08/2026,#######
Jahi,Abuja,flat,2,2,118,not stated,yes,4500000,02/08/2026,#######
Ikeja GRA,Lagos,mansion,3,3,1190,no,no,10200000,15/08/2026,#######
Sangotedo,Lagos,terrace,5,4,231,yes,no,6400000,18/08/2026,#######
Wuse 1,Abuja,duplex,3,3,706,yes,no,3700000,01/08/2026,#######
Yaba,Lagos,terrace,4,3,585,no,no,5100000,03/08/2026,#######
Sangotedo,Lagos,duplex,4,4,177,not stated,no,5100000,02/08/2026,#######
Gbagada,Lagos,bungalow,3,3,731,not stated,no,3700000,08/08/2026,#######
Maryland,Lagos,penthouse,2,2,127,no,yes,5200000,08/08/2026,#######
Garki,Abuja,self-contain,0,1,,no,not stated,300000,16/08/2026,#######
Wuse 1,Abuja,penthouse,3,4,714,yes,no,5700000,10/08/2026,#######
Ilupeju,Lagos,duplex,2,1,,yes,yes,3700000,11/08/2026,#######
Sangotedo,Lagos,self-contain,0,1,122,no,not stated,1600000,01/08/2026,#######
Ikeja,Lagos,terrace,3,3,,yes,no,4200000,11/08/2026,#######
Guzape,Abuja,bungalow,3,3,,yes,yes,6200000,17/08/2026,#######
Maitama,Abuja,flat,3,3,,yes,no,6000000,10/08/2026,#######
Lekki Phase 2,Lagos,mansion,2,1,609,not stated,no,6700000,09/08/2026,#######
Wuse 1,Abuja,bungalow,3,4,,no,yes,2900000,11/08/2026,#######
Magodo,Lagos,flat,2,2,90,not stated,no,5000000,13/08/2026,#######
Yaba,Lagos,penthouse,6,5,,not stated,no,8400000,02/08/2026,#######
Maitama,Abuja,bungalow,3,4,,yes,not stated,6400000,06/08/2026,#######
Life Camp,Abuja,flat,3,3,756,yes,not stated,2900000,04/08/2026,#######
Maryland,Lagos,duplex,5,6,,yes,no,4700000,14/08/2026,#######
Ikoyi,Lagos,mansion,2,3,1022,not stated,no,14800000,05/08/2026,#######
Lugbe,Abuja,duplex,5,4,,no,not stated,6200000,01/08/2026,#######
Gwarinpa,Abuja,penthouse,1,1,94,no,yes,7800000,05/08/2026,#######
Wuse 2,Abuja,bungalow,3,2,542,no,no,7000000,16/08/2026,#######
VGC,Lagos,duplex,2,2,,yes,yes,3200000,08/08/2026,#######
Jahi,Abuja,bungalow,5,4,259,yes,no,6900000,15/08/2026,#######
Sangotedo,Lagos,penthouse,5,5,,no,yes,6300000,15/08/2026,#######
Magodo,Lagos,mansion,2,1,,not stated,not stated,9100000,10/08/2026,#######
Jahi,Abuja,flat,4,3,,yes,no,6100000,12/08/2026,#######
Ikeja GRA,Lagos,flat,3,3,764,yes,not stated,4300000,01/08/2026,#######
Asokoro,Abuja,penthouse,5,5,707,not stated,yes,13200000,12/08/2026,#######
Amuwo Odofin,Lagos,flat,3,4,316,no,no,2900000,04/08/2026,#######
Ilupeju,Lagos,duplex,3,3,256,no,not stated,3000000,02/08/2026,#######
Lugbe,Abuja,bungalow,3,3,162,not stated,not stated,4400000,12/08/2026,#######
Ikeja GRA,Lagos,mansion,2,2,720,not stated,not stated,9400000,16/08/2026,#######
Guzape,Abuja,terrace,5,5,559,not stated,no,7400000,14/08/2026,#######
Wuse 2,Abuja,duplex,2,1,128,yes,yes,5200000,09/08/2026,#######
Lugbe,Abuja,penthouse,2,1,134,not stated,not stated,5100000,02/08/2026,#######
Ilupeju,Lagos,terrace,4,4,366,not stated,not stated,3700000,12/08/2026,#######
Lokogoma,Abuja,duplex,3,3,,yes,no,4300000,08/08/2026,#######
Gbagada,Lagos,flat,3,4,,not stated,no,3900000,10/08/2026,#######
Magodo,Lagos,self-contain,0,1,,yes,yes,1100000,17/08/2026,#######
Lugbe,Abuja,duplex,3,4,670,no,yes,4500000,04/08/2026,#######
Lugbe,Abuja,self-contain,0,1,146,no,no,1200000,14/08/2026,#######
Dutse,Abuja,penthouse,5,6,479,no,no,7400000,18/08/2026,#######
Gbagada,Lagos,mansion,1,2,974,yes,not stated,5800000,14/08/2026,#######
Magodo,Lagos,self-contain,0,1,87,no,no,600000,06/08/2026,#######
Lugbe,Abuja,bungalow,3,4,,yes,not stated,4600000,15/08/2026,#######
Ikoyi,Lagos,terrace,5,4,530,not stated,not stated,7100000,01/08/2026,#######
Gbagada,Lagos,terrace,3,3,,no,no,3400000,11/08/2026,#######
Garki,Abuja,mansion,2,1,,yes,no,6800000,06/08/2026,#######
Wuse 2,Abuja,flat,3,3,391,not stated,no,7100000,16/08/2026,#######
Ilupeju,Lagos,penthouse,4,3,323,no,not stated,5300000,14/08/2026,#######
Ikoyi,Lagos,duplex,2,2,88,not stated,no,4600000,02/08/2026,#######
Ikeja GRA,Lagos,self-contain,0,1,126,not stated,no,100000,10/08/2026,#######
Wuse 1,Abuja,duplex,3,3,606,not stated,yes,3100000,12/08/2026,#######
Allen,Lagos,penthouse,4,4,676,yes,no,6100000,12/08/2026,#######
Allen,Lagos,terrace,3,3,,not stated,not stated,4600000,03/08/2026,#######
Katampe,Abuja,flat,3,3,548,not stated,yes,4700000,02/08/2026,#######
Ikeja,Lagos,terrace,4,4,739,yes,yes,5600000,06/08/2026,#######
Wuse 1,Abuja,penthouse,5,4,,yes,not stated,7400000,04/08/2026,#######
Lekki Phase 2,Lagos,flat,6,6,336,no,no,5800000,05/08/2026,#######
Yaba,Lagos,penthouse,3,3,402,not stated,yes,5700000,08/08/2026,#######
Lokogoma,Abuja,duplex,5,6,,not stated,no,6100000,05/08/2026,#######
Lekki Phase 1,Lagos,duplex,5,6,,not stated,not stated,6800000,01/08/2026,#######
Garki,Abuja,self-contain,0,1,41,no,not stated,-100000,06/08/2026,#######
Katampe,Abuja,mansion,2,2,906,not stated,yes,5200000,11/08/2026,#######
Guzape,Abuja,duplex,3,2,645,yes,no,6100000,18/08/2026,#######
Dutse,Abuja,flat,2,3,,yes,no,3300000,11/08/2026,#######
Apo,Abuja,self-contain,0,1,73,not stated,not stated,400000,16/08/2026,#######
Dutse,Abuja,flat,3,2,366,not stated,yes,4700000,02/08/2026,#######
Maryland,Lagos,flat,2,3,59,yes,not stated,2100000,10/08/2026,#######
Wuse 1,Abuja,self-contain,0,1,93,no,no,300000,02/08/2026,#######
Ilupeju,Lagos,penthouse,2,3,,no,not stated,3800000,13/08/2026,#######
Jahi,Abuja,bungalow,1,1,56,yes,not stated,4700000,10/08/2026,#######
Magodo,Lagos,terrace,3,3,582,not stated,not stated,4100000,01/08/2026,#######
Ilupeju,Lagos,terrace,1,1,110,yes,yes,3000000,08/08/2026,#######
VGC,Lagos,terrace,2,3,,no,not stated,4500000,07/08/2026,#######
Wuse 2,Abuja,flat,4,5,214,yes,yes,7400000,04/08/2026,#######
Apo,Abuja,mansion,6,7,,no,not stated,8400000,07/08/2026,#######
Festac,Lagos,terrace,3,2,,yes,yes,3100000,10/08/2026,#######
Katampe,Abuja,penthouse,4,3,727,yes,not stated,6700000,10/08/2026,#######
Jahi,Abuja,bungalow,6,5,233,not stated,no,8200000,11/08/2026,#######
Life Camp,Abuja,penthouse,1,1,80,no,yes,4600000,18/08/2026,#######
Dutse,Abuja,duplex,2,2,115,yes,yes,2400000,13/08/2026,#######
Wuse 1,Abuja,flat,3,4,702,yes,not stated,4100000,01/08/2026,#######
Apo,Abuja,penthouse,6,6,179,not stated,no,7800000,16/08/2026,#######
Mabushi,Abuja,bungalow,5,6,629,yes,no,4600000,05/08/2026,#######
Lekki Phase 2,Lagos,bungalow,6,6,251,yes,yes,5500000,05/08/2026,#######
Lokogoma,Abuja,mansion,5,6,614,yes,yes,9100000,13/08/2026,#######
Victoria Island,Lagos,mansion,4,4,1147,no,not stated,16500000,11/08/2026,#######
Katampe,Abuja,self-contain,0,1,,not stated,yes,-100000,09/08/2026,#######
Ikeja,Lagos,mansion,2,1,1083,no,no,5100000,05/08/2026,#######
Garki,Abuja,self-contain,0,1,,not stated,yes,1400000,10/08/2026,#######
Magodo,Lagos,mansion,5,5,,not stated,not stated,13400000,13/08/2026,#######
Victoria Island,Lagos,self-contain,0,1,135,no,not stated,1800000,11/08/2026,#######
Lekki Phase 1,Lagos,bungalow,4,3,283,no,yes,6700000,15/08/2026,#######
Apo,Abuja,bungalow,6,6,,not stated,yes,6700000,12/08/2026,#######
Allen,Lagos,penthouse,2,2,,not stated,not stated,3700000,17/08/2026,#######
Wuse 2,Abuja,mansion,3,4,823,no,no,16000000,07/08/2026,#######
Gwarinpa,Abuja,self-contain,0,1,,no,not stated,1900000,10/08/2026,#######
Gwarinpa,Abuja,self-contain,0,1,104,no,yes,1000000,18/08/2026,#######
Mabushi,Abuja,bungalow,2,2,,not stated,no,2600000,02/08/2026,#######
Mabushi,Abuja,self-contain,0,1,111,yes,yes,1000000,07/08/2026,#######
Yaba,Lagos,terrace,3,4,179,yes,not stated,3100000,17/08/2026,#######
Asokoro,Abuja,duplex,6,5,649,yes,no,9400000,01/08/2026,#######
Ikeja GRA,Lagos,bungalow,2,1,132,yes,no,4600000,06/08/2026,#######
Dutse,Abuja,bungalow,2,2,,no,not stated,2800000,09/08/2026,#######
Wuse 1,Abuja,duplex,3,4,452,not stated,no,4200000,10/08/2026,#######
Wuse 1,Abuja,self-contain,0,1,134,not stated,yes,100000,10/08/2026,#######
Gwarinpa,Abuja,mansion,4,4,683,no,yes,14100000,08/08/2026,#######
Sangotedo,Lagos,self-contain,0,1,76,yes,yes,1100000,12/08/2026,#######
Guzape,Abuja,penthouse,3,4,303,yes,not stated,8300000,04/08/2026,#######
Surulere,Lagos,penthouse,3,2,752,not stated,not stated,5200000,13/08/2026,#######
Katampe,Abuja,bungalow,4,5,,not stated,not stated,3700000,13/08/2026,#######
Surulere,Lagos,duplex,4,3,721,not stated,yes,4800000,01/08/2026,#######
Asokoro,Abuja,bungalow,2,2,125,not stated,not stated,4900000,06/08/2026,#######
Wuse 1,Abuja,penthouse,3,2,735,not stated,not stated,4700000,11/08/2026,#######
Mabushi,Abuja,flat,3,2,768,not stated,no,4800000,05/08/2026,#######
Maitama,Abuja,penthouse,3,2,,no,no,11200000,06/08/2026,#######
Jahi,Abuja,penthouse,3,3,,not stated,no,9500000,08/08/2026,#######
Ilupeju,Lagos,duplex,2,3,101,yes,not stated,2600000,18/08/2026,#######
Ilupeju,Lagos,flat,2,2,,not stated,no,2100000,17/08/2026,#######
Festac,Lagos,self-contain,0,1,78,not stated,yes,1300000,11/08/2026,#######
Ikeja,Lagos,duplex,3,3,213,not stated,no,3100000,06/08/2026,#######
Wuse 1,Abuja,duplex,2,3,,not stated,no,3800000,05/08/2026,#######
Garki,Abuja,mansion,2,2,554,not stated,no,7000000,17/08/2026,#######
Apo,Abuja,mansion,2,1,1093,yes,no,5900000,15/08/2026,#######
Maitama,Abuja,bungalow,5,4,441,no,not stated,7900000,12/08/2026,#######
Lekki Phase 2,Lagos,duplex,3,3,,no,no,3900000,11/08/2026,#######
Maitama,Abuja,self-contain,0,1,116,yes,not stated,1300000,06/08/2026,#######
Jahi,Abuja,self-contain,0,1,143,yes,yes,1600000,03/08/2026,#######
Lekki Phase 2,Lagos,terrace,4,4,488,no,no,4500000,07/08/2026,#######
Wuse 2,Abuja,terrace,5,6,,not stated,not stated,7900000,11/08/2026,#######
Mabushi,Abuja,self-contain,0,1,129,yes,yes,100000,01/08/2026,#######
Ojodu Berger,Lagos,flat,1,1,,yes,no,3100000,15/08/2026,#######
Gbagada,Lagos,duplex,4,3,322,yes,not stated,4900000,14/08/2026,#######
Dutse,Abuja,flat,5,4,,not stated,no,5800000,07/08/2026,#######
Ikoyi,Lagos,self-contain,0,1,110,yes,yes,1700000,12/08/2026,#######
Lekki Phase 1,Lagos,bungalow,4,4,448,yes,not stated,7400000,12/08/2026,#######
Ikeja,Lagos,terrace,3,2,517,not stated,no,4000000,16/08/2026,#######
Katampe,Abuja,duplex,3,4,519,yes,no,3100000,13/08/2026,#######
Dutse,Abuja,mansion,2,2,1076,no,no,6900000,17/08/2026,#######
Victoria Island,Lagos,self-contain,0,1,126,yes,not stated,2000000,12/08/2026,#######
Dutse,Abuja,bungalow,1,1,,no,no,2100000,08/08/2026,#######
Lokogoma,Abuja,self-contain,0,1,,not stated,yes,300000,03/08/2026,#######
Life Camp,Abuja,flat,6,7,,not stated,not stated,6300000,04/08/2026,#######
Lokogoma,Abuja,duplex,3,2,,no,not stated,4600000,06/08/2026,#######
Wuse 1,Abuja,mansion,6,6,1170,yes,not stated,9100000,02/08/2026,#######
Sangotedo,Lagos,duplex,4,3,317,yes,no,5200000,18/08/2026,#######
Lokogoma,Abuja,mansion,2,3,,no,not stated,5700000,05/08/2026,#######
Garki,Abuja,duplex,3,2,,not stated,not stated,3600000,18/08/2026,#######
Garki,Abuja,self-contain,0,1,,not stated,yes,300000,18/08/2026,#######
Lugbe,Abuja,terrace,4,5,367,not stated,no,3900000,09/08/2026,#######
Dutse,Abuja,mansion,4,5,525,yes,no,7400000,09/08/2026,#######
Ajah,Lagos,self-contain,0,1,80,yes,yes,1600000,08/08/2026,#######
Yaba,Lagos,terrace,2,3,80,not stated,not stated,2600000,05/08/2026,#######
Apo,Abuja,duplex,2,2,143,no,yes,2700000,12/08/2026,#######
Dutse,Abuja,penthouse,3,4,445,not stated,no,6100000,07/08/2026,#######
Ajah,Lagos,self-contain,0,1,,yes,not stated,200000,03/08/2026,#######
Ikoyi,Lagos,flat,4,4,,yes,not stated,7500000,01/08/2026,#######
Surulere,Lagos,penthouse,3,4,539,not stated,not stated,6000000,17/08/2026,#######
Lekki Phase 1,Lagos,self-contain,0,1,47,yes,not stated,1400000,10/08/2026,#######
Lugbe,Abuja,self-contain,0,1,,no,not stated,800000,06/08/2026,#######
Wuse 1,Abuja,self-contain,0,1,,not stated,no,100000,08/08/2026,#######
Ajah,Lagos,duplex,4,5,,not stated,not stated,5400000,12/08/2026,#######
Lekki Phase 2,Lagos,mansion,3,2,736,no,not stated,7100000,10/08/2026,#######
Asokoro,Abuja,terrace,5,4,598,not stated,not stated,7800000,18/08/2026,#######
Apo,Abuja,bungalow,4,3,308,not stated,yes,4100000,08/08/2026,#######
Ikeja GRA,Lagos,self-contain,0,1,44,not stated,yes,1500000,01/08/2026,#######
Katampe,Abuja,bungalow,3,4,758,yes,not stated,3000000,08/08/2026,#######
Mabushi,Abuja,mansion,2,3,,not stated,not stated,6100000,01/08/2026,#######
Ilupeju,Lagos,mansion,3,2,1150,no,no,6900000,04/08/2026,#######
Guzape,Abuja,bungalow,2,1,82,not stated,no,4000000,13/08/2026,#######
Katampe,Abuja,flat,2,3,,yes,yes,3200000,10/08/2026,#######
Katampe,Abuja,terrace,6,5,,yes,no,5300000,10/08/2026,#######
Asokoro,Abuja,penthouse,2,3,,yes,not stated,10700000,05/08/2026,#######
Ikoyi,Lagos,terrace,2,2,,no,yes,4700000,02/08/2026,#######
Gwarinpa,Abuja,flat,2,2,,not stated,no,4400000,11/08/2026,#######
Sangotedo,Lagos,flat,4,5,,no,not stated,4800000,13/08/2026,#######
Dutse,Abuja,mansion,3,4,1087,not stated,yes,6600000,12/08/2026,#######
Ikeja GRA,Lagos,self-contain,0,1,94,no,no,1300000,15/08/2026,#######
Victoria Island,Lagos,terrace,2,1,83,not stated,no,4200000,08/08/2026,#######
Lokogoma,Abuja,terrace,4,5,,not stated,no,4800000,07/08/2026,#######
VGC,Lagos,duplex,1,2,122,not stated,no,3500000,03/08/2026,#######
Jahi,Abuja,self-contain,0,1,83,not stated,not stated,2100000,13/08/2026,#######
Surulere,Lagos,penthouse,5,6,540,yes,no,7800000,07/08/2026,#######
Apo,Abuja,penthouse,2,1,140,not stated,not stated,4100000,16/08/2026,#######
Guzape,Abuja,duplex,3,2,,not stated,not stated,5200000,09/08/2026,#######
Jahi,Abuja,terrace,5,6,,no,yes,7400000,05/08/2026,#######
Lokogoma,Abuja,bungalow,1,1,148,not stated,not stated,2300000,15/08/2026,#######
Ajah,Lagos,terrace,2,1,,no,not stated,3800000,10/08/2026,#######
Ilupeju,Lagos,self-contain,0,1,117,no,yes,1100000,15/08/2026,#######
Garki,Abuja,terrace,4,5,,no,no,4900000,09/08/2026,#######
Life Camp,Abuja,self-contain,0,1,,not stated,not stated,1700000,09/08/2026,#######
Jahi,Abuja,penthouse,1,2,76,yes,no,7400000,13/08/2026,#######
Wuse 2,Abuja,flat,2,3,136,no,no,6200000,18/08/2026,#######
Jahi,Abuja,penthouse,4,5,,no,not stated,9500000,02/08/2026,#######
Apo,Abuja,duplex,3,4,465,not stated,no,3200000,06/08/2026,#######
Lekki Phase 2,Lagos,self-contain,0,1,,no,no,500000,14/08/2026,#######
Lekki Phase 2,Lagos,flat,4,5,415,not stated,no,3800000,04/08/2026,#######
Ajah,Lagos,flat,4,5,285,not stated,not stated,5200000,02/08/2026,#######
Jahi,Abuja,mansion,3,4,687,yes,not stated,12400000,06/08/2026,#######
Ikeja GRA,Lagos,terrace,2,2,94,no,no,3200000,10/08/2026,#######
Ikoyi,Lagos,duplex,3,3,,yes,not stated,6800000,08/08/2026,#######
Mabushi,Abuja,self-contain,0,1,83,yes,yes,1300000,14/08/2026,#######
Lokogoma,Abuja,terrace,6,6,781,not stated,yes,7100000,06/08/2026,#######
Ajah,Lagos,self-contain,0,1,77,no,yes,0,13/08/2026,#######
Jahi,Abuja,mansion,5,5,575,yes,yes,13800000,13/08/2026,#######
Wuse 2,Abuja,duplex,1,2,88,no,not stated,5400000,02/08/2026,#######
Life Camp,Abuja,penthouse,3,3,482,yes,not stated,6200000,02/08/2026,#######
Garki,Abuja,duplex,2,1,54,yes,not stated,2800000,06/08/2026,#######
Wuse 2,Abuja,flat,4,5,201,no,no,7400000,03/08/2026,#######
Sangotedo,Lagos,duplex,6,7,597,not stated,not stated,6700000,18/08/2026,#######
Amuwo Odofin,Lagos,flat,1,1,,yes,yes,1700000,18/08/2026,#######
Lekki Phase 2,Lagos,mansion,3,2,,yes,yes,7500000,14/08/2026,#######
Asokoro,Abuja,duplex,3,4,683,no,no,6100000,14/08/2026,#######
Ikoyi,Lagos,flat,3,2,,not stated,yes,5900000,15/08/2026,#######
Wuse 1,Abuja,terrace,2,2,138,not stated,yes,2600000,12/08/2026,#######
Ajah,Lagos,penthouse,3,4,152,yes,no,5500000,05/08/2026,#######
Maitama,Abuja,mansion,4,5,1120,not stated,not stated,18500000,18/08/2026,#######
Guzape,Abuja,penthouse,3,2,756,no,yes,9900000,03/08/2026,#######
Jahi,Abuja,bungalow,1,2,101,not stated,yes,2900000,04/08/2026,#######
Wuse 1,Abuja,terrace,3,3,,not stated,yes,4400000,12/08/2026,#######
Gwarinpa,Abuja,mansion,3,2,999,no,yes,13700000,07/08/2026,#######
Apo,Abuja,bungalow,2,2,,no,yes,2100000,05/08/2026,#######
Ikeja GRA,Lagos,terrace,3,3,466,no,not stated,5800000,13/08/2026,#######
Garki,Abuja,self-contain,0,1,112,yes,yes,1000000,04/08/2026,#######
Mabushi,Abuja,flat,2,1,,not stated,no,2200000,08/08/2026,#######
Ilupeju,Lagos,flat,2,1,59,yes,yes,2600000,14/08/2026,#######
Maitama,Abuja,bungalow,2,2,96,yes,no,6500000,08/08/2026,#######
Wuse 2,Abuja,self-contain,0,1,51,no,yes,2000000,04/08/2026,#######
Ajah,Lagos,penthouse,1,2,130,not stated,yes,3500000,12/08/2026,#######
Wuse 1,Abuja,penthouse,3,2,204,not stated,no,5900000,16/08/2026,#######
Opebi,Lagos,mansion,5,5,1003,no,not stated,7700000,01/08/2026,#######
Asokoro,Abuja,penthouse,3,3,256,no,yes,10700000,13/08/2026,#######
Jahi,Abuja,duplex,1,2,65,not stated,no,3700000,16/08/2026,#######
Lekki Phase 1,Lagos,terrace,3,4,656,no,no,5100000,01/08/2026,#######
Sangotedo,Lagos,terrace,3,3,,no,yes,4300000,18/08/2026,#######
Asokoro,Abuja,duplex,1,1,78,no,yes,4600000,01/08/2026,#######
Yaba,Lagos,terrace,3,3,,not stated,yes,3400000,17/08/2026,#######
Amuwo Odofin,Lagos,mansion,3,2,582,yes,no,6000000,17/08/2026,#######
Opebi,Lagos,duplex,4,3,,yes,yes,4800000,03/08/2026,#######
Maryland,Lagos,self-contain,0,1,89,no,yes,400000,08/08/2026,#######
Gwarinpa,Abuja,bungalow,3,3,178,no,not stated,4900000,12/08/2026,#######
Maryland,Lagos,terrace,4,5,591,yes,no,5300000,04/08/2026,#######
Amuwo Odofin,Lagos,flat,3,2,199,not stated,not stated,4200000,08/08/2026,#######
Ajah,Lagos,bungalow,2,3,94,not stated,yes,2200000,18/08/2026,#######
Lugbe,Abuja,duplex,2,1,118,not stated,yes,2600000,11/08/2026,#######
Wuse 2,Abuja,terrace,2,2,82,no,no,6300000,06/08/2026,#######
Lokogoma,Abuja,self-contain,0,1,72,not stated,no,400000,09/08/2026,#######
Yaba,Lagos,bungalow,2,3,128,no,no,2500000,07/08/2026,#######
Ikoyi,Lagos,penthouse,2,3,,not stated,no,9700000,13/08/2026,#######
Maryland,Lagos,mansion,1,1,1003,yes,not stated,5600000,16/08/2026,#######
Lokogoma,Abuja,flat,3,3,326,not stated,yes,3700000,14/08/2026,#######
Guzape,Abuja,flat,3,3,492,no,not stated,4400000,03/08/2026,#######
Wuse 2,Abuja,duplex,2,1,,no,yes,6300000,02/08/2026,#######
Asokoro,Abuja,terrace,4,3,,not stated,yes,7000000,09/08/2026,#######
Apo,Abuja,bungalow,4,5,,not stated,no,4600000,07/08/2026,#######
Ajah,Lagos,terrace,3,2,194,no,yes,3900000,04/08/2026,#######
Surulere,Lagos,bungalow,3,3,217,yes,not stated,4500000,14/08/2026,#######
Wuse 1,Abuja,terrace,2,3,79,not stated,no,2200000,02/08/2026,#######
Life Camp,Abuja,penthouse,4,4,,no,not stated,6700000,05/08/2026,#######
Ilupeju,Lagos,self-contain,0,1,,no,no,700000,05/08/2026,#######
Opebi,Lagos,terrace,3,2,336,yes,yes,4200000,04/08/2026,#######
Gwarinpa,Abuja,bungalow,1,1,117,no,no,4500000,13/08/2026,#######
Jahi,Abuja,flat,5,5,217,not stated,yes,6700000,06/08/2026,#######
Mabushi,Abuja,bungalow,2,1,147,no,no,3000000,01/08/2026,#######
Opebi,Lagos,mansion,3,3,,not stated,not stated,7700000,09/08/2026,#######
Dutse,Abuja,mansion,2,1,572,yes,no,6600000,11/08/2026,#######
Lokogoma,Abuja,mansion,3,2,625,no,yes,7200000,14/08/2026,#######
Life Camp,Abuja,bungalow,2,3,131,yes,yes,2700000,08/08/2026,#######
Magodo,Lagos,bungalow,3,2,,yes,no,5500000,15/08/2026,#######
Opebi,Lagos,terrace,3,2,,no,no,2900000,07/08/2026,#######
Ikoyi,Lagos,flat,2,3,,no,no,4500000,03/08/2026,#######
Magodo,Lagos,bungalow,2,2,133,no,yes,4500000,16/08/2026,#######
Gwarinpa,Abuja,flat,3,2,,not stated,not stated,5800000,13/08/2026,#######
Dutse,Abuja,penthouse,2,2,110,not stated,yes,3900000,17/08/2026,#######
Dutse,Abuja,self-contain,0,1,130,not stated,no,1200000,06/08/2026,#######
Wuse 1,Abuja,bungalow,4,4,,yes,not stated,4900000,08/08/2026,#######
Surulere,Lagos,flat,3,2,580,not stated,not stated,3500000,11/08/2026,#######
Magodo,Lagos,mansion,2,3,846,yes,yes,10200000,01/08/2026,#######
Guzape,Abuja,terrace,2,1,97,not stated,not stated,4500000,06/08/2026,#######
Allen,Lagos,bungalow,2,2,133,no,no,3300000,05/08/2026,#######
Wuse 2,Abuja,duplex,1,1,,not stated,not stated,4900000,12/08/2026,#######
Ajah,Lagos,penthouse,2,3,92,no,not stated,5200000,16/08/2026,#######
Lekki Phase 2,Lagos,bungalow,4,3,466,not stated,no,5100000,10/08/2026,#######
Victoria Island,Lagos,self-contain,0,1,50,no,not stated,2300000,06/08/2026,#######
Mabushi,Abuja,terrace,2,1,100,not stated,not stated,3100000,04/08/2026,#######
Sangotedo,Lagos,bungalow,2,3,,not stated,not stated,2800000,10/08/2026,#######
Surulere,Lagos,mansion,3,2,1073,no,yes,6500000,16/08/2026,#######
Jahi,Abuja,terrace,3,2,304,not stated,no,4800000,16/08/2026,#######
Ilupeju,Lagos,penthouse,1,1,131,no,yes,4200000,06/08/2026,#######
Jahi,Abuja,terrace,5,5,690,not stated,not stated,6100000,14/08/2026,#######
VGC,Lagos,mansion,2,3,,yes,yes,9300000,06/08/2026,#######
Wuse 1,Abuja,bungalow,3,4,,not stated,not stated,4300000,15/08/2026,#######
Guzape,Abuja,terrace,1,1,107,not stated,no,3600000,01/08/2026,#######
Ikeja,Lagos,bungalow,5,5,671,no,no,4700000,12/08/2026,#######
Ikoyi,Lagos,bungalow,2,2,,yes,no,5600000,17/08/2026,#######
Life Camp,Abuja,penthouse,5,5,199,no,not stated,7500000,08/08/2026,#######
Ikeja GRA,Lagos,bungalow,4,4,,no,yes,5600000,17/08/2026,#######
Ajah,Lagos,flat,6,7,183,no,no,6000000,07/08/2026,#######
Ikoyi,Lagos,bungalow,3,3,167,not stated,not stated,5400000,08/08/2026,#######
Ajah,Lagos,mansion,2,2,1104,not stated,not stated,5800000,08/08/2026,#######
Guzape,Abuja,bungalow,3,2,459,yes,no,5900000,13/08/2026,#######
Gwarinpa,Abuja,duplex,2,1,,not stated,not stated,3600000,05/08/2026,#######
Lokogoma,Abuja,self-contain,0,1,146,not stated,no,900000,08/08/2026,#######
VGC,Lagos,self-contain,0,1,97,no,not stated,1800000,08/08/2026,#######
Allen,Lagos,mansion,4,5,1064,not stated,yes,6900000,14/08/2026,#######
Lekki Phase 2,Lagos,mansion,2,2,,not stated,not stated,7000000,12/08/2026,#######
Mabushi,Abuja,terrace,4,5,,not stated,no,5300000,01/08/2026,#######
Lekki Phase 2,Lagos,flat,6,5,604,not stated,yes,6800000,02/08/2026,#######
Wuse 1,Abuja,penthouse,2,3,,yes,not stated,4600000,03/08/2026,#######
Magodo,Lagos,self-contain,0,1,63,not stated,not stated,700000,01/08/2026,#######
Ikeja,Lagos,self-contain,0,1,111,no,no,1600000,11/08/2026,#######
Maitama,Abuja,penthouse,3,2,709,yes,not stated,11500000,07/08/2026,#######
Wuse 1,Abuja,bungalow,2,1,59,not stated,yes,2200000,02/08/2026,#######
Life Camp,Abuja,duplex,3,2,208,not stated,no,3900000,01/08/2026,#######
Wuse 2,Abuja,mansion,2,2,1108,not stated,not stated,16800000,14/08/2026,#######
Ajah,Lagos,mansion,4,3,948,no,no,7400000,13/08/2026,#######
Jahi,Abuja,flat,4,4,799,no,not stated,6700000,13/08/2026,#######
Wuse 1,Abuja,bungalow,2,1,129,yes,no,3400000,15/08/2026,#######
Ojodu Berger,Lagos,self-contain,0,1,109,no,yes,1100000,16/08/2026,#######
Garki,Abuja,mansion,2,2,607,yes,not stated,6500000,04/08/2026,#######
Ikeja GRA,Lagos,penthouse,3,2,375,yes,no,8600000,17/08/2026,#######
Victoria Island,Lagos,duplex,2,2,108,not stated,not stated,5400000,08/08/2026,#######
Victoria Island,Lagos,terrace,2,1,132,yes,not stated,4600000,12/08/2026,#######
Magodo,Lagos,self-contain,0,1,62,not stated,not stated,1200000,18/08/2026,#######
Guzape,Abuja,flat,2,1,99,not stated,not stated,4800000,06/08/2026,#######
Apo,Abuja,duplex,3,3,427,no,yes,4700000,02/08/2026,#######
Sangotedo,Lagos,bungalow,2,2,,not stated,yes,2600000,06/08/2026,#######
Gwarinpa,Abuja,mansion,1,1,673,yes,yes,11900000,05/08/2026,#######
Sangotedo,Lagos,penthouse,3,3,734,yes,yes,4500000,06/08/2026,#######
Asokoro,Abuja,duplex,3,3,,not stated,not stated,7200000,15/08/2026,#######
Lugbe,Abuja,penthouse,2,1,,no,no,4300000,04/08/2026,#######
Gwarinpa,Abuja,duplex,4,5,,not stated,yes,5800000,14/08/2026,#######
Dutse,Abuja,flat,3,3,,no,yes,4000000,04/08/2026,#######
Sangotedo,Lagos,terrace,2,3,148,yes,yes,3500000,16/08/2026,#######
Lokogoma,Abuja,bungalow,3,4,536,no,no,3300000,07/08/2026,#######
Life Camp,Abuja,bungalow,2,3,,not stated,not stated,2700000,03/08/2026,#######
Lekki Phase 1,Lagos,self-contain,0,1,,no,not stated,1900000,18/08/2026,#######
Asokoro,Abuja,terrace,2,3,,yes,not stated,6200000,01/08/2026,#######
Allen,Lagos,duplex,6,6,714,no,no,6000000,14/08/2026,#######
Amuwo Odofin,Lagos,bungalow,3,3,629,no,no,3400000,08/08/2026,#######
Lugbe,Abuja,duplex,1,1,,not stated,yes,3200000,03/08/2026,#######
Lokogoma,Abuja,mansion,6,6,611,no,no,9200000,14/08/2026,#######
Dutse,Abuja,terrace,5,6,312,not stated,not stated,5400000,04/08/2026,#######
Lugbe,Abuja,terrace,1,1,109,not stated,not stated,3100000,06/08/2026,#######
Jahi,Abuja,self-contain,0,1,62,not stated,yes,1000000,10/08/2026,#######
Gwarinpa,Abuja,mansion,2,1,785,yes,no,12000000,14/08/2026,#######
Gwarinpa,Abuja,mansion,2,1,975,yes,no,12800000,16/08/2026,#######
Wuse 1,Abuja,flat,3,3,438,not stated,yes,4300000,09/08/2026,#######
Garki,Abuja,self-contain,0,1,60,not stated,no,1300000,17/08/2026,#######
Lokogoma,Abuja,self-contain,0,1,,yes,no,100000,12/08/2026,#######
Ikeja,Lagos,flat,3,2,,not stated,no,4400000,03/08/2026,#######
Lugbe,Abuja,penthouse,5,6,545,not stated,no,7400000,16/08/2026,#######
Asokoro,Abuja,penthouse,5,4,,no,yes,12700000,03/08/2026,#######
Apo,Abuja,self-contain,0,1,99,not stated,yes,1000000,16/08/2026,#######
VGC,Lagos,duplex,2,2,,no,no,3200000,06/08/2026,#######
Apo,Abuja,bungalow,5,5,,no,not stated,6100000,02/08/2026,#######
Allen,Lagos,self-contain,0,1,80,yes,yes,900000,04/08/2026,#######
Sangotedo,Lagos,penthouse,2,2,144,no,yes,4200000,09/08/2026,#######
Garki,Abuja,penthouse,2,3,55,yes,not stated,5100000,15/08/2026,#######
Lekki Phase 1,Lagos,terrace,3,3,300,not stated,no,5900000,08/08/2026,#######
Lokogoma,Abuja,flat,4,5,726,no,yes,4200000,08/08/2026,#######
Guzape,Abuja,self-contain,0,1,114,yes,yes,2200000,08/08/2026,#######
Lekki Phase 2,Lagos,duplex,2,1,53,no,not stated,2900000,05/08/2026,#######
Ojodu Berger,Lagos,terrace,4,4,300,no,yes,4500000,02/08/2026,#######
Dutse,Abuja,bungalow,2,2,,not stated,not stated,3900000,04/08/2026,#######
Apo,Abuja,self-contain,0,1,,no,not stated,1100000,17/08/2026,#######
Life Camp,Abuja,penthouse,2,1,50,not stated,yes,3600000,09/08/2026,#######
Ikoyi,Lagos,flat,2,1,43,not stated,not stated,5000000,09/08/2026,#######
Lekki Phase 1,Lagos,duplex,3,2,717,yes,yes,5000000,13/08/2026,#######
Ikeja GRA,Lagos,self-contain,0,1,140,not stated,not stated,1100000,01/08/2026,#######
Opebi,Lagos,terrace,2,2,,not stated,no,3500000,03/08/2026,#######
Maryland,Lagos,flat,2,1,,no,yes,3700000,18/08/2026,#######
Katampe,Abuja,penthouse,2,1,143,not stated,no,4100000,10/08/2026,#######
Katampe,Abuja,bungalow,4,4,,no,yes,4400000,07/08/2026,#######
Maitama,Abuja,mansion,4,4,773,no,yes,16900000,02/08/2026,#######
Wuse 1,Abuja,flat,2,3,,not stated,not stated,3000000,06/08/2026,#######
Ikoyi,Lagos,self-contain,0,1,149,no,no,2200000,18/08/2026,#######
Jahi,Abuja,penthouse,2,2,125,yes,not stated,9200000,06/08/2026,#######
Yaba,Lagos,duplex,3,4,400,not stated,no,3400000,11/08/2026,#######
Wuse 1,Abuja,mansion,2,1,692,yes,yes,6300000,01/08/2026,#######
Katampe,Abuja,flat,3,4,770,no,not stated,3800000,04/08/2026,#######
Sangotedo,Lagos,flat,3,2,,not stated,yes,3900000,02/08/2026,#######
Gwarinpa,Abuja,penthouse,3,4,676,not stated,yes,8900000,11/08/2026,#######
Life Camp,Abuja,terrace,2,2,,not stated,not stated,3400000,02/08/2026,#######
Katampe,Abuja,bungalow,4,5,513,no,no,4600000,08/08/2026,#######
Surulere,Lagos,self-contain,0,1,108,no,no,400000,16/08/2026,#######
Yaba,Lagos,bungalow,2,1,,yes,yes,3400000,18/08/2026,#######
Wuse 2,Abuja,bungalow,2,1,,yes,not stated,5100000,15/08/2026,#######
Jahi,Abuja,self-contain,0,1,128,not stated,no,1700000,06/08/2026,#######
Dutse,Abuja,mansion,2,1,810,no,yes,5400000,11/08/2026,#######
Ojodu Berger,Lagos,mansion,5,4,,yes,not stated,7800000,11/08/2026,#######
Wuse 2,Abuja,mansion,2,3,800,yes,yes,15700000,09/08/2026,#######
Lokogoma,Abuja,duplex,2,1,44,no,yes,3500000,09/08/2026,#######
Sangotedo,Lagos,terrace,6,6,346,not stated,not stated,6800000,12/08/2026,#######
Maryland,Lagos,mansion,3,4,1031,yes,yes,7400000,11/08/2026,#######
Lokogoma,Abuja,penthouse,5,5,514,no,yes,7500000,03/08/2026,#######
Life Camp,Abuja,terrace,2,2,142,yes,no,2200000,11/08/2026,#######
Wuse 2,Abuja,penthouse,6,5,388,yes,yes,13700000,06/08/2026,#######
Surulere,Lagos,penthouse,2,1,,yes,not stated,4300000,16/08/2026,#######
Maryland,Lagos,flat,1,2,103,yes,yes,2600000,04/08/2026,#######
Life Camp,Abuja,terrace,2,2,130,yes,not stated,3700000,17/08/2026,#######
Surulere,Lagos,bungalow,2,1,133,yes,no,2200000,16/08/2026,#######
Wuse 1,Abuja,mansion,3,4,528,not stated,no,6300000,07/08/2026,#######
Wuse 1,Abuja,flat,3,2,,no,yes,3700000,04/08/2026,#######
Mabushi,Abuja,mansion,2,3,982,yes,no,6100000,15/08/2026,#######
Allen,Lagos,bungalow,5,6,216,no,yes,5600000,02/08/2026,#######
Dutse,Abuja,flat,4,4,212,not stated,yes,5500000,08/08/2026,#######
Wuse 2,Abuja,penthouse,1,1,126,not stated,not stated,9100000,15/08/2026,#######
Jahi,Abuja,bungalow,2,1,83,no,not stated,5500000,01/08/2026,#######
Asokoro,Abuja,penthouse,2,1,78,yes,no,10900000,04/08/2026,#######
Gbagada,Lagos,flat,2,3,117,no,yes,3600000,08/08/2026,#######
Maitama,Abuja,terrace,5,6,410,not stated,no,8000000,18/08/2026,#######
Apo,Abuja,self-contain,0,1,93,not stated,not stated,900000,02/08/2026,#######
Maitama,Abuja,duplex,1,2,,not stated,no,4000000,15/08/2026,#######
Life Camp,Abuja,penthouse,3,4,529,yes,yes,5800000,09/08/2026,#######
VGC,Lagos,penthouse,4,3,487,no,no,9400000,16/08/2026,#######
Apo,Abuja,terrace,3,4,800,no,yes,3600000,04/08/2026,#######
Wuse 2,Abuja,mansion,3,2,,yes,not stated,17000000,17/08/2026,#######
Lekki Phase 1,Lagos,penthouse,3,3,460,no,not stated,11100000,04/08/2026,#######
Asokoro,Abuja,penthouse,3,4,491,not stated,yes,12200000,09/08/2026,#######
Guzape,Abuja,mansion,3,3,616,not stated,not stated,13600000,12/08/2026,#######
Lokogoma,Abuja,penthouse,2,3,97,no,not stated,5200000,04/08/2026,#######
Wuse 1,Abuja,mansion,2,1,513,not stated,no,5900000,06/08/2026,#######
Mabushi,Abuja,terrace,5,5,700,not stated,not stated,5900000,16/08/2026,#######
Wuse 1,Abuja,mansion,4,3,,yes,yes,8600000,03/08/2026,#######
VGC,Lagos,terrace,3,2,439,not stated,not stated,5200000,12/08/2026,#######
Lekki Phase 1,Lagos,terrace,4,3,770,yes,yes,6000000,01/08/2026,#######
Asokoro,Abuja,self-contain,0,1,58,not stated,yes,1500000,13/08/2026,#######
VGC,Lagos,bungalow,3,2,708,not stated,no,5300000,09/08/2026,#######
Ikeja,Lagos,duplex,3,2,265,not stated,yes,4600000,09/08/2026,#######
Ajah,Lagos,bungalow,1,1,,yes,not stated,2200000,06/08/2026,#######
Mabushi,Abuja,duplex,1,2,86,not stated,yes,1900000,08/08/2026,#######
Magodo,Lagos,penthouse,4,4,749,no,not stated,8900000,09/08/2026,#######
Ikeja,Lagos,penthouse,1,1,117,not stated,not stated,4100000,12/08/2026,#######
Allen,Lagos,mansion,1,1,782,not stated,not stated,5600000,05/08/2026,#######
Wuse 2,Abuja,terrace,5,4,788,no,no,8900000,12/08/2026,#######
Allen,Lagos,bungalow,4,4,,not stated,no,5300000,14/08/2026,#######
Gwarinpa,Abuja,bungalow,2,3,84,yes,not stated,5400000,14/08/2026,#######
Lekki Phase 1,Lagos,bungalow,5,5,522,no,no,8200000,15/08/2026,#######
Mabushi,Abuja,penthouse,2,3,105,not stated,no,4700000,01/08/2026,#######
Amuwo Odofin,Lagos,mansion,5,6,1065,not stated,not stated,8200000,09/08/2026,#######
Lokogoma,Abuja,bungalow,1,1,82,not stated,not stated,1400000,04/08/2026,#######
Gwarinpa,Abuja,mansion,3,4,1126,no,no,12900000,03/08/2026,#######
Ikoyi,Lagos,penthouse,6,7,264,not stated,not stated,12300000,02/08/2026,#######
Dutse,Abuja,bungalow,2,3,141,yes,yes,2600000,02/08/2026,#######
Katampe,Abuja,bungalow,5,4,,yes,no,4800000,16/08/2026,#######
Lokogoma,Abuja,self-contain,0,1,72,not stated,yes,1600000,18/08/2026,#######
Lugbe,Abuja,flat,1,1,69,yes,yes,2100000,07/08/2026,#######
Ikeja,Lagos,flat,3,4,797,yes,yes,3500000,04/08/2026,#######
Ilupeju,Lagos,terrace,2,3,129,yes,yes,2800000,04/08/2026,#######
Lekki Phase 2,Lagos,flat,4,5,,not stated,no,5600000,12/08/2026,#######
Ilupeju,Lagos,terrace,4,4,242,not stated,yes,4200000,08/08/2026,#######
Victoria Island,Lagos,flat,1,1,43,no,yes,3900000,02/08/2026,#######
Amuwo Odofin,Lagos,duplex,3,4,,not stated,yes,3900000,16/08/2026,#######
Wuse 2,Abuja,terrace,3,4,436,yes,not stated,6800000,01/08/2026,#######
Sangotedo,Lagos,mansion,3,3,1047,not stated,not stated,6700000,03/08/2026,#######
Maitama,Abuja,flat,2,1,,not stated,yes,5700000,06/08/2026,#######
Lekki Phase 2,Lagos,mansion,2,2,798,not stated,not stated,6500000,05/08/2026,#######
Opebi,Lagos,duplex,3,3,412,no,yes,4000000,03/08/2026,#######
Ilupeju,Lagos,self-contain,0,1,80,yes,yes,300000,01/08/2026,#######
Ajah,Lagos,mansion,3,4,,no,yes,7600000,08/08/2026,#######
Lugbe,Abuja,flat,6,5,273,yes,no,7100000,01/08/2026,#######
Ikoyi,Lagos,bungalow,4,4,,yes,yes,5700000,01/08/2026,#######
Gwarinpa,Abuja,terrace,5,4,,no,yes,7800000,10/08/2026,#######
Life Camp,Abuja,penthouse,3,3,,yes,yes,5800000,05/08/2026,#######
Lekki Phase 1,Lagos,bungalow,2,3,139,not stated,no,5700000,14/08/2026,#######
Lokogoma,Abuja,bungalow,2,2,88,not stated,not stated,3200000,04/08/2026,#######
Gbagada,Lagos,mansion,5,6,786,no,yes,7900000,03/08/2026,#######
Wuse 2,Abuja,duplex,2,2,118,no,no,6500000,02/08/2026,#######
Ilupeju,Lagos,flat,3,3,,not stated,not stated,4800000,07/08/2026,#######
Ojodu Berger,Lagos,mansion,4,3,,yes,no,7600000,13/08/2026,#######
Maryland,Lagos,self-contain,0,1,73,yes,not stated,1700000,09/08/2026,#######
Wuse 2,Abuja,flat,5,4,411,not stated,yes,8600000,08/08/2026,#######
Mabushi,Abuja,penthouse,5,5,393,not stated,not stated,7900000,11/08/2026,#######
Ojodu Berger,Lagos,bungalow,3,2,156,yes,yes,4800000,15/08/2026,#######
Surulere,Lagos,self-contain,0,1,,not stated,not stated,1600000,18/08/2026,#######
Ajah,Lagos,mansion,3,3,594,no,not stated,6600000,17/08/2026,#######
VGC,Lagos,penthouse,3,2,233,yes,not stated,8800000,09/08/2026,#######
Maitama,Abuja,mansion,3,2,616,not stated,not stated,17800000,04/08/2026,#######
Ojodu Berger,Lagos,self-contain,0,1,139,no,yes,700000,09/08/2026,#######
Lekki Phase 1,Lagos,self-contain,0,1,55,not stated,not stated,1800000,05/08/2026,#######
Jahi,Abuja,duplex,5,4,,not stated,not stated,6500000,05/08/2026,#######
Asokoro,Abuja,duplex,4,3,,not stated,yes,7600000,03/08/2026,#######
Maitama,Abuja,duplex,3,4,268,no,not stated,5900000,07/08/2026,#######
Lekki Phase 1,Lagos,mansion,2,1,773,no,no,14900000,13/08/2026,#######
Lugbe,Abuja,bungalow,3,4,163,no,not stated,4700000,01/08/2026,#######
Dutse,Abuja,penthouse,5,6,566,no,no,6400000,07/08/2026,#######
Garki,Abuja,bungalow,2,1,83,yes,no,2700000,15/08/2026,#######
Lekki Phase 2,Lagos,duplex,2,3,,no,yes,2900000,08/08/2026,#######
Lekki Phase 2,Lagos,duplex,5,4,785,not stated,yes,4500000,03/08/2026,#######
Mabushi,Abuja,self-contain,0,1,54,not stated,yes,700000,08/08/2026,#######
Lekki Phase 2,Lagos,flat,4,5,324,no,yes,3700000,03/08/2026,#######
Lekki Phase 1,Lagos,penthouse,3,2,185,yes,no,10200000,08/08/2026,#######
Life Camp,Abuja,mansion,3,3,1193,no,no,5900000,18/08/2026,#######
Lokogoma,Abuja,terrace,3,3,676,not stated,yes,4700000,02/08/2026,#######
Ilupeju,Lagos,penthouse,2,2,113,not stated,yes,5000000,08/08/2026,#######
Gwarinpa,Abuja,bungalow,4,4,678,no,not stated,5600000,17/08/2026,#######
Ikeja,Lagos,duplex,3,4,496,yes,no,3500000,13/08/2026,#######
Katampe,Abuja,flat,6,7,722,yes,yes,6200000,02/08/2026,#######
Sangotedo,Lagos,bungalow,2,3,136,not stated,no,2700000,15/08/2026,#######
Yaba,Lagos,mansion,2,1,1145,not stated,no,6200000,17/08/2026,#######
Magodo,Lagos,terrace,2,3,,no,yes,3200000,15/08/2026,#######
Magodo,Lagos,mansion,2,2,962,no,yes,9500000,09/08/2026,#######
Dutse,Abuja,self-contain,0,1,,yes,yes,1600000,07/08/2026,#######
Guzape,Abuja,terrace,4,5,,yes,not stated,6400000,04/08/2026,#######
Gwarinpa,Abuja,duplex,5,6,745,not stated,no,6700000,15/08/2026,#######
Lokogoma,Abuja,mansion,5,5,993,no,not stated,8000000,18/08/2026,#######
Opebi,Lagos,bungalow,5,5,,no,no,5300000,07/08/2026,#######
Yaba,Lagos,self-contain,0,1,90,yes,no,100000,15/08/2026,#######
Ikoyi,Lagos,mansion,4,4,644,yes,yes,15400000,18/08/2026,#######
Gwarinpa,Abuja,penthouse,3,3,401,yes,no,8200000,14/08/2026,#######
Mabushi,Abuja,bungalow,6,7,633,yes,no,6000000,05/08/2026,#######
Yaba,Lagos,flat,5,5,,yes,no,4500000,09/08/2026,#######
Apo,Abuja,penthouse,3,2,354,not stated,not stated,6200000,07/08/2026,#######
Jahi,Abuja,duplex,3,2,,not stated,no,5700000,06/08/2026,#######
Life Camp,Abuja,penthouse,3,2,323,no,no,5000000,09/08/2026,#######
Lokogoma,Abuja,flat,2,2,49,no,yes,3000000,12/08/2026,#######
Sangotedo,Lagos,flat,3,3,626,no,no,3300000,12/08/2026,#######
Maitama,Abuja,flat,3,3,219,yes,not stated,6400000,13/08/2026,#######
Lokogoma,Abuja,bungalow,3,4,491,yes,yes,3400000,17/08/2026,#######
Guzape,Abuja,mansion,2,1,777,yes,no,12800000,17/08/2026,#######
Festac,Lagos,terrace,2,2,48,not stated,yes,3000000,11/08/2026,#######
Guzape,Abuja,duplex,1,1,147,not stated,no,4200000,03/08/2026,#######
Ojodu Berger,Lagos,self-contain,0,1,150,not stated,yes,1000000,03/08/2026,#######
Amuwo Odofin,Lagos,penthouse,5,5,380,no,yes,7300000,07/08/2026,#######
Jahi,Abuja,mansion,1,2,728,yes,not stated,11300000,09/08/2026,#######
Gwarinpa,Abuja,duplex,2,1,,not stated,not stated,5400000,02/08/2026,#######
VGC,Lagos,terrace,1,1,127,not stated,yes,2400000,14/08/2026,#######
Allen,Lagos,self-contain,0,1,72,no,no,100000,18/08/2026,#######
Jahi,Abuja,terrace,3,2,688,not stated,no,5100000,03/08/2026,#######
Katampe,Abuja,terrace,6,5,780,not stated,no,7100000,03/08/2026,#######
Magodo,Lagos,mansion,4,3,834,not stated,not stated,11400000,03/08/2026,#######
Lekki Phase 1,Lagos,bungalow,2,3,131,yes,no,4600000,09/08/2026,#######
Ilupeju,Lagos,self-contain,0,1,68,yes,not stated,500000,14/08/2026,#######
Surulere,Lagos,penthouse,3,2,441,not stated,yes,5200000,13/08/2026,#######
Festac,Lagos,mansion,2,3,850,not stated,not stated,6900000,16/08/2026,#######
VGC,Lagos,bungalow,2,2,131,yes,no,3200000,16/08/2026,#######
Ajah,Lagos,mansion,6,5,,not stated,no,8600000,05/08/2026,#######
Dutse,Abuja,terrace,6,5,209,not stated,yes,6000000,18/08/2026,#######
Wuse 1,Abuja,terrace,5,5,,yes,yes,4600000,15/08/2026,#######
Asokoro,Abuja,self-contain,0,1,124,not stated,yes,2200000,17/08/2026,#######
Jahi,Abuja,penthouse,5,4,,yes,yes,10500000,08/08/2026,#######
Asokoro,Abuja,mansion,2,3,,no,no,15400000,12/08/2026,#######
Dutse,Abuja,bungalow,3,4,309,not stated,not stated,4700000,17/08/2026,#######
Ikeja GRA,Lagos,mansion,4,5,504,yes,yes,12100000,12/08/2026,#######
Ojodu Berger,Lagos,duplex,2,2,,yes,no,3300000,16/08/2026,#######
Surulere,Lagos,duplex,1,1,,yes,no,1800000,14/08/2026,#######
Ikoyi,Lagos,self-contain,0,1,,no,yes,1700000,17/08/2026,#######
Yaba,Lagos,terrace,3,2,289,yes,no,3900000,10/08/2026,#######
Ikeja GRA,Lagos,flat,6,5,175,not stated,yes,6800000,03/08/2026,#######
Ikoyi,Lagos,duplex,4,3,,yes,yes,7300000,12/08/2026,#######
Amuwo Odofin,Lagos,flat,3,2,243,no,not stated,4500000,13/08/2026,#######
Festac,Lagos,flat,4,4,,not stated,yes,5300000,04/08/2026,#######
Garki,Abuja,self-contain,0,1,116,not stated,no,700000,07/08/2026,#######
Wuse 1,Abuja,penthouse,1,1,118,not stated,not stated,4100000,08/08/2026,#######
Jahi,Abuja,bungalow,3,2,,no,not stated,5300000,16/08/2026,#######
Wuse 2,Abuja,penthouse,3,3,423,not stated,no,11400000,14/08/2026,#######
Ikoyi,Lagos,penthouse,4,5,512,no,yes,11900000,13/08/2026,#######
Maitama,Abuja,bungalow,2,1,,yes,no,4700000,09/08/2026,#######
Ojodu Berger,Lagos,bungalow,3,4,350,no,no,3500000,08/08/2026,#######
Opebi,Lagos,duplex,3,3,754,no,yes,4600000,13/08/2026,#######
Dutse,Abuja,bungalow,2,1,,not stated,no,3200000,15/08/2026,#######
Ajah,Lagos,penthouse,4,5,,yes,no,5900000,08/08/2026,#######
Garki,Abuja,self-contain,0,1,94,no,yes,-100000,17/08/2026,#######
Mabushi,Abuja,bungalow,3,3,201,no,not stated,4700000,05/08/2026,#######
Apo,Abuja,flat,2,2,,no,not stated,3500000,18/08/2026,#######
Maryland,Lagos,flat,1,1,58,not stated,yes,1600000,12/08/2026,#######
Guzape,Abuja,terrace,3,4,514,no,no,4400000,02/08/2026,#######
Lekki Phase 2,Lagos,terrace,4,4,288,not stated,not stated,3900000,05/08/2026,#######
Katampe,Abuja,bungalow,2,1,123,no,not stated,3700000,14/08/2026,#######
Lokogoma,Abuja,self-contain,0,1,61,not stated,not stated,500000,04/08/2026,#######
Maitama,Abuja,flat,4,5,450,not stated,no,7100000,13/08/2026,#######
Gwarinpa,Abuja,bungalow,3,2,,yes,yes,6200000,08/08/2026,#######
Surulere,Lagos,bungalow,2,3,,yes,not stated,3600000,03/08/2026,#######
Magodo,Lagos,duplex,3,2,791,no,not stated,5500000,11/08/2026,#######
Ikeja GRA,Lagos,duplex,4,5,,no,no,4700000,11/08/2026,#######
Magodo,Lagos,self-contain,0,1,53,no,no,800000,13/08/2026,#######
Ilupeju,Lagos,terrace,2,2,,not stated,yes,3000000,11/08/2026,#######
Ikoyi,Lagos,duplex,3,3,494,not stated,not stated,5200000,13/08/2026,#######
Dutse,Abuja,flat,3,3,202,yes,no,3200000,14/08/2026,#######
Ilupeju,Lagos,penthouse,5,5,621,not stated,yes,6700000,09/08/2026,#######
Maryland,Lagos,self-contain,0,1,,yes,yes,1300000,08/08/2026,#######
Katampe,Abuja,terrace,3,3,670,not stated,not stated,3000000,16/08/2026,#######
Dutse,Abuja,bungalow,1,1,,no,no,2300000,03/08/2026,#######
Lekki Phase 2,Lagos,self-contain,0,1,88,not stated,no,300000,18/08/2026,#######
Lokogoma,Abuja,mansion,3,4,689,yes,no,6900000,01/08/2026,#######
Festac,Lagos,bungalow,2,2,48,no,not stated,3100000,06/08/2026,#######
Festac,Lagos,bungalow,3,4,374,yes,yes,3300000,13/08/2026,#######
Guzape,Abuja,bungalow,2,2,65,not stated,no,3700000,18/08/2026,#######
Surulere,Lagos,duplex,5,5,714,no,not stated,6400000,16/08/2026,#######
Asokoro,Abuja,flat,2,1,,no,yes,5700000,07/08/2026,#######
Garki,Abuja,penthouse,4,4,719,no,no,7100000,06/08/2026,#######
Wuse 1,Abuja,bungalow,5,5,479,not stated,no,5900000,07/08/2026,#######
Garki,Abuja,self-contain,0,1,133,no,no,300000,02/08/2026,#######
Magodo,Lagos,bungalow,2,2,87,not stated,not stated,4300000,15/08/2026,#######
Ikeja GRA,Lagos,bungalow,2,3,138,not stated,no,4800000,02/08/2026,#######
Opebi,Lagos,duplex,1,1,,yes,yes,1700000,09/08/2026,#######
Katampe,Abuja,mansion,4,5,1117,no,not stated,8600000,03/08/2026,#######
Ilupeju,Lagos,penthouse,2,2,45,yes,not stated,3800000,18/08/2026,#######
Gwarinpa,Abuja,self-contain,0,1,41,yes,yes,600000,04/08/2026,#######
Magodo,Lagos,mansion,3,4,674,not stated,not stated,11500000,06/08/2026,#######
Gwarinpa,Abuja,self-contain,0,1,120,yes,not stated,400000,15/08/2026,#######
Lugbe,Abuja,flat,4,3,254,not stated,yes,4400000,06/08/2026,#######
Yaba,Lagos,bungalow,2,2,,not stated,not stated,3300000,06/08/2026,#######
VGC,Lagos,self-contain,0,1,50,no,not stated,400000,07/08/2026,#######
Ikeja GRA,Lagos,penthouse,1,1,41,yes,yes,5400000,02/08/2026,#######
Katampe,Abuja,bungalow,3,3,,no,no,4200000,17/08/2026,#######
Lokogoma,Abuja,duplex,2,3,63,yes,yes,2700000,04/08/2026,#######
Maryland,Lagos,self-contain,0,1,,no,no,200000,13/08/2026,#######
Dutse,Abuja,duplex,1,1,123,yes,no,3100000,01/08/2026,#######
Guzape,Abuja,flat,2,3,96,yes,yes,5000000,01/08/2026,#######
Apo,Abuja,bungalow,4,3,373,not stated,no,3700000,06/08/2026,#######
Apo,Abuja,flat,1,1,108,no,no,2900000,15/08/2026,#######
VGC,Lagos,terrace,1,2,85,not stated,not stated,3600000,09/08/2026,#######
Garki,Abuja,penthouse,4,3,783,not stated,not stated,6600000,05/08/2026,#######
Garki,Abuja,penthouse,1,1,96,no,yes,3200000,01/08/2026,#######
Allen,Lagos,self-contain,0,1,115,not stated,yes,0,05/08/2026,#######
Ikoyi,Lagos,terrace,3,3,665,yes,no,5400000,12/08/2026,#######
Gbagada,Lagos,duplex,2,2,87,yes,not stated,2800000,18/08/2026,#######
Yaba,Lagos,duplex,3,4,600,no,no,3200000,03/08/2026,#######
Katampe,Abuja,penthouse,3,3,236,yes,not stated,6300000,01/08/2026,#######
Gbagada,Lagos,flat,2,3,109,yes,not stated,2700000,06/08/2026,#######
Sangotedo,Lagos,terrace,2,1,98,no,not stated,2300000,13/08/2026,#######
Ajah,Lagos,flat,3,2,300,no,yes,3000000,05/08/2026,#######
Wuse 2,Abuja,terrace,1,1,92,not stated,not stated,5200000,18/08/2026,#######
Dutse,Abuja,duplex,4,4,535,no,yes,5000000,16/08/2026,#######
Lokogoma,Abuja,penthouse,3,4,446,yes,yes,5400000,03/08/2026,#######
Maitama,Abuja,penthouse,1,1,,yes,yes,9800000,11/08/2026,#######
Maryland,Lagos,bungalow,3,2,,yes,no,3100000,09/08/2026,#######
Victoria Island,Lagos,penthouse,2,3,,yes,no,10400000,03/08/2026,#######
Ajah,Lagos,penthouse,1,2,112,no,yes,4600000,18/08/2026,#######
Maitama,Abuja,flat,1,1,54,yes,not stated,4800000,09/08/2026,#######
Opebi,Lagos,flat,4,3,,no,not stated,4200000,02/08/2026,#######
Ikeja,Lagos,mansion,2,1,625,yes,yes,5400000,11/08/2026,#######
Asokoro,Abuja,mansion,2,2,781,yes,yes,16100000,08/08/2026,#######
Ikeja,Lagos,duplex,2,1,69,no,yes,3800000,02/08/2026,#######
Garki,Abuja,mansion,2,2,742,yes,no,6200000,06/08/2026,#######
Amuwo Odofin,Lagos,mansion,2,3,804,not stated,no,5400000,07/08/2026,#######
Gwarinpa,Abuja,duplex,2,1,147,not stated,not stated,4900000,09/08/2026,#######
Opebi,Lagos,bungalow,5,5,166,yes,no,6400000,10/08/2026,#######
Ojodu Berger,Lagos,mansion,1,2,659,no,not stated,4400000,08/08/2026,#######
Amuwo Odofin,Lagos,flat,1,2,,not stated,yes,3100000,06/08/2026,#######
Lugbe,Abuja,self-contain,0,1,,not stated,not stated,700000,17/08/2026,#######
Surulere,Lagos,terrace,3,4,781,not stated,yes,4500000,07/08/2026,#######
Sangotedo,Lagos,penthouse,6,6,572,yes,not stated,7800000,09/08/2026,#######
Lekki Phase 2,Lagos,bungalow,6,6,488,yes,not stated,6300000,10/08/2026,#######
Allen,Lagos,duplex,5,6,283,not stated,no,5000000,02/08/2026,#######
Maitama,Abuja,terrace,3,3,,yes,yes,5800000,16/08/2026,#######
Apo,Abuja,penthouse,3,4,497,no,no,4500000,14/08/2026,#######
Garki,Abuja,self-contain,0,1,72,no,no,1000000,04/08/2026,#######
Sangotedo,Lagos,duplex,2,1,,not stated,yes,4000000,13/08/2026,#######
VGC,Lagos,bungalow,1,1,,no,yes,3400000,02/08/2026,#######
Garki,Abuja,flat,4,5,200,not stated,no,4900000,18/08/2026,#######
Guzape,Abuja,self-contain,0,1,64,yes,yes,1300000,14/08/2026,#######
Mabushi,Abuja,mansion,5,6,1191,not stated,no,8700000,01/08/2026,#######
Victoria Island,Lagos,self-contain,0,1,,yes,yes,600000,13/08/2026,#######
Wuse 1,Abuja,duplex,4,3,231,no,yes,5300000,16/08/2026,#######
Sangotedo,Lagos,self-contain,0,1,45,no,yes,0,07/08/2026,#######
Asokoro,Abuja,penthouse,2,1,,yes,no,11800000,10/08/2026,#######
Ikoyi,Lagos,self-contain,0,1,145,not stated,not stated,1200000,18/08/2026,#######
Life Camp,Abuja,penthouse,4,5,572,no,no,6200000,13/08/2026,#######
Yaba,Lagos,flat,2,3,60,not stated,no,3900000,07/08/2026,#######
Ojodu Berger,Lagos,mansion,3,3,1169,no,no,6500000,01/08/2026,#######
Ojodu Berger,Lagos,flat,1,1,75,no,not stated,1700000,18/08/2026,#######
Yaba,Lagos,penthouse,5,4,792,yes,not stated,6000000,09/08/2026,#######
Maitama,Abuja,self-contain,0,1,133,yes,no,500000,12/08/2026,#######
Katampe,Abuja,penthouse,1,1,72,no,not stated,4700000,10/08/2026,#######
Ikeja,Lagos,flat,3,2,529,no,no,3700000,13/08/2026,#######
Opebi,Lagos,penthouse,6,7,635,not stated,no,7700000,05/08/2026,#######
Yaba,Lagos,self-contain,0,1,88,yes,yes,1000000,09/08/2026,#######
Garki,Abuja,terrace,2,3,82,yes,yes,2700000,17/08/2026,#######
Lugbe,Abuja,flat,2,2,118,not stated,yes,4000000,10/08/2026,#######
Gwarinpa,Abuja,mansion,2,2,1196,no,not stated,11900000,17/08/2026,#######
Allen,Lagos,self-contain,0,1,45,not stated,not stated,300000,02/08/2026,#######
Katampe,Abuja,terrace,6,5,,not stated,not stated,6000000,01/08/2026,#######
Gwarinpa,Abuja,flat,5,6,258,yes,yes,6200000,15/08/2026,#######
Lekki Phase 2,Lagos,duplex,2,3,,yes,not stated,2300000,08/08/2026,#######
Opebi,Lagos,penthouse,6,6,681,no,no,8300000,15/08/2026,#######
Sangotedo,Lagos,duplex,2,3,41,no,no,3800000,16/08/2026,#######
Wuse 1,Abuja,penthouse,6,7,,no,yes,7600000,09/08/2026,#######
VGC,Lagos,flat,3,3,250,yes,not stated,4100000,02/08/2026,#######
Guzape,Abuja,self-contain,0,1,,no,yes,1200000,08/08/2026,#######
Victoria Island,Lagos,bungalow,4,5,534,not stated,yes,6100000,13/08/2026,#######
Magodo,Lagos,bungalow,3,3,360,no,not stated,4700000,04/08/2026,#######
Maryland,Lagos,penthouse,2,2,62,yes,yes,5300000,05/08/2026,#######
Victoria Island,Lagos,penthouse,2,1,70,not stated,yes,8800000,14/08/2026,#######
Festac,Lagos,mansion,4,4,1046,not stated,yes,7300000,18/08/2026,#######
Yaba,Lagos,bungalow,5,4,,no,no,5700000,07/08/2026,#######
Katampe,Abuja,flat,1,1,100,yes,not stated,1900000,09/08/2026,#######
Magodo,Lagos,terrace,5,4,689,yes,yes,6800000,05/08/2026,#######
Maryland,Lagos,terrace,3,2,753,yes,yes,4100000,12/08/2026,#######
Asokoro,Abuja,penthouse,4,5,167,not stated,not stated,11800000,11/08/2026,#######
Opebi,Lagos,mansion,1,1,546,no,not stated,5900000,06/08/2026,#######
Maryland,Lagos,terrace,6,6,614,not stated,yes,6500000,13/08/2026,#######
Life Camp,Abuja,flat,5,6,158,no,not stated,5700000,04/08/2026,#######
Ikeja GRA,Lagos,self-contain,0,1,139,yes,no,1100000,13/08/2026,#######
Sangotedo,Lagos,bungalow,3,2,222,not stated,no,3100000,01/08/2026,#######
Mabushi,Abuja,penthouse,4,3,,yes,yes,6300000,03/08/2026,#######
Surulere,Lagos,mansion,2,2,628,no,not stated,5700000,09/08/2026,#######
Katampe,Abuja,mansion,2,2,,no,no,5200000,04/08/2026,#######
Sangotedo,Lagos,terrace,5,6,,not stated,no,5500000,02/08/2026,#######
Wuse 2,Abuja,terrace,3,4,739,not stated,not stated,7000000,13/08/2026,#######
Wuse 1,Abuja,duplex,2,1,,yes,no,2300000,03/08/2026,#######
Dutse,Abuja,bungalow,3,4,286,no,yes,4600000,03/08/2026,#######
Festac,Lagos,mansion,2,1,,yes,yes,6700000,10/08/2026,#######
Ikeja,Lagos,terrace,5,4,379,no,yes,6300000,01/08/2026,#######
Apo,Abuja,duplex,2,3,100,no,not stated,2600000,13/08/2026,#######
Ojodu Berger,Lagos,terrace,2,1,113,yes,no,3400000,16/08/2026,#######
Guzape,Abuja,bungalow,3,4,,no,yes,5900000,01/08/2026,#######
Katampe,Abuja,bungalow,4,5,676,yes,no,4500000,03/08/2026,#######
Wuse 2,Abuja,bungalow,2,1,92,yes,not stated,4700000,12/08/2026,#######
Sangotedo,Lagos,bungalow,3,3,319,no,no,3300000,14/08/2026,#######
Apo,Abuja,flat,3,3,,no,yes,3100000,06/08/2026,#######
Asokoro,Abuja,bungalow,3,3,,yes,yes,6600000,18/08/2026,#######
Life Camp,Abuja,duplex,2,3,46,no,not stated,3300000,01/08/2026,#######
Wuse 1,Abuja,terrace,4,4,667,no,not stated,5200000,03/08/2026,#######
Life Camp,Abuja,self-contain,0,1,97,yes,yes,600000,08/08/2026,#######
Maryland,Lagos,self-contain,0,1,,no,yes,700000,05/08/2026,#######
VGC,Lagos,self-contain,0,1,100,no,no,1600000,11/08/2026,#######
Wuse 2,Abuja,mansion,2,2,1019,no,no,16600000,10/08/2026,#######
Gbagada,Lagos,terrace,5,6,512,yes,not stated,5800000,11/08/2026,#######
Surulere,Lagos,flat,2,3,50,not stated,no,2500000,12/08/2026,#######
Asokoro,Abuja,self-contain,0,1,,no,yes,700000,18/08/2026,#######
Dutse,Abuja,duplex,5,5,486,no,no,5400000,02/08/2026,#######
Life Camp,Abuja,self-contain,0,1,93,not stated,no,1000000,09/08/2026,#######
Guzape,Abuja,self-contain,0,1,101,not stated,not stated,1300000,10/08/2026,#######
Lokogoma,Abuja,duplex,2,1,,not stated,no,3600000,07/08/2026,#######
Apo,Abuja,penthouse,3,4,,yes,not stated,6200000,05/08/2026,#######
Ilupeju,Lagos,duplex,1,1,,no,not stated,1600000,12/08/2026,#######
Lekki Phase 2,Lagos,duplex,3,3,163,yes,not stated,4000000,10/08/2026,#######
Asokoro,Abuja,mansion,1,1,728,no,yes,14400000,04/08/2026,#######
Dutse,Abuja,mansion,3,2,823,not stated,not stated,7200000,08/08/2026,#######
Ajah,Lagos,mansion,3,2,,yes,no,6800000,05/08/2026,#######
Lekki Phase 2,Lagos,bungalow,5,5,,not stated,no,5100000,15/08/2026,#######
Lekki Phase 1,Lagos,flat,2,1,126,no,not stated,6000000,09/08/2026,#######
Life Camp,Abuja,self-contain,0,1,46,no,no,1700000,06/08/2026,#######
Guzape,Abuja,bungalow,3,4,645,yes,not stated,4900000,15/08/2026,#######
Victoria Island,Lagos,self-contain,0,1,,yes,yes,400000,05/08/2026,#######
Guzape,Abuja,bungalow,4,5,,no,yes,5500000,14/08/2026,#######
Ikeja,Lagos,bungalow,2,2,,not stated,not stated,2800000,16/08/2026,#######
Dutse,Abuja,duplex,3,4,503,no,yes,3800000,11/08/2026,#######
Maitama,Abuja,terrace,6,5,,not stated,no,8100000,16/08/2026,#######
Katampe,Abuja,mansion,1,1,,yes,not stated,5800000,06/08/2026,#######
Ikeja GRA,Lagos,duplex,2,3,130,not stated,no,4200000,13/08/2026,#######
Katampe,Abuja,duplex,5,6,677,yes,yes,6100000,15/08/2026,#######
Life Camp,Abuja,bungalow,3,4,,yes,no,3900000,07/08/2026,#######
Maryland,Lagos,mansion,1,1,,no,yes,4400000,11/08/2026,#######
Wuse 1,Abuja,mansion,4,4,,yes,no,7400000,01/08/2026,#######
Amuwo Odofin,Lagos,bungalow,2,2,64,no,no,3400000,03/08/2026,#######
Maitama,Abuja,duplex,2,3,92,no,no,5600000,11/08/2026,#######
Katampe,Abuja,bungalow,4,3,316,yes,no,5400000,06/08/2026,#######
Lokogoma,Abuja,penthouse,3,4,531,yes,not stated,5200000,14/08/2026,#######
Lekki Phase 2,Lagos,bungalow,1,1,135,not stated,yes,1400000,16/08/2026,#######
Allen,Lagos,mansion,2,2,1006,no,not stated,6300000,08/08/2026,#######
Ikeja GRA,Lagos,flat,5,4,161,yes,no,6600000,14/08/2026,#######
Maryland,Lagos,flat,2,3,,no,yes,2200000,16/08/2026,#######
Life Camp,Abuja,terrace,2,3,102,not stated,no,2700000,13/08/2026,#######
Garki,Abuja,terrace,2,2,,not stated,not stated,3400000,10/08/2026,#######
Jahi,Abuja,penthouse,4,4,381,yes,not stated,9100000,12/08/2026,#######
Magodo,Lagos,penthouse,2,2,,no,no,6500000,18/08/2026,#######
Maitama,Abuja,terrace,2,3,143,yes,no,6300000,10/08/2026,#######
Ikeja,Lagos,bungalow,3,4,668,yes,no,3100000,10/08/2026,#######
Guzape,Abuja,penthouse,1,1,,no,not stated,6900000,12/08/2026,#######
Gbagada,Lagos,penthouse,4,3,386,yes,no,6600000,07/08/2026,#######
Allen,Lagos,penthouse,1,1,82,no,yes,4100000,03/08/2026,#######
Maitama,Abuja,terrace,5,5,766,no,yes,8800000,03/08/2026,#######
Dutse,Abuja,bungalow,5,4,634,yes,yes,4600000,04/08/2026,#######
Asokoro,Abuja,terrace,3,4,443,not stated,yes,6600000,17/08/2026,#######
Guzape,Abuja,duplex,1,1,125,not stated,yes,4700000,09/08/2026,#######
Katampe,Abuja,mansion,1,2,772,not stated,no,5700000,12/08/2026,#######
Maryland,Lagos,duplex,4,3,,not stated,no,4300000,08/08/2026,#######
Ajah,Lagos,flat,2,2,69,no,not stated,3600000,17/08/2026,#######
Magodo,Lagos,bungalow,5,6,312,yes,no,5900000,05/08/2026,#######
Gwarinpa,Abuja,flat,3,3,,yes,not stated,4800000,07/08/2026,#######
Allen,Lagos,terrace,1,1,78,yes,no,2600000,08/08/2026,#######
Ikoyi,Lagos,bungalow,2,3,104,yes,no,4900000,05/08/2026,#######
Lekki Phase 2,Lagos,duplex,3,3,,yes,yes,3500000,16/08/2026,#######
Maitama,Abuja,mansion,2,2,,not stated,not stated,15600000,08/08/2026,#######
VGC,Lagos,mansion,2,2,1188,not stated,yes,9800000,03/08/2026,#######
Asokoro,Abuja,flat,2,1,60,no,no,6300000,12/08/2026,#######
VGC,Lagos,bungalow,5,6,598,yes,no,6600000,05/08/2026,#######
Katampe,Abuja,mansion,3,3,1125,yes,not stated,6000000,01/08/2026,#######
Life Camp,Abuja,flat,6,7,,yes,yes,5600000,09/08/2026,#######
Gwarinpa,Abuja,penthouse,5,6,478,yes,no,11600000,13/08/2026,#######
Lokogoma,Abuja,flat,2,3,,not stated,no,2300000,10/08/2026,#######
Apo,Abuja,self-contain,0,1,44,yes,not stated,800000,14/08/2026,#######
Lekki Phase 1,Lagos,duplex,4,4,299,not stated,no,6600000,08/08/2026,#######
Wuse 1,Abuja,terrace,2,1,,no,no,3000000,10/08/2026,#######
Lokogoma,Abuja,terrace,3,2,,no,yes,3600000,10/08/2026,#######
Magodo,Lagos,self-contain,0,1,128,yes,yes,600000,16/08/2026,#######
Maryland,Lagos,penthouse,1,1,,yes,not stated,4600000,04/08/2026,#######
Apo,Abuja,self-contain,0,1,,not stated,no,0,15/08/2026,#######
Katampe,Abuja,flat,2,1,143,no,no,3100000,01/08/2026,#######
Ikeja GRA,Lagos,flat,3,3,,no,not stated,4500000,07/08/2026,#######
Lekki Phase 1,Lagos,flat,2,1,,not stated,no,5100000,11/08/2026,#######
Dutse,Abuja,flat,3,4,226,not stated,no,3200000,02/08/2026,#######
Wuse 1,Abuja,self-contain,0,1,92,yes,no,400000,02/08/2026,#######
Ilupeju,Lagos,mansion,3,2,1131,no,yes,6900000,07/08/2026,#######
Ikeja,Lagos,penthouse,6,6,690,not stated,yes,7300000,04/08/2026,#######
Dutse,Abuja,flat,2,3,58,yes,no,2800000,15/08/2026,#######
Gwarinpa,Abuja,penthouse,1,1,60,yes,no,8100000,16/08/2026,#######
Victoria Island,Lagos,penthouse,2,2,124,no,not stated,9400000,04/08/2026,#######
Ikeja GRA,Lagos,flat,4,5,778,yes,no,6500000,06/08/2026,#######
Dutse,Abuja,terrace,4,3,585,no,not stated,4500000,18/08/2026,#######
Asokoro,Abuja,penthouse,3,2,302,yes,no,11100000,13/08/2026,#######
Wuse 1,Abuja,self-contain,0,1,,yes,yes,1200000,02/08/2026,#######
Dutse,Abuja,terrace,3,3,691,not stated,no,3000000,01/08/2026,#######
Apo,Abuja,self-contain,0,1,83,no,yes,500000,02/08/2026,#######
Amuwo Odofin,Lagos,self-contain,0,1,,yes,not stated,1100000,12/08/2026,#######
Asokoro,Abuja,bungalow,3,4,,yes,yes,6100000,15/08/2026,#######
Maitama,Abuja,terrace,2,3,115,yes,not stated,5800000,14/08/2026,#######
Mabushi,Abuja,duplex,6,5,246,yes,not stated,6700000,09/08/2026,#######
Ikeja GRA,Lagos,self-contain,0,1,,not stated,no,1900000,09/08/2026,#######
Mabushi,Abuja,mansion,3,3,,not stated,yes,6900000,09/08/2026,#######
Mabushi,Abuja,mansion,1,1,643,yes,yes,5200000,14/08/2026,#######
Wuse 2,Abuja,self-contain,0,1,,no,yes,1400000,13/08/2026,#######
Opebi,Lagos,bungalow,2,1,97,no,yes,3400000,03/08/2026,#######
VGC,Lagos,mansion,3,4,663,no,not stated,10900000,15/08/2026,#######
Maitama,Abuja,duplex,5,5,,yes,not stated,8700000,08/08/2026,#######
Katampe,Abuja,penthouse,1,1,124,not stated,not stated,3800000,05/08/2026,#######
Lokogoma,Abuja,self-contain,0,1,98,yes,not stated,100000,06/08/2026,#######
Victoria Island,Lagos,penthouse,3,2,529,no,yes,9600000,05/08/2026,#######
Lokogoma,Abuja,mansion,3,4,959,not stated,no,6900000,04/08/2026,#######
Life Camp,Abuja,bungalow,3,2,281,no,no,3800000,10/08/2026,#######
Dutse,Abuja,mansion,3,3,867,no,no,6300000,18/08/2026,#######
Maryland,Lagos,terrace,2,3,148,yes,yes,3900000,13/08/2026,#######
VGC,Lagos,bungalow,3,4,390,no,yes,4100000,02/08/2026,#######
Ojodu Berger,Lagos,self-contain,0,1,,not stated,not stated,200000,18/08/2026,#######
Apo,Abuja,terrace,3,2,599,not stated,yes,4300000,05/08/2026,#######
Ikeja GRA,Lagos,terrace,6,6,304,no,not stated,8200000,08/08/2026,#######
Jahi,Abuja,terrace,3,3,169,not stated,no,4500000,10/08/2026,#######
Allen,Lagos,terrace,2,3,,not stated,no,2700000,15/08/2026,#######
Sangotedo,Lagos,terrace,6,7,445,not stated,yes,5300000,18/08/2026,#######
Katampe,Abuja,self-contain,0,1,60,no,yes,1300000,05/08/2026,#######
Opebi,Lagos,self-contain,0,1,,no,not stated,1700000,02/08/2026,#######
Mabushi,Abuja,duplex,3,4,259,not stated,yes,2900000,13/08/2026,#######
Dutse,Abuja,duplex,2,3,80,no,yes,3900000,06/08/2026,#######
Yaba,Lagos,flat,3,3,,yes,no,3900000,05/08/2026,#######
Katampe,Abuja,mansion,5,6,609,yes,not stated,8100000,10/08/2026,#######
Lekki Phase 1,Lagos,flat,3,2,750,yes,no,5600000,06/08/2026,#######
Allen,Lagos,bungalow,5,6,510,yes,yes,5700000,06/08/2026,#######
Jahi,Abuja,duplex,5,6,681,yes,yes,6900000,13/08/2026,#######
Wuse 1,Abuja,bungalow,2,2,,yes,not stated,3300000,05/08/2026,#######
Guzape,Abuja,flat,3,4,525,not stated,no,6200000,18/08/2026,#######
Victoria Island,Lagos,flat,3,3,,no,not stated,5200000,07/08/2026,#######
Garki,Abuja,bungalow,3,2,644,no,yes,4000000,13/08/2026,#######
Yaba,Lagos,self-contain,0,1,92,yes,no,400000,15/08/2026,#######
Ilupeju,Lagos,flat,2,1,49,yes,not stated,2100000,10/08/2026,#######
Asokoro,Abuja,penthouse,4,4,694,no,not stated,13200000,09/08/2026,#######
Wuse 2,Abuja,penthouse,3,3,337,yes,yes,10900000,04/08/2026,#######
Apo,Abuja,mansion,3,2,674,yes,yes,6700000,08/08/2026,#######
Jahi,Abuja,terrace,3,3,345,no,no,4700000,04/08/2026,#######
Garki,Abuja,flat,2,3,,yes,no,2300000,12/08/2026,#######
Katampe,Abuja,bungalow,2,2,75,yes,no,4000000,02/08/2026,#######
Ikeja,Lagos,flat,2,3,76,no,no,2200000,03/08/2026,#######
Lokogoma,Abuja,flat,4,3,715,not stated,no,4100000,07/08/2026,#######
Life Camp,Abuja,flat,4,4,571,no,yes,5600000,07/08/2026,#######
Apo,Abuja,mansion,2,2,831,yes,not stated,5100000,12/08/2026,#######
Guzape,Abuja,duplex,3,2,328,yes,yes,5900000,07/08/2026,#######
Lekki Phase 1,Lagos,duplex,6,5,703,no,no,8400000,09/08/2026,#######
Apo,Abuja,duplex,3,3,234,no,yes,3300000,09/08/2026,#######
Maitama,Abuja,mansion,2,3,942,no,yes,16000000,12/08/2026,#######
Asokoro,Abuja,bungalow,2,1,98,not stated,yes,5800000,11/08/2026,#######
Ilupeju,Lagos,mansion,2,3,1161,yes,no,5500000,05/08/2026,#######
Guzape,Abuja,mansion,6,6,819,no,not stated,15200000,17/08/2026,#######
Maryland,Lagos,penthouse,1,2,85,yes,not stated,4300000,02/08/2026,#######
Maitama,Abuja,terrace,4,4,775,not stated,not stated,6300000,11/08/2026,#######
Amuwo Odofin,Lagos,terrace,2,3,,yes,yes,3900000,15/08/2026,#######
Maitama,Abuja,mansion,4,3,1042,not stated,no,17300000,17/08/2026,#######
Mabushi,Abuja,self-contain,0,1,71,no,no,400000,15/08/2026,#######
Sangotedo,Lagos,penthouse,2,2,74,no,yes,4400000,04/08/2026,#######
Surulere,Lagos,mansion,3,3,,not stated,not stated,7600000,05/08/2026,#######
Garki,Abuja,self-contain,0,1,,not stated,no,400000,06/08/2026,#######
Surulere,Lagos,terrace,3,3,752,not stated,yes,3500000,01/08/2026,#######
Ilupeju,Lagos,bungalow,2,3,149,yes,yes,2100000,18/08/2026,#######
Ikeja GRA,Lagos,duplex,6,6,661,yes,no,6400000,12/08/2026,#######
Ikeja GRA,Lagos,mansion,1,1,991,no,no,10200000,09/08/2026,#######
Jahi,Abuja,mansion,2,1,,no,yes,12600000,13/08/2026,#######
Guzape,Abuja,duplex,2,2,150,no,not stated,4700000,06/08/2026,#######
Asokoro,Abuja,mansion,4,4,,yes,yes,17700000,14/08/2026,#######
Festac,Lagos,mansion,2,3,,not stated,not stated,5100000,10/08/2026,#######
Gbagada,Lagos,terrace,4,4,,yes,no,3900000,13/08/2026,#######
Guzape,Abuja,bungalow,3,2,794,yes,not stated,4900000,12/08/2026,#######
Lekki Phase 2,Lagos,terrace,1,2,140,yes,not stated,2300000,13/08/2026,#######
Apo,Abuja,duplex,3,2,170,not stated,no,3900000,05/08/2026,#######
Lekki Phase 2,Lagos,bungalow,3,2,,not stated,yes,4500000,15/08/2026,#######
Asokoro,Abuja,bungalow,3,3,539,yes,yes,6100000,02/08/2026,#######
Magodo,Lagos,terrace,3,2,736,yes,not stated,5700000,09/08/2026,#######
Garki,Abuja,terrace,3,2,213,no,no,4600000,05/08/2026,#######
Jahi,Abuja,mansion,3,3,929,yes,no,13700000,12/08/2026,#######
Yaba,Lagos,terrace,6,6,594,yes,not stated,7000000,14/08/2026,#######
Wuse 1,Abuja,flat,4,3,448,not stated,not stated,4600000,01/08/2026,#######
Katampe,Abuja,self-contain,0,1,,yes,no,1200000,04/08/2026,#######
Lekki Phase 2,Lagos,mansion,1,1,,no,no,5500000,07/08/2026,#######
Surulere,Lagos,duplex,3,3,,no,not stated,4600000,10/08/2026,#######
Katampe,Abuja,duplex,2,2,81,not stated,not stated,2200000,13/08/2026,#######
Maitama,Abuja,penthouse,4,5,392,no,not stated,13100000,09/08/2026,#######
Gbagada,Lagos,duplex,3,2,633,no,no,3900000,12/08/2026,#######
Gwarinpa,Abuja,flat,3,3,,yes,yes,5200000,11/08/2026,#######
Amuwo Odofin,Lagos,duplex,5,5,,yes,not stated,4700000,17/08/2026,#######
Wuse 2,Abuja,self-contain,0,1,65,yes,not stated,2000000,16/08/2026,#######
Asokoro,Abuja,self-contain,0,1,,yes,yes,2400000,12/08/2026,#######
Mabushi,Abuja,duplex,5,6,631,yes,yes,5000000,05/08/2026,#######
Festac,Lagos,penthouse,4,5,535,no,no,5800000,13/08/2026,#######
Jahi,Abuja,penthouse,2,1,116,not stated,yes,8900000,04/08/2026,#######
Ojodu Berger,Lagos,terrace,3,4,,no,no,4400000,07/08/2026,#######
Surulere,Lagos,self-contain,0,1,52,no,not stated,1200000,06/08/2026,#######
Maryland,Lagos,mansion,3,2,1113,yes,yes,6000000,15/08/2026,#######
Lokogoma,Abuja,mansion,1,1,858,no,yes,5400000,07/08/2026,#######
Maitama,Abuja,penthouse,1,2,,not stated,yes,9700000,14/08/2026,#######
Life Camp,Abuja,bungalow,2,1,77,not stated,not stated,3300000,06/08/2026,#######
Asokoro,Abuja,self-contain,0,1,,no,no,1800000,09/08/2026,#######
Wuse 1,Abuja,duplex,4,3,,not stated,yes,4800000,02/08/2026,#######
Yaba,Lagos,penthouse,2,3,,yes,yes,5200000,08/08/2026,#######
Katampe,Abuja,bungalow,3,2,,not stated,not stated,4300000,10/08/2026,#######
Ojodu Berger,Lagos,terrace,5,4,595,yes,not stated,6100000,12/08/2026,#######
Asokoro,Abuja,flat,5,6,470,not stated,not stated,8700000,17/08/2026,#######
Life Camp,Abuja,penthouse,2,1,96,yes,yes,4100000,14/08/2026,#######
Amuwo Odofin,Lagos,mansion,6,7,604,yes,not stated,10200000,15/08/2026,#######
Katampe,Abuja,terrace,4,5,467,no,not stated,5100000,01/08/2026,#######
Opebi,Lagos,terrace,2,3,,no,no,3600000,17/08/2026,#######
Magodo,Lagos,penthouse,3,3,,no,no,7900000,01/08/2026,#######
Opebi,Lagos,penthouse,3,2,468,no,not stated,5700000,05/08/2026,#######
Dutse,Abuja,mansion,2,1,984,no,not stated,6900000,01/08/2026,#######
Asokoro,Abuja,duplex,3,2,679,no,no,6800000,10/08/2026,#######
Gbagada,Lagos,mansion,3,2,639,not stated,not stated,7400000,16/08/2026,#######
Mabushi,Abuja,flat,1,1,66,no,not stated,2900000,05/08/2026,#######
Katampe,Abuja,penthouse,1,2,83,not stated,yes,3800000,13/08/2026,#######
Lokogoma,Abuja,terrace,2,1,,not stated,yes,3100000,18/08/2026,#######
Mabushi,Abuja,terrace,1,2,,yes,not stated,2600000,09/08/2026,#######
Ikeja GRA,Lagos,penthouse,2,3,140,no,yes,6200000,12/08/2026,#######
Garki,Abuja,terrace,2,3,51,yes,no,3700000,07/08/2026,#######
Ikeja GRA,Lagos,flat,3,2,,not stated,yes,5400000,07/08/2026,#######
Wuse 1,Abuja,bungalow,3,2,261,not stated,yes,4800000,16/08/2026,#######
Yaba,Lagos,self-contain,0,1,59,no,not stated,1200000,17/08/2026,#######
Lekki Phase 1,Lagos,penthouse,6,6,385,yes,no,13100000,18/08/2026,#######
Life Camp,Abuja,self-contain,0,1,116,no,no,800000,15/08/2026,#######
Asokoro,Abuja,penthouse,3,2,246,yes,not stated,11700000,14/08/2026,#######
Opebi,Lagos,mansion,3,3,,not stated,yes,6200000,05/08/2026,#######
Lekki Phase 1,Lagos,flat,3,4,,not stated,not stated,5700000,09/08/2026,#######
Apo,Abuja,bungalow,2,2,66,yes,yes,2400000,06/08/2026,#######
Wuse 1,Abuja,bungalow,4,5,791,yes,not stated,4400000,13/08/2026,#######
Apo,Abuja,duplex,2,2,125,no,not stated,2100000,05/08/2026,#######
Wuse 2,Abuja,penthouse,5,5,725,yes,not stated,12500000,07/08/2026,#######
Life Camp,Abuja,penthouse,2,3,,no,yes,5500000,14/08/2026,#######
Gbagada,Lagos,duplex,1,2,88,yes,not stated,2400000,15/08/2026,#######
Dutse,Abuja,bungalow,3,3,,no,no,3700000,08/08/2026,#######
Surulere,Lagos,flat,2,1,,yes,no,3800000,05/08/2026,#######
Katampe,Abuja,mansion,3,3,,not stated,yes,6100000,17/08/2026,#######
Garki,Abuja,mansion,1,2,776,no,no,5900000,06/08/2026,#######
Opebi,Lagos,mansion,3,3,,yes,no,6600000,14/08/2026,#######
Ikeja GRA,Lagos,terrace,5,6,,not stated,yes,6700000,04/08/2026,#######
Wuse 2,Abuja,terrace,4,4,625,not stated,yes,7900000,10/08/2026,#######
Magodo,Lagos,flat,5,5,345,no,yes,6100000,14/08/2026,#######
Wuse 2,Abuja,terrace,3,3,583,no,not stated,6600000,03/08/2026,#######
VGC,Lagos,flat,4,3,627,not stated,yes,6200000,10/08/2026,#######
Apo,Abuja,mansion,4,4,829,not stated,yes,7600000,11/08/2026,#######
Dutse,Abuja,mansion,6,7,955,no,not stated,9000000,01/08/2026,#######
Lokogoma,Abuja,flat,6,6,514,not stated,yes,6300000,07/08/2026,#######
Magodo,Lagos,penthouse,3,2,554,not stated,not stated,7400000,03/08/2026,#######
Garki,Abuja,self-contain,0,1,106,not stated,no,800000,03/08/2026,#######
Mabushi,Abuja,bungalow,2,1,,not stated,yes,2100000,15/08/2026,#######
Victoria Island,Lagos,penthouse,2,3,77,not stated,no,9300000,03/08/2026,#######
Gwarinpa,Abuja,penthouse,6,6,434,yes,not stated,10500000,17/08/2026,#######
Allen,Lagos,mansion,2,3,771,yes,not stated,6600000,07/08/2026,#######
Lokogoma,Abuja,mansion,5,5,564,not stated,yes,8600000,16/08/2026,#######
Gbagada,Lagos,bungalow,2,1,125,yes,no,3300000,12/08/2026,#######
VGC,Lagos,mansion,4,4,,yes,yes,11900000,15/08/2026,#######
Sangotedo,Lagos,self-contain,0,1,149,no,not stated,1700000,02/08/2026,#######
Opebi,Lagos,duplex,4,5,,yes,not stated,4500000,12/08/2026,#######
Ajah,Lagos,mansion,2,1,890,no,not stated,5200000,04/08/2026,#######
Yaba,Lagos,flat,5,6,,yes,yes,6400000,16/08/2026,#######
Ikoyi,Lagos,bungalow,2,2,59,no,yes,4300000,10/08/2026,#######
Magodo,Lagos,self-contain,0,1,,yes,not stated,1400000,16/08/2026,#######
Opebi,Lagos,flat,3,3,,yes,yes,4300000,02/08/2026,#######
Ilupeju,Lagos,flat,3,3,,yes,yes,3800000,04/08/2026,#######
Festac,Lagos,bungalow,4,4,278,not stated,not stated,3900000,11/08/2026,#######
Gbagada,Lagos,duplex,2,2,145,no,not stated,2900000,09/08/2026,#######
Guzape,Abuja,mansion,2,1,625,no,not stated,11700000,12/08/2026,#######
Maryland,Lagos,bungalow,4,3,624,no,yes,4500000,11/08/2026,#######
Lekki Phase 1,Lagos,terrace,3,4,,not stated,yes,6800000,04/08/2026,#######
Lugbe,Abuja,mansion,3,4,1051,not stated,yes,6300000,06/08/2026,#######
Garki,Abuja,duplex,3,3,195,not stated,not stated,3000000,07/08/2026,#######
Lekki Phase 1,Lagos,terrace,3,4,,no,no,5700000,12/08/2026,#######
Dutse,Abuja,terrace,1,1,58,no,yes,2400000,14/08/2026,#######
Maitama,Abuja,self-contain,0,1,62,yes,not stated,2100000,10/08/2026,#######
Ojodu Berger,Lagos,penthouse,4,4,380,yes,not stated,5300000,06/08/2026,#######
Surulere,Lagos,mansion,1,1,894,no,yes,5200000,04/08/2026,#######
Maitama,Abuja,penthouse,4,3,,no,yes,11900000,04/08/2026,#######
Lekki Phase 2,Lagos,duplex,3,3,,not stated,not stated,4100000,01/08/2026,#######
Festac,Lagos,flat,3,3,,not stated,no,4800000,09/08/2026,#######
Magodo,Lagos,duplex,2,3,,yes,no,3100000,08/08/2026,#######
Wuse 1,Abuja,penthouse,4,4,,yes,yes,5700000,07/08/2026,#######
Asokoro,Abuja,self-contain,0,1,,not stated,not stated,1000000,10/08/2026,#######
Opebi,Lagos,mansion,5,6,888,yes,yes,9400000,05/08/2026,#######
Maryland,Lagos,penthouse,6,7,774,no,yes,8200000,08/08/2026,#######
Sangotedo,Lagos,bungalow,2,2,142,no,not stated,2100000,11/08/2026,#######
Victoria Island,Lagos,bungalow,2,1,139,not stated,not stated,5500000,17/08/2026,#######
Ikoyi,Lagos,mansion,2,2,,yes,not stated,14300000,16/08/2026,#######
Ajah,Lagos,flat,2,1,113,yes,no,2200000,16/08/2026,#######
Guzape,Abuja,duplex,1,2,143,not stated,yes,4500000,06/08/2026,#######
Wuse 1,Abuja,penthouse,5,6,213,not stated,not stated,6100000,07/08/2026,#######
Guzape,Abuja,flat,5,4,682,not stated,yes,6500000,10/08/2026,#######
Dutse,Abuja,duplex,2,3,125,yes,no,3800000,14/08/2026,#######
Amuwo Odofin,Lagos,terrace,4,3,,yes,no,4600000,04/08/2026,#######
Ikoyi,Lagos,bungalow,4,4,497,not stated,no,7100000,06/08/2026,#######
Surulere,Lagos,duplex,5,5,386,not stated,not stated,5300000,09/08/2026,#######
Life Camp,Abuja,duplex,3,4,564,yes,not stated,4700000,04/08/2026,#######
Wuse 2,Abuja,duplex,1,1,,not stated,not stated,5400000,03/08/2026,#######
Maryland,Lagos,penthouse,2,2,142,yes,yes,3700000,14/08/2026,#######
Maitama,Abuja,mansion,6,7,551,not stated,no,19700000,01/08/2026,#######
Sangotedo,Lagos,terrace,2,2,78,yes,not stated,3200000,02/08/2026,#######
Opebi,Lagos,mansion,4,4,847,yes,not stated,7900000,14/08/2026,#######
Wuse 2,Abuja,self-contain,0,1,,not stated,not stated,1600000,18/08/2026,#######
Wuse 1,Abuja,mansion,2,1,935,not stated,no,5200000,03/08/2026,#######
Victoria Island,Lagos,mansion,2,1,,no,no,14800000,06/08/2026,#######
Ilupeju,Lagos,terrace,3,3,450,not stated,yes,2900000,17/08/2026,#######
Opebi,Lagos,penthouse,3,4,322,not stated,not stated,5400000,16/08/2026,#######
Maitama,Abuja,bungalow,6,7,,no,not stated,9700000,03/08/2026,#######
Ajah,Lagos,penthouse,5,6,759,not stated,not stated,6400000,15/08/2026,#######
Maryland,Lagos,bungalow,6,5,,not stated,no,6200000,16/08/2026,#######
Wuse 2,Abuja,flat,5,4,,no,no,8300000,01/08/2026,#######
Garki,Abuja,self-contain,0,1,77,yes,not stated,1600000,08/08/2026,#######
Gbagada,Lagos,terrace,2,2,133,not stated,not stated,3900000,08/08/2026,#######
Allen,Lagos,penthouse,3,2,577,yes,no,5100000,10/08/2026,#######
Gwarinpa,Abuja,self-contain,0,1,127,not stated,yes,1000000,13/08/2026,#######
Life Camp,Abuja,duplex,5,4,504,no,no,5400000,05/08/2026,#######
Maitama,Abuja,mansion,5,4,820,yes,yes,18200000,17/08/2026,#######
Lokogoma,Abuja,duplex,3,3,450,yes,not stated,4100000,03/08/2026,#######
Guzape,Abuja,duplex,2,1,138,no,not stated,4900000,04/08/2026,#######
Ajah,Lagos,duplex,4,3,587,not stated,yes,4300000,07/08/2026,#######
Mabushi,Abuja,duplex,1,1,,yes,not stated,1900000,08/08/2026,#######
Maryland,Lagos,bungalow,5,6,234,no,not stated,6400000,13/08/2026,#######
Gwarinpa,Abuja,bungalow,4,5,,yes,no,5700000,09/08/2026,#######
Ikeja GRA,Lagos,duplex,4,3,,no,no,4800000,01/08/2026,#######
Ilupeju,Lagos,self-contain,0,1,104,no,yes,900000,15/08/2026,#######
Lekki Phase 1,Lagos,flat,5,6,779,no,no,8200000,17/08/2026,#######
Katampe,Abuja,terrace,2,3,65,no,not stated,3800000,06/08/2026,#######
Yaba,Lagos,bungalow,2,3,114,yes,not stated,2900000,10/08/2026,#######
Magodo,Lagos,penthouse,6,7,386,not stated,no,9600000,12/08/2026,#######
Ikoyi,Lagos,mansion,2,3,970,not stated,not stated,14600000,13/08/2026,#######
Ikeja GRA,Lagos,self-contain,0,1,110,yes,no,1900000,10/08/2026,#######
Ikoyi,Lagos,terrace,3,2,309,no,yes,4900000,07/08/2026,#######
Ojodu Berger,Lagos,self-contain,0,1,58,yes,no,1200000,08/08/2026,#######
Garki,Abuja,flat,2,1,58,no,yes,2600000,18/08/2026,#######
Maitama,Abuja,self-contain,0,1,,yes,no,1600000,07/08/2026,#######
Surulere,Lagos,flat,4,5,,yes,not stated,5500000,16/08/2026,#######
Allen,Lagos,bungalow,6,6,352,not stated,yes,5600000,12/08/2026,#######
Surulere,Lagos,mansion,2,2,,yes,yes,6900000,06/08/2026,#######
Dutse,Abuja,duplex,5,4,435,no,no,5200000,14/08/2026,#######
Mabushi,Abuja,penthouse,3,2,727,no,not stated,4500000,15/08/2026,#######
Surulere,Lagos,penthouse,1,1,83,not stated,yes,4100000,13/08/2026,#######
Amuwo Odofin,Lagos,duplex,4,5,392,yes,no,4600000,10/08/2026,#######
Katampe,Abuja,terrace,2,1,101,no,not stated,3400000,15/08/2026,#######
Allen,Lagos,flat,4,4,747,no,not stated,5600000,17/08/2026,#######
Ojodu Berger,Lagos,terrace,2,1,41,yes,no,2500000,04/08/2026,#######
Lokogoma,Abuja,mansion,5,6,1174,yes,not stated,7600000,08/08/2026,#######
Ajah,Lagos,self-contain,0,1,52,yes,no,500000,07/08/2026,#######
Ikeja GRA,Lagos,penthouse,3,4,527,not stated,not stated,7800000,12/08/2026,#######
Gwarinpa,Abuja,self-contain,0,1,67,not stated,not stated,1900000,15/08/2026,#######
Ikeja,Lagos,duplex,1,1,49,no,yes,1500000,17/08/2026,#######
Maryland,Lagos,flat,6,5,538,yes,not stated,6600000,16/08/2026,#######
Sangotedo,Lagos,penthouse,4,3,643,yes,not stated,5800000,02/08/2026,#######
Katampe,Abuja,self-contain,0,1,112,not stated,no,1300000,12/08/2026,#######
Amuwo Odofin,Lagos,terrace,1,2,68,yes,not stated,1300000,12/08/2026,#######
Guzape,Abuja,duplex,1,2,148,yes,no,3700000,17/08/2026,#######
Garki,Abuja,bungalow,3,3,548,not stated,not stated,4600000,07/08/2026,#######
Victoria Island,Lagos,mansion,4,5,533,no,not stated,16600000,16/08/2026,#######
Gwarinpa,Abuja,penthouse,5,4,,yes,no,10300000,10/08/2026,#######
Ajah,Lagos,duplex,3,4,367,not stated,yes,3400000,11/08/2026,#######
Ikeja,Lagos,bungalow,5,6,489,not stated,not stated,5300000,17/08/2026,#######
Lekki Phase 1,Lagos,penthouse,3,2,281,yes,no,11300000,13/08/2026,#######
Ikoyi,Lagos,self-contain,0,1,,no,yes,1400000,17/08/2026,#######
Sangotedo,Lagos,bungalow,2,1,125,yes,not stated,4000000,11/08/2026,#######
Ikeja GRA,Lagos,duplex,2,3,,not stated,not stated,3300000,01/08/2026,#######
Guzape,Abuja,bungalow,2,3,,no,no,4100000,16/08/2026,#######
Mabushi,Abuja,bungalow,3,4,658,yes,no,4200000,09/08/2026,#######
Maitama,Abuja,duplex,3,4,,not stated,not stated,5700000,08/08/2026,#######
Ikeja,Lagos,flat,6,6,366,not stated,not stated,5700000,05/08/2026,#######
Ikeja GRA,Lagos,bungalow,2,2,87,yes,yes,4200000,01/08/2026,#######
Yaba,Lagos,mansion,2,2,,not stated,no,5200000,04/08/2026,#######
Allen,Lagos,terrace,1,1,135,not stated,yes,1900000,16/08/2026,#######
Wuse 2,Abuja,self-contain,0,1,78,not stated,no,900000,12/08/2026,#######
Opebi,Lagos,bungalow,2,1,57,no,yes,3700000,12/08/2026,#######
Life Camp,Abuja,duplex,5,4,757,no,not stated,5800000,02/08/2026,#######
Lokogoma,Abuja,penthouse,2,2,50,not stated,no,4600000,02/08/2026,#######
Lekki Phase 1,Lagos,bungalow,6,7,204,yes,not stated,8200000,03/08/2026,#######
Mabushi,Abuja,mansion,3,4,1071,yes,not stated,7500000,16/08/2026,#######
Apo,Abuja,duplex,1,2,,yes,not stated,1600000,02/08/2026,#######
Wuse 2,Abuja,duplex,5,4,789,yes,yes,8900000,18/08/2026,#######
Wuse 2,Abuja,self-contain,0,1,112,no,yes,600000,05/08/2026,#######
Ikeja,Lagos,penthouse,2,1,,no,no,4600000,05/08/2026,#######
Ikeja,Lagos,self-contain,0,1,,no,no,1300000,05/08/2026,#######
Asokoro,Abuja,terrace,3,4,390,not stated,not stated,7300000,03/08/2026,#######
Jahi,Abuja,duplex,3,2,573,yes,not stated,5100000,16/08/2026,#######
Yaba,Lagos,self-contain,0,1,127,yes,yes,100000,03/08/2026,#######
Asokoro,Abuja,terrace,3,2,,not stated,no,5400000,11/08/2026,#######
Allen,Lagos,terrace,4,3,241,no,yes,4100000,07/08/2026,#######
Ikeja,Lagos,duplex,2,1,118,no,no,3000000,06/08/2026,#######
Amuwo Odofin,Lagos,self-contain,0,1,66,not stated,no,1600000,02/08/2026,#######
Ikeja GRA,Lagos,flat,3,4,,not stated,not stated,5100000,01/08/2026,#######
Asokoro,Abuja,self-contain,0,1,120,yes,yes,1200000,17/08/2026,#######
Allen,Lagos,terrace,4,5,157,no,no,5600000,10/08/2026,#######
Wuse 1,Abuja,flat,2,1,143,not stated,no,2500000,18/08/2026,#######
Magodo,Lagos,mansion,5,6,,no,no,11800000,14/08/2026,#######
Ojodu Berger,Lagos,penthouse,5,4,395,no,yes,6100000,08/08/2026,#######
Mabushi,Abuja,mansion,3,4,1041,not stated,yes,5900000,18/08/2026,#######
Maryland,Lagos,penthouse,2,2,,not stated,yes,3700000,03/08/2026,#######
Apo,Abuja,self-contain,0,1,,no,yes,1700000,03/08/2026,#######
Ikeja,Lagos,mansion,3,3,511,not stated,yes,7200000,16/08/2026,#######
Asokoro,Abuja,flat,6,6,,no,no,8200000,07/08/2026,#######
Ilupeju,Lagos,penthouse,5,6,541,no,yes,6500000,17/08/2026,#######
Maryland,Lagos,bungalow,2,2,,yes,yes,3200000,04/08/2026,#######
VGC,Lagos,penthouse,4,5,,not stated,yes,8600000,02/08/2026,#######
Ilupeju,Lagos,flat,5,5,,not stated,no,4600000,05/08/2026,#######
Life Camp,Abuja,flat,4,5,,not stated,no,4100000,04/08/2026,#######
Amuwo Odofin,Lagos,mansion,3,4,1094,no,not stated,6000000,09/08/2026,#######
Wuse 1,Abuja,bungalow,4,5,697,yes,yes,3700000,08/08/2026,#######
Mabushi,Abuja,flat,1,1,97,not stated,not stated,2900000,16/08/2026,#######
Guzape,Abuja,mansion,1,1,,no,no,11600000,07/08/2026,#######
Wuse 2,Abuja,penthouse,3,4,,no,yes,11100000,10/08/2026,#######
Gbagada,Lagos,bungalow,4,4,420,not stated,not stated,3700000,14/08/2026,#######
Wuse 1,Abuja,bungalow,1,1,42,yes,yes,3100000,05/08/2026,#######
Sangotedo,Lagos,duplex,2,3,61,not stated,yes,2400000,05/08/2026,#######
Ojodu Berger,Lagos,mansion,1,1,1200,no,no,6000000,18/08/2026,#######
Dutse,Abuja,mansion,2,2,833,no,not stated,6700000,15/08/2026,#######
Maryland,Lagos,flat,2,3,94,yes,not stated,2800000,15/08/2026,#######
Mabushi,Abuja,penthouse,2,1,88,yes,yes,3700000,15/08/2026,#######
Yaba,Lagos,self-contain,0,1,,not stated,no,200000,14/08/2026,#######
Wuse 1,Abuja,flat,2,3,87,no,no,2100000,09/08/2026,#######
Magodo,Lagos,duplex,5,5,611,no,yes,7400000,05/08/2026,#######
Yaba,Lagos,flat,3,2,361,yes,no,4500000,05/08/2026,#######
Life Camp,Abuja,mansion,3,2,1081,not stated,not stated,7000000,11/08/2026,#######
Amuwo Odofin,Lagos,flat,6,5,,no,not stated,6000000,11/08/2026,#######
Guzape,Abuja,flat,2,3,140,no,no,4100000,02/08/2026,#######
Wuse 2,Abuja,bungalow,3,4,440,yes,yes,6800000,07/08/2026,#######
Opebi,Lagos,flat,3,4,,not stated,no,3500000,09/08/2026,#######
Lekki Phase 1,Lagos,mansion,4,4,,no,no,15200000,07/08/2026,#######
Life Camp,Abuja,terrace,4,4,,yes,not stated,4200000,18/08/2026,#######
Wuse 2,Abuja,self-contain,0,1,77,not stated,not stated,1500000,03/08/2026,#######
Asokoro,Abuja,duplex,4,4,668,not stated,no,8000000,13/08/2026,#######
Gwarinpa,Abuja,mansion,4,5,1148,not stated,no,12800000,08/08/2026,#######
Lugbe,Abuja,self-contain,0,1,85,not stated,no,1100000,14/08/2026,#######
Katampe,Abuja,self-contain,0,1,,no,no,1500000,11/08/2026,#######
Katampe,Abuja,terrace,3,3,636,not stated,no,3200000,07/08/2026,#######
Ajah,Lagos,duplex,1,2,90,yes,no,1500000,02/08/2026,#######
Yaba,Lagos,mansion,2,3,863,no,yes,5600000,17/08/2026,#######
Jahi,Abuja,flat,1,1,45,not stated,not stated,2900000,01/08/2026,#######
Katampe,Abuja,duplex,4,4,623,not stated,not stated,4500000,08/08/2026,#######
Gbagada,Lagos,duplex,2,2,46,not stated,yes,4000000,08/08/2026,#######
Katampe,Abuja,penthouse,3,2,721,not stated,not stated,5600000,07/08/2026,#######
Magodo,Lagos,flat,6,5,448,yes,not stated,8000000,18/08/2026,#######
Ojodu Berger,Lagos,bungalow,6,5,559,not stated,not stated,5500000,17/08/2026,#######
Surulere,Lagos,terrace,2,3,80,not stated,yes,2100000,09/08/2026,#######
Dutse,Abuja,bungalow,3,3,614,not stated,no,4700000,07/08/2026,#######
Maitama,Abuja,self-contain,0,1,49,yes,not stated,1600000,04/08/2026,#######
Ajah,Lagos,penthouse,3,4,699,no,yes,5500000,12/08/2026,#######
Ikeja,Lagos,terrace,2,3,52,not stated,yes,3100000,16/08/2026,#######
Garki,Abuja,self-contain,0,1,,yes,not stated,-100000,11/08/2026,#######
Gbagada,Lagos,self-contain,0,1,95,not stated,yes,800000,08/08/2026,#######
Ilupeju,Lagos,flat,5,6,,yes,no,5700000,06/08/2026,#######
Lugbe,Abuja,duplex,3,4,379,no,no,4100000,06/08/2026,#######
Gbagada,Lagos,penthouse,4,5,404,yes,yes,5600000,06/08/2026,#######
Ikeja GRA,Lagos,bungalow,3,4,310,not stated,not stated,5200000,10/08/2026,#######
Wuse 1,Abuja,duplex,2,1,54,no,yes,2100000,15/08/2026,#######
Ojodu Berger,Lagos,self-contain,0,1,108,not stated,no,500000,03/08/2026,#######
Lekki Phase 2,Lagos,bungalow,4,3,,yes,no,4900000,13/08/2026,#######
Victoria Island,Lagos,terrace,4,3,595,yes,yes,5700000,11/08/2026,#######
Jahi,Abuja,bungalow,1,1,,yes,no,3500000,13/08/2026,#######
Apo,Abuja,duplex,2,2,84,yes,no,2500000,07/08/2026,#######
Lekki Phase 1,Lagos,duplex,3,3,,not stated,yes,4900000,08/08/2026,#######
Gwarinpa,Abuja,flat,2,1,,no,not stated,4600000,14/08/2026,#######
Sangotedo,Lagos,penthouse,3,3,615,yes,no,4400000,17/08/2026,#######
Guzape,Abuja,self-contain,0,1,113,no,no,1000000,16/08/2026,#######
Maryland,Lagos,duplex,2,3,52,yes,yes,2300000,14/08/2026,#######
Festac,Lagos,terrace,3,4,169,yes,no,3200000,06/08/2026,#######
VGC,Lagos,duplex,5,5,209,yes,not stated,6100000,18/08/2026,#######
Festac,Lagos,bungalow,2,2,113,not stated,yes,3600000,16/08/2026,#######
Lekki Phase 1,Lagos,self-contain,0,1,,no,not stated,400000,12/08/2026,#######
Ikoyi,Lagos,flat,2,1,150,no,not stated,5500000,03/08/2026,#######
VGC,Lagos,self-contain,0,1,44,no,not stated,700000,06/08/2026,#######
Guzape,Abuja,duplex,2,2,72,not stated,not stated,4000000,08/08/2026,#######
Opebi,Lagos,mansion,4,4,983,no,not stated,6700000,05/08/2026,#######
Yaba,Lagos,self-contain,0,1,126,no,yes,1500000,11/08/2026,#######
Wuse 2,Abuja,flat,4,5,549,not stated,no,6800000,16/08/2026,#######
Dutse,Abuja,bungalow,3,4,218,yes,not stated,4400000,17/08/2026,#######
Gbagada,Lagos,self-contain,0,1,80,yes,not stated,1100000,01/08/2026,#######
Wuse 1,Abuja,penthouse,5,6,,no,yes,7200000,10/08/2026,#######
Guzape,Abuja,penthouse,4,4,380,yes,not stated,9700000,15/08/2026,#######
Ajah,Lagos,bungalow,2,1,,not stated,yes,2600000,01/08/2026,#######
Maitama,Abuja,flat,2,1,64,no,yes,6100000,04/08/2026,#######
Maryland,Lagos,self-contain,0,1,84,not stated,yes,-100000,10/08/2026,#######
Surulere,Lagos,terrace,3,2,724,no,no,4500000,13/08/2026,#######
Festac,Lagos,penthouse,3,2,432,not stated,yes,5600000,13/08/2026,#######
Garki,Abuja,penthouse,3,3,352,yes,no,6000000,02/08/2026,#######
Wuse 2,Abuja,duplex,2,3,119,yes,yes,5600000,17/08/2026,#######
Ikoyi,Lagos,mansion,3,4,654,no,yes,14700000,10/08/2026,#######
Life Camp,Abuja,penthouse,3,3,702,not stated,yes,5500000,02/08/2026,#######
Mabushi,Abuja,penthouse,1,2,64,no,yes,3600000,13/08/2026,#######
Wuse 2,Abuja,terrace,4,5,720,no,yes,7100000,05/08/2026,#######
Garki,Abuja,mansion,3,2,555,not stated,no,6400000,08/08/2026,#######
Katampe,Abuja,bungalow,4,3,617,yes,no,4900000,15/08/2026,#######
Katampe,Abuja,self-contain,0,1,129,no,not stated,700000,16/08/2026,#######
Sangotedo,Lagos,penthouse,2,2,,not stated,no,4400000,11/08/2026,#######
Lugbe,Abuja,penthouse,1,1,40,yes,not stated,3400000,10/08/2026,#######
Surulere,Lagos,flat,5,5,,not stated,not stated,5100000,15/08/2026,#######
Allen,Lagos,mansion,2,2,,yes,no,6200000,15/08/2026,#######
Ikeja,Lagos,self-contain,0,1,61,yes,no,1500000,08/08/2026,#######
Jahi,Abuja,penthouse,3,4,340,yes,yes,9800000,12/08/2026,#######
Dutse,Abuja,terrace,2,3,116,yes,no,2500000,13/08/2026,#######
Ojodu Berger,Lagos,penthouse,2,3,150,no,not stated,4800000,13/08/2026,#######
Allen,Lagos,flat,3,4,,no,yes,3800000,18/08/2026,#######
Jahi,Abuja,mansion,3,2,793,yes,yes,13600000,12/08/2026,#######
Surulere,Lagos,penthouse,3,3,753,no,no,4400000,16/08/2026,#######
Lugbe,Abuja,duplex,2,1,68,no,not stated,2700000,16/08/2026,#######
Ojodu Berger,Lagos,terrace,4,5,471,no,not stated,4200000,01/08/2026,#######
Gwarinpa,Abuja,penthouse,2,1,,yes,yes,9000000,05/08/2026,#######
Ojodu Berger,Lagos,bungalow,3,2,,yes,no,4500000,12/08/2026,#######
Ojodu Berger,Lagos,self-contain,0,1,129,no,not stated,1700000,01/08/2026,#######
Garki,Abuja,self-contain,0,1,107,no,no,800000,01/08/2026,#######
Lokogoma,Abuja,penthouse,1,1,150,no,yes,3600000,15/08/2026,#######
Ilupeju,Lagos,penthouse,4,5,729,no,no,5200000,09/08/2026,#######
Ikeja,Lagos,flat,1,2,119,not stated,yes,2400000,04/08/2026,#######
Maryland,Lagos,bungalow,3,4,,no,no,4200000,07/08/2026,#######
Magodo,Lagos,flat,3,4,,no,yes,4300000,13/08/2026,#######
Surulere,Lagos,duplex,1,1,98,not stated,not stated,2800000,09/08/2026,#######
Lokogoma,Abuja,penthouse,2,2,119,no,yes,5300000,06/08/2026,#######
Garki,Abuja,terrace,3,2,,no,no,2900000,01/08/2026,#######
Opebi,Lagos,duplex,2,2,130,no,no,2300000,15/08/2026,#######
Life Camp,Abuja,terrace,5,5,784,yes,yes,5900000,10/08/2026,#######
Wuse 2,Abuja,mansion,5,6,912,not stated,not stated,18600000,05/08/2026,#######
Ikeja,Lagos,terrace,2,3,,no,not stated,3100000,11/08/2026,#######
Dutse,Abuja,flat,4,5,524,not stated,yes,4700000,09/08/2026,#######
Lokogoma,Abuja,duplex,3,2,241,no,yes,4500000,18/08/2026,#######
Allen,Lagos,terrace,3,4,734,yes,no,4400000,06/08/2026,#######
Ajah,Lagos,duplex,2,2,132,no,yes,2200000,15/08/2026,#######
Sangotedo,Lagos,duplex,5,4,331,yes,no,5200000,09/08/2026,#######
Mabushi,Abuja,bungalow,6,5,708,no,yes,5600000,10/08/2026,#######
Lekki Phase 1,Lagos,bungalow,2,1,117,not stated,no,4900000,13/08/2026,#######
Ojodu Berger,Lagos,terrace,4,4,232,not stated,not stated,3700000,17/08/2026,#######
Guzape,Abuja,flat,3,3,399,yes,no,5500000,02/08/2026,#######
Life Camp,Abuja,flat,5,4,,yes,yes,5800000,10/08/2026,#######
Gwarinpa,Abuja,bungalow,3,2,386,not stated,not stated,5100000,01/08/2026,#######
Lugbe,Abuja,terrace,2,3,104,yes,yes,3400000,13/08/2026,#######
Jahi,Abuja,self-contain,0,1,,yes,yes,600000,15/08/2026,#######
Maitama,Abuja,bungalow,5,5,574,yes,no,8200000,15/08/2026,#######
Magodo,Lagos,bungalow,3,4,236,yes,no,4600000,06/08/2026,#######
Wuse 2,Abuja,duplex,5,6,666,yes,no,8000000,03/08/2026,#######
Festac,Lagos,penthouse,4,5,284,no,not stated,6500000,05/08/2026,#######
Jahi,Abuja,duplex,4,3,787,not stated,not stated,5700000,12/08/2026,#######
Asokoro,Abuja,bungalow,6,6,532,not stated,no,8600000,03/08/2026,#######
Ajah,Lagos,mansion,2,2,675,not stated,not stated,5100000,05/08/2026,#######
Victoria Island,Lagos,bungalow,3,3,164,yes,yes,5700000,14/08/2026,#######
Sangotedo,Lagos,flat,3,4,598,no,no,3500000,07/08/2026,#######
Apo,Abuja,self-contain,0,1,85,not stated,not stated,200000,13/08/2026,#######
Allen,Lagos,bungalow,5,4,,no,not stated,6000000,13/08/2026,#######
Gbagada,Lagos,mansion,2,2,880,not stated,no,6500000,12/08/2026,#######
Lugbe,Abuja,bungalow,3,3,399,not stated,no,3600000,12/08/2026,#######
Asokoro,Abuja,flat,2,3,,not stated,no,4900000,06/08/2026,#######
Life Camp,Abuja,penthouse,2,1,102,not stated,no,4400000,07/08/2026,#######
Amuwo Odofin,Lagos,bungalow,5,5,371,no,not stated,5600000,14/08/2026,#######
Maitama,Abuja,bungalow,2,3,112,yes,yes,5200000,14/08/2026,#######
Festac,Lagos,mansion,3,2,1081,no,not stated,5900000,18/08/2026,#######
Magodo,Lagos,flat,5,6,613,no,no,7100000,12/08/2026,#######
Lokogoma,Abuja,penthouse,5,6,652,yes,no,6200000,02/08/2026,#######
Asokoro,Abuja,flat,2,1,48,not stated,not stated,6000000,14/08/2026,#######
Festac,Lagos,bungalow,3,2,,not stated,yes,3300000,06/08/2026,#######
Dutse,Abuja,flat,3,3,258,yes,not stated,4600000,15/08/2026,#######
Jahi,Abuja,terrace,2,2,137,no,not stated,3900000,01/08/2026,#######
Lekki Phase 1,Lagos,terrace,3,3,268,no,no,6500000,10/08/2026,#######
Surulere,Lagos,mansion,3,3,628,no,not stated,6400000,14/08/2026,#######
Life Camp,Abuja,mansion,3,2,628,yes,yes,6000000,02/08/2026,#######
Victoria Island,Lagos,mansion,2,3,929,yes,no,14100000,13/08/2026,#######
Ikeja,Lagos,mansion,4,4,791,yes,not stated,8400000,11/08/2026,#######
Lekki Phase 2,Lagos,self-contain,0,1,105,yes,not stated,1100000,11/08/2026,#######
Lokogoma,Abuja,bungalow,5,5,760,no,yes,6400000,16/08/2026,#######
Asokoro,Abuja,bungalow,3,4,682,yes,not stated,5500000,09/08/2026,#######
Victoria Island,Lagos,mansion,3,4,1176,not stated,no,14900000,08/08/2026,#######
Ojodu Berger,Lagos,terrace,2,2,,no,yes,3800000,17/08/2026,#######
Lugbe,Abuja,penthouse,2,2,97,no,no,4800000,08/08/2026,#######
Mabushi,Abuja,terrace,2,3,71,not stated,not stated,2400000,02/08/2026,#######
Mabushi,Abuja,mansion,2,1,,yes,no,6600000,08/08/2026,#######
Guzape,Abuja,mansion,3,4,883,yes,not stated,12800000,13/08/2026,#######
Ikoyi,Lagos,flat,3,4,622,not stated,no,6400000,03/08/2026,#######
Ikeja GRA,Lagos,duplex,3,3,464,not stated,yes,5500000,11/08/2026,#######
Wuse 1,Abuja,terrace,2,1,,not stated,no,2100000,07/08/2026,#######
Garki,Abuja,terrace,6,7,407,yes,yes,5400000,08/08/2026,#######
Ikeja GRA,Lagos,terrace,6,5,342,not stated,not stated,7100000,01/08/2026,#######
Ojodu Berger,Lagos,terrace,3,3,501,no,not stated,4300000,10/08/2026,#######
Yaba,Lagos,terrace,4,5,281,yes,no,3800000,08/08/2026,#######
Dutse,Abuja,terrace,4,4,,yes,not stated,5000000,11/08/2026,#######
Ikeja,Lagos,terrace,2,3,149,no,yes,3300000,18/08/2026,#######
Apo,Abuja,flat,5,4,261,yes,no,5500000,17/08/2026,#######
Garki,Abuja,penthouse,2,2,,not stated,yes,4700000,04/08/2026,#######
Jahi,Abuja,penthouse,4,5,784,no,not stated,9900000,17/08/2026,#######
Wuse 1,Abuja,mansion,3,4,704,yes,no,7300000,10/08/2026,#######
Lekki Phase 1,Lagos,bungalow,1,1,,no,no,4900000,04/08/2026,#######
Ikeja,Lagos,self-contain,0,1,,yes,no,800000,12/08/2026,#######
Dutse,Abuja,terrace,2,2,49,no,not stated,2800000,06/08/2026,#######
Allen,Lagos,penthouse,2,1,59,not stated,no,4900000,17/08/2026,#######
Gwarinpa,Abuja,bungalow,2,3,121,yes,yes,3700000,07/08/2026,#######
Wuse 2,Abuja,flat,6,5,760,no,yes,8500000,14/08/2026,#######
Wuse 1,Abuja,duplex,1,2,,no,no,1900000,17/08/2026,#######
Guzape,Abuja,bungalow,4,5,490,yes,not stated,6900000,08/08/2026,#######
Lekki Phase 2,Lagos,flat,3,2,,yes,no,2900000,13/08/2026,#######
Lugbe,Abuja,penthouse,2,3,,not stated,yes,4800000,16/08/2026,#######
Amuwo Odofin,Lagos,flat,4,4,380,yes,not stated,5100000,04/08/2026,#######
Apo,Abuja,flat,2,3,42,no,yes,3500000,07/08/2026,#######
Life Camp,Abuja,terrace,4,4,290,yes,no,5200000,11/08/2026,#######
Lekki Phase 2,Lagos,terrace,3,4,247,yes,not stated,4000000,15/08/2026,#######
Festac,Lagos,mansion,3,3,1106,yes,yes,6000000,03/08/2026,#######
Asokoro,Abuja,terrace,3,4,586,yes,no,5900000,06/08/2026,#######
Maryland,Lagos,penthouse,3,2,786,no,not stated,5700000,06/08/2026,#######
Ikoyi,Lagos,terrace,3,4,,no,not stated,5900000,07/08/2026,#######
Opebi,Lagos,self-contain,0,1,81,no,not stated,1100000,02/08/2026,#######
Ikeja GRA,Lagos,duplex,1,2,135,yes,yes,4200000,17/08/2026,#######
Lekki Phase 1,Lagos,mansion,3,3,842,not stated,yes,14200000,16/08/2026,#######
Wuse 2,Abuja,bungalow,5,6,633,yes,not stated,8400000,08/08/2026,#######
Lugbe,Abuja,terrace,2,1,142,yes,not stated,3100000,08/08/2026,#######
Ikeja GRA,Lagos,duplex,2,1,,no,not stated,4300000,12/08/2026,#######
Lekki Phase 1,Lagos,duplex,5,5,,yes,no,7700000,07/08/2026,#######
Magodo,Lagos,bungalow,3,3,,yes,no,4400000,14/08/2026,#######
Jahi,Abuja,flat,3,2,656,yes,not stated,5200000,17/08/2026,#######
Maitama,Abuja,terrace,2,2,,no,no,5900000,02/08/2026,#######
Life Camp,Abuja,self-contain,0,1,115,not stated,not stated,500000,08/08/2026,#######
Festac,Lagos,penthouse,5,5,600,not stated,not stated,6000000,06/08/2026,#######
Maitama,Abuja,penthouse,6,5,,not stated,yes,14300000,01/08/2026,#######
Victoria Island,Lagos,bungalow,3,4,,no,not stated,6600000,15/08/2026,#######
Magodo,Lagos,self-contain,0,1,,yes,no,1800000,06/08/2026,#######
Ikeja,Lagos,mansion,2,2,1075,no,no,5900000,18/08/2026,#######
VGC,Lagos,self-contain,0,1,116,not stated,yes,1400000,06/08/2026,#######
VGC,Lagos,mansion,3,2,1053,no,not stated,10500000,03/08/2026,#######
Mabushi,Abuja,bungalow,3,2,739,yes,no,4100000,11/08/2026,#######
Asokoro,Abuja,bungalow,5,4,598,not stated,not stated,8900000,01/08/2026,#######
Dutse,Abuja,flat,4,5,642,no,no,5600000,14/08/2026,#######
Ojodu Berger,Lagos,penthouse,3,2,290,no,no,4400000,07/08/2026,#######
Lekki Phase 1,Lagos,duplex,2,1,113,not stated,no,4100000,02/08/2026,#######
Sangotedo,Lagos,terrace,4,4,474,not stated,yes,4000000,15/08/2026,#######
Life Camp,Abuja,flat,3,4,354,no,no,4400000,05/08/2026,#######
Jahi,Abuja,terrace,2,1,98,no,yes,4400000,05/08/2026,#######
Lekki Phase 2,Lagos,terrace,6,7,451,not stated,no,6300000,09/08/2026,#######
Gwarinpa,Abuja,penthouse,1,1,107,not stated,yes,8400000,16/08/2026,#######
Wuse 1,Abuja,penthouse,3,4,,no,yes,5900000,18/08/2026,#######
Ajah,Lagos,mansion,1,1,,not stated,not stated,5700000,09/08/2026,#######
Lugbe,Abuja,flat,3,2,729,no,not stated,4100000,11/08/2026,#######
Lokogoma,Abuja,flat,3,4,,not stated,no,3700000,05/08/2026,#######
Gwarinpa,Abuja,self-contain,0,1,50,no,yes,1500000,18/08/2026,#######
Katampe,Abuja,self-contain,0,1,104,no,yes,0,12/08/2026,#######
Victoria Island,Lagos,terrace,3,4,438,not stated,no,6300000,11/08/2026,#######
Gwarinpa,Abuja,duplex,2,1,62,no,not stated,4500000,16/08/2026,#######
Mabushi,Abuja,terrace,3,4,447,not stated,yes,2900000,18/08/2026,#######
Dutse,Abuja,bungalow,1,1,80,no,yes,1300000,17/08/2026,#######
Life Camp,Abuja,flat,5,5,729,yes,no,6100000,16/08/2026,#######
Life Camp,Abuja,duplex,5,5,,no,no,4900000,12/08/2026,#######
Ikeja,Lagos,flat,3,4,732,not stated,not stated,4800000,14/08/2026,#######
Wuse 2,Abuja,duplex,3,4,395,yes,yes,5600000,08/08/2026,#######
Ikeja GRA,Lagos,duplex,2,1,142,not stated,yes,4900000,10/08/2026,#######
Lokogoma,Abuja,mansion,1,1,,no,not stated,5900000,16/08/2026,#######
VGC,Lagos,bungalow,2,1,64,no,no,4500000,07/08/2026,#######
Asokoro,Abuja,flat,3,4,,no,yes,6000000,07/08/2026,#######
Festac,Lagos,penthouse,3,4,,no,no,5300000,06/08/2026,#######
Life Camp,Abuja,terrace,1,1,,no,not stated,3000000,11/08/2026,#######
Yaba,Lagos,flat,3,2,268,not stated,yes,3200000,18/08/2026,#######
Magodo,Lagos,flat,6,5,609,yes,yes,7500000,13/08/2026,#######
Lugbe,Abuja,penthouse,3,4,790,no,not stated,5800000,16/08/2026,#######
Wuse 1,Abuja,flat,3,3,621,no,not stated,4400000,08/08/2026,#######
Ilupeju,Lagos,flat,2,1,104,yes,yes,3500000,17/08/2026,#######
Lekki Phase 1,Lagos,mansion,1,1,1002,yes,not stated,12400000,16/08/2026,#######
Victoria Island,Lagos,flat,4,3,571,yes,yes,7200000,06/08/2026,#######
Life Camp,Abuja,mansion,5,6,1022,not stated,not stated,7700000,01/08/2026,#######
VGC,Lagos,terrace,4,3,,not stated,yes,4700000,08/08/2026,#######
Katampe,Abuja,duplex,3,4,236,yes,yes,3000000,03/08/2026,#######
Apo,Abuja,bungalow,3,4,468,not stated,yes,3600000,09/08/2026,#######
Magodo,Lagos,mansion,3,4,654,yes,no,11600000,18/08/2026,#######
Allen,Lagos,self-contain,0,1,55,yes,not stated,1400000,05/08/2026,#######
Life Camp,Abuja,bungalow,2,1,59,no,no,2100000,11/08/2026,#######
Jahi,Abuja,bungalow,4,4,,no,no,5800000,18/08/2026,#######
Asokoro,Abuja,penthouse,6,6,785,not stated,yes,13400000,17/08/2026,#######
Mabushi,Abuja,self-contain,0,1,93,no,yes,500000,02/08/2026,#######
Opebi,Lagos,penthouse,4,5,329,no,no,7000000,09/08/2026,#######
Ikeja GRA,Lagos,self-contain,0,1,144,no,not stated,900000,09/08/2026,#######
Lokogoma,Abuja,bungalow,1,2,49,not stated,not stated,2500000,10/08/2026,#######
Jahi,Abuja,duplex,3,2,435,no,not stated,5200000,17/08/2026,#######
Ojodu Berger,Lagos,mansion,3,2,523,yes,not stated,6500000,04/08/2026,#######
Katampe,Abuja,bungalow,3,2,799,not stated,not stated,4100000,12/08/2026,#######
Amuwo Odofin,Lagos,flat,3,4,616,no,yes,3900000,02/08/2026,#######
Festac,Lagos,terrace,4,3,549,not stated,no,5400000,07/08/2026,#######
Asokoro,Abuja,terrace,2,3,,not stated,yes,5200000,07/08/2026,#######
Wuse 1,Abuja,flat,1,1,86,yes,not stated,2500000,05/08/2026,#######
Gwarinpa,Abuja,flat,5,6,324,no,not stated,6900000,08/08/2026,#######
Allen,Lagos,bungalow,2,1,96,not stated,yes,2200000,15/08/2026,#######
Wuse 2,Abuja,flat,5,6,,not stated,yes,7500000,14/08/2026,#######
Sangotedo,Lagos,duplex,2,2,118,yes,not stated,3000000,03/08/2026,#######
Lugbe,Abuja,flat,3,4,215,yes,no,3100000,09/08/2026,#######
Ajah,Lagos,flat,3,2,,no,not stated,4800000,09/08/2026,#######
Guzape,Abuja,bungalow,2,2,51,yes,not stated,5300000,06/08/2026,#######
Magodo,Lagos,self-contain,0,1,,no,not stated,1900000,06/08/2026,#######
Sangotedo,Lagos,duplex,3,3,,yes,no,4400000,01/08/2026,#######
Apo,Abuja,mansion,2,3,920,no,no,6900000,18/08/2026,#######
Gbagada,Lagos,flat,4,3,415,no,yes,4800000,05/08/2026,#######
Ajah,Lagos,terrace,3,2,,yes,no,4800000,12/08/2026,#######
Katampe,Abuja,penthouse,3,4,474,no,not stated,5500000,11/08/2026,#######
Jahi,Abuja,terrace,2,1,,not stated,yes,5400000,08/08/2026,#######
Sangotedo,Lagos,mansion,2,1,,no,not stated,5400000,01/08/2026,#######
Amuwo Odofin,Lagos,mansion,6,5,718,no,yes,8400000,03/08/2026,#######
Wuse 2,Abuja,terrace,2,1,92,yes,yes,5600000,06/08/2026,#######
Gwarinpa,Abuja,mansion,2,1,708,not stated,no,11500000,03/08/2026,#######
Guzape,Abuja,flat,2,3,,yes,no,4300000,12/08/2026,#######
Surulere,Lagos,self-contain,0,1,63,no,yes,700000,06/08/2026,#######
Apo,Abuja,terrace,1,1,108,not stated,not stated,2600000,11/08/2026,#######
Jahi,Abuja,mansion,4,3,542,yes,no,13300000,17/08/2026,#######
Opebi,Lagos,penthouse,3,3,,not stated,yes,5200000,06/08/2026,#######
Magodo,Lagos,flat,3,3,515,not stated,no,4600000,14/08/2026,#######
Lokogoma,Abuja,self-contain,0,1,,yes,not stated,1500000,09/08/2026,#######
Maitama,Abuja,penthouse,2,1,127,yes,yes,10400000,11/08/2026,#######
Asokoro,Abuja,terrace,1,2,60,not stated,no,5500000,10/08/2026,#######
VGC,Lagos,terrace,2,3,126,yes,no,5000000,15/08/2026,#######
Ikeja,Lagos,penthouse,4,5,252,no,not stated,5600000,16/08/2026,#######
Lugbe,Abuja,duplex,5,5,,no,no,5800000,04/08/2026,#######
Mabushi,Abuja,duplex,3,4,745,no,no,2900000,04/08/2026,#######
Dutse,Abuja,duplex,3,4,351,no,not stated,3300000,11/08/2026,#######
Dutse,Abuja,bungalow,2,3,109,no,not stated,3000000,04/08/2026,#######
Maitama,Abuja,duplex,2,1,121,no,no,5200000,05/08/2026,#######
Magodo,Lagos,duplex,5,5,307,no,no,6300000,01/08/2026,#######
Magodo,Lagos,bungalow,3,2,,not stated,not stated,4100000,16/08/2026,#######
Opebi,Lagos,flat,3,4,277,not stated,not stated,4800000,06/08/2026,#######
Life Camp,Abuja,bungalow,2,1,132,no,not stated,3500000,03/08/2026,#######
Life Camp,Abuja,duplex,3,2,,no,no,3000000,11/08/2026,#######
Asokoro,Abuja,self-contain,0,1,112,not stated,no,2300000,04/08/2026,#######
VGC,Lagos,flat,4,4,760,no,yes,6000000,10/08/2026,#######
Asokoro,Abuja,penthouse,3,4,737,yes,not stated,12400000,11/08/2026,#######
Allen,Lagos,mansion,3,3,1095,yes,no,6200000,08/08/2026,#######
Ojodu Berger,Lagos,terrace,4,3,,no,no,3800000,08/08/2026,#######
Ojodu Berger,Lagos,mansion,3,4,839,not stated,not stated,7800000,03/08/2026,#######
Garki,Abuja,terrace,3,3,588,no,not stated,4000000,15/08/2026,#######
Ikeja,Lagos,terrace,3,4,693,no,yes,4400000,16/08/2026,#######
Wuse 1,Abuja,bungalow,4,5,429,yes,not stated,3800000,12/08/2026,#######
Wuse 2,Abuja,bungalow,4,3,246,no,no,7700000,07/08/2026,#######
VGC,Lagos,self-contain,0,1,,no,not stated,500000,05/08/2026,#######
Lugbe,Abuja,duplex,6,5,263,no,not stated,5300000,09/08/2026,#######
Wuse 2,Abuja,penthouse,2,1,107,no,not stated,11400000,10/08/2026,#######
Allen,Lagos,self-contain,0,1,80,no,yes,1000000,18/08/2026,#######
Asokoro,Abuja,mansion,3,4,961,not stated,no,16800000,09/08/2026,#######
Ajah,Lagos,penthouse,4,5,737,not stated,no,6400000,14/08/2026,#######
Opebi,Lagos,flat,2,3,86,no,not stated,2600000,06/08/2026,#######
VGC,Lagos,terrace,1,1,61,yes,not stated,2900000,03/08/2026,#######
Sangotedo,Lagos,terrace,4,4,278,no,yes,5600000,15/08/2026,#######
Life Camp,Abuja,penthouse,5,4,633,not stated,not stated,6300000,07/08/2026,#######
Maitama,Abuja,self-contain,0,1,84,yes,no,1900000,15/08/2026,#######
Yaba,Lagos,terrace,5,6,211,no,yes,5100000,13/08/2026,#######
Lugbe,Abuja,terrace,3,2,338,yes,yes,3800000,03/08/2026,#######
Dutse,Abuja,terrace,5,5,378,no,yes,4500000,01/08/2026,#######
Maitama,Abuja,terrace,2,1,,not stated,not stated,5900000,17/08/2026,#######
Ikeja GRA,Lagos,duplex,2,3,,no,not stated,4700000,01/08/2026,#######
Ikeja,Lagos,terrace,1,1,84,no,not stated,1500000,16/08/2026,#######
Surulere,Lagos,mansion,2,2,746,yes,no,6400000,14/08/2026,#######
Gwarinpa,Abuja,flat,2,3,67,no,no,4700000,04/08/2026,#######
Life Camp,Abuja,duplex,3,2,617,yes,no,4100000,12/08/2026,#######
Gbagada,Lagos,mansion,6,6,636,not stated,no,9800000,17/08/2026,#######
Ojodu Berger,Lagos,self-contain,0,1,61,not stated,yes,1500000,02/08/2026,#######
VGC,Lagos,duplex,5,6,183,not stated,yes,6200000,13/08/2026,#######
Lugbe,Abuja,self-contain,0,1,64,not stated,yes,0,11/08/2026,#######
Garki,Abuja,terrace,1,1,148,yes,no,2400000,07/08/2026,#######
Wuse 1,Abuja,bungalow,5,4,502,not stated,yes,5800000,07/08/2026,#######
Victoria Island,Lagos,mansion,1,1,768,not stated,no,14000000,18/08/2026,#######
Maitama,Abuja,duplex,2,1,,not stated,not stated,6400000,14/08/2026,#######
Mabushi,Abuja,duplex,2,1,,not stated,yes,3800000,02/08/2026,#######
Opebi,Lagos,flat,3,4,316,not stated,no,4200000,08/08/2026,#######
Lugbe,Abuja,bungalow,5,6,617,no,not stated,4600000,15/08/2026,#######
VGC,Lagos,penthouse,4,3,,not stated,no,8200000,04/08/2026,#######
Katampe,Abuja,self-contain,0,1,150,not stated,no,0,17/08/2026,#######
Maitama,Abuja,penthouse,4,3,,no,yes,11800000,10/08/2026,#######
Ojodu Berger,Lagos,bungalow,3,4,,yes,not stated,4800000,04/08/2026,#######
Asokoro,Abuja,self-contain,0,1,51,not stated,no,1100000,11/08/2026,#######
Yaba,Lagos,bungalow,2,1,75,no,no,3100000,10/08/2026,#######
Sangotedo,Lagos,terrace,1,1,,yes,not stated,3100000,12/08/2026,#######
Lokogoma,Abuja,duplex,3,2,,yes,yes,3500000,07/08/2026,#######
Apo,Abuja,penthouse,3,3,750,yes,not stated,4500000,13/08/2026,#######
Allen,Lagos,bungalow,2,2,,yes,no,3100000,16/08/2026,#######
Opebi,Lagos,self-contain,0,1,104,yes,not stated,1600000,14/08/2026,#######
Opebi,Lagos,penthouse,3,2,,not stated,not stated,5000000,02/08/2026,#######
Ilupeju,Lagos,duplex,2,3,,not stated,not stated,2400000,05/08/2026,#######
Katampe,Abuja,duplex,3,2,,no,not stated,4400000,09/08/2026,#######
Ajah,Lagos,self-contain,0,1,,no,not stated,200000,04/08/2026,#######
Wuse 1,Abuja,flat,1,1,116,yes,yes,1600000,07/08/2026,#######
Maitama,Abuja,penthouse,3,3,,not stated,yes,12300000,04/08/2026,#######
Asokoro,Abuja,penthouse,4,4,240,not stated,not stated,13100000,06/08/2026,#######
VGC,Lagos,self-contain,0,1,144,not stated,no,1100000,10/08/2026,#######
Lokogoma,Abuja,self-contain,0,1,,no,yes,1200000,11/08/2026,#######
Wuse 2,Abuja,bungalow,2,3,116,yes,no,6100000,18/08/2026,#######
Life Camp,Abuja,mansion,2,1,1081,no,yes,7000000,04/08/2026,#######
Lugbe,Abuja,self-contain,0,1,147,yes,yes,200000,13/08/2026,#######
Garki,Abuja,duplex,6,6,421,no,no,6400000,12/08/2026,#######
Ilupeju,Lagos,mansion,2,2,785,no,yes,6100000,11/08/2026,#######
VGC,Lagos,mansion,6,7,,no,yes,13500000,01/08/2026,#######
Surulere,Lagos,penthouse,3,4,,not stated,no,5600000,09/08/2026,#######
VGC,Lagos,bungalow,1,1,137,yes,not stated,3400000,09/08/2026,#######
Surulere,Lagos,penthouse,1,2,113,no,not stated,2900000,15/08/2026,#######
Wuse 2,Abuja,penthouse,4,4,338,no,yes,11900000,09/08/2026,#######
Ajah,Lagos,bungalow,3,3,711,no,no,3100000,17/08/2026,#######
Yaba,Lagos,self-contain,0,1,,yes,not stated,300000,15/08/2026,#######
Ikoyi,Lagos,terrace,3,4,,no,yes,6800000,01/08/2026,#######
Wuse 1,Abuja,penthouse,3,3,517,no,not stated,4900000,04/08/2026,#######
Surulere,Lagos,self-contain,0,1,50,yes,not stated,700000,18/08/2026,#######
Jahi,Abuja,duplex,3,2,199,not stated,not stated,5900000,07/08/2026,#######
Guzape,Abuja,penthouse,2,1,145,no,not stated,7600000,09/08/2026,#######
Gwarinpa,Abuja,terrace,2,2,71,yes,not stated,3800000,11/08/2026,#######
Lokogoma,Abuja,flat,4,4,198,no,yes,4400000,06/08/2026,#######
Lekki Phase 1,Lagos,self-contain,0,1,143,yes,not stated,1100000,04/08/2026,#######
Mabushi,Abuja,self-contain,0,1,,not stated,no,800000,03/08/2026,#######
Lekki Phase 2,Lagos,bungalow,4,3,,yes,yes,5500000,05/08/2026,#######
Gbagada,Lagos,penthouse,1,2,48,not stated,not stated,4500000,07/08/2026,#######
Guzape,Abuja,duplex,5,5,724,yes,not stated,6900000,10/08/2026,#######
Yaba,Lagos,duplex,2,3,55,yes,yes,3100000,17/08/2026,#######
Ikeja,Lagos,duplex,3,4,778,no,not stated,4700000,06/08/2026,#######
Lugbe,Abuja,mansion,4,4,1020,no,yes,8600000,10/08/2026,#######
Ikoyi,Lagos,duplex,1,1,,no,yes,4000000,18/08/2026,#######
Maitama,Abuja,terrace,2,2,117,no,not stated,4700000,08/08/2026,#######
Magodo,Lagos,self-contain,0,1,133,yes,yes,1400000,01/08/2026,#######
Life Camp,Abuja,duplex,2,3,40,yes,no,2600000,07/08/2026,#######
Opebi,Lagos,flat,3,2,262,not stated,yes,3500000,03/08/2026,#######
Lugbe,Abuja,mansion,2,1,942,yes,no,6000000,07/08/2026,#######
Allen,Lagos,penthouse,1,1,51,yes,yes,4100000,10/08/2026,#######
Asokoro,Abuja,terrace,5,6,,yes,yes,7500000,07/08/2026,#######
Gwarinpa,Abuja,terrace,3,3,625,yes,yes,5200000,15/08/2026,#######
Wuse 1,Abuja,flat,5,4,,no,not stated,5900000,08/08/2026,#######
Wuse 1,Abuja,bungalow,5,5,357,yes,no,4500000,08/08/2026,#######
Mabushi,Abuja,terrace,4,3,196,no,yes,4600000,04/08/2026,#######
Life Camp,Abuja,self-contain,0,1,,no,not stated,1700000,16/08/2026,#######
Wuse 1,Abuja,mansion,2,2,763,no,not stated,5700000,02/08/2026,#######
Amuwo Odofin,Lagos,penthouse,2,2,,yes,not stated,5000000,04/08/2026,#######
Asokoro,Abuja,bungalow,2,2,98,no,yes,5200000,17/08/2026,#######
Wuse 2,Abuja,penthouse,3,3,290,not stated,no,11000000,08/08/2026,#######
Ikoyi,Lagos,penthouse,5,4,463,not stated,not stated,12400000,10/08/2026,#######
VGC,Lagos,self-contain,0,1,67,no,not stated,100000,15/08/2026,#######
Festac,Lagos,mansion,2,1,970,yes,no,7000000,06/08/2026,#######
Ojodu Berger,Lagos,flat,2,2,45,yes,not stated,2500000,11/08/2026,#######
Wuse 1,Abuja,bungalow,3,4,532,not stated,not stated,3400000,12/08/2026,#######
Garki,Abuja,terrace,2,3,96,not stated,yes,2200000,16/08/2026,#######
Life Camp,Abuja,mansion,3,3,891,yes,yes,6200000,04/08/2026,#######
Dutse,Abuja,bungalow,1,1,,not stated,not stated,2700000,09/08/2026,#######
Ikeja,Lagos,self-contain,0,1,86,no,not stated,1400000,17/08/2026,#######
VGC,Lagos,terrace,1,1,,no,not stated,3600000,12/08/2026,#######
Life Camp,Abuja,flat,2,3,83,no,no,3300000,18/08/2026,#######
Dutse,Abuja,bungalow,4,4,603,not stated,no,4300000,04/08/2026,#######
Victoria Island,Lagos,flat,5,5,401,yes,not stated,7300000,13/08/2026,#######
Lugbe,Abuja,bungalow,1,1,143,yes,yes,2900000,18/08/2026,#######
Maitama,Abuja,penthouse,2,1,75,no,yes,11000000,14/08/2026,#######
Ikeja GRA,Lagos,penthouse,2,2,,no,no,7400000,14/08/2026,#######
Asokoro,Abuja,terrace,5,6,624,not stated,no,8400000,16/08/2026,#######
Amuwo Odofin,Lagos,mansion,4,3,758,no,no,7800000,15/08/2026,#######
Gbagada,Lagos,bungalow,4,4,,yes,not stated,3800000,11/08/2026,#######
Gwarinpa,Abuja,bungalow,2,3,143,no,yes,3600000,06/08/2026,#######
Maitama,Abuja,duplex,3,2,362,yes,yes,5600000,02/08/2026,#######
Guzape,Abuja,duplex,5,5,,yes,no,7500000,12/08/2026,#######
Wuse 2,Abuja,flat,4,4,608,yes,yes,7000000,14/08/2026,#######
VGC,Lagos,flat,2,1,51,yes,no,3500000,16/08/2026,#######
Life Camp,Abuja,flat,3,2,614,not stated,not stated,4100000,16/08/2026,#######
VGC,Lagos,bungalow,3,2,246,no,yes,4700000,06/08/2026,#######
Lokogoma,Abuja,duplex,2,2,102,not stated,no,3800000,02/08/2026,#######
Apo,Abuja,flat,4,5,693,not stated,not stated,5000000,04/08/2026,#######
Amuwo Odofin,Lagos,bungalow,2,3,,not stated,no,3400000,04/08/2026,#######
Lekki Phase 1,Lagos,mansion,2,1,1068,no,no,14600000,02/08/2026,#######
Asokoro,Abuja,penthouse,3,3,622,no,yes,12000000,03/08/2026,#######
Wuse 2,Abuja,terrace,4,4,454,not stated,not stated,7400000,04/08/2026,#######
Garki,Abuja,bungalow,3,4,391,yes,not stated,4700000,17/08/2026,#######
Asokoro,Abuja,bungalow,6,5,510,yes,no,7800000,11/08/2026,#######
Ikeja,Lagos,bungalow,5,4,523,no,yes,4900000,02/08/2026,#######
Jahi,Abuja,duplex,5,6,,yes,no,6100000,12/08/2026,#######
Gbagada,Lagos,duplex,3,4,,not stated,no,4300000,05/08/2026,#######
Sangotedo,Lagos,mansion,5,5,826,no,not stated,9300000,17/08/2026,#######
Life Camp,Abuja,terrace,3,3,756,no,no,3800000,16/08/2026,#######
Sangotedo,Lagos,bungalow,5,6,749,no,no,4700000,01/08/2026,#######
Maitama,Abuja,flat,4,5,,no,yes,6900000,15/08/2026,#######
Lugbe,Abuja,terrace,4,3,744,not stated,yes,3900000,03/08/2026,#######
Wuse 1,Abuja,self-contain,0,1,86,no,yes,1100000,18/08/2026,#######
Dutse,Abuja,duplex,3,3,463,not stated,not stated,3500000,16/08/2026,#######
Sangotedo,Lagos,mansion,6,6,583,no,no,8700000,01/08/2026,#######
Gbagada,Lagos,self-contain,0,1,56,no,not stated,100000,14/08/2026,#######
Ilupeju,Lagos,mansion,2,3,1108,yes,no,6200000,12/08/2026,#######
Lekki Phase 2,Lagos,self-contain,0,1,,no,not stated,1100000,17/08/2026,#######
Guzape,Abuja,flat,3,3,694,yes,yes,4900000,08/08/2026,#######
Yaba,Lagos,penthouse,2,3,,not stated,no,4900000,15/08/2026,#######
Lokogoma,Abuja,terrace,5,6,,yes,not stated,6100000,15/08/2026,#######
Mabushi,Abuja,terrace,5,6,798,not stated,yes,6400000,12/08/2026,#######
Guzape,Abuja,mansion,2,2,816,yes,yes,11200000,03/08/2026,#######
Amuwo Odofin,Lagos,self-contain,0,1,,not stated,yes,1000000,09/08/2026,#######
Festac,Lagos,self-contain,0,1,74,yes,not stated,100000,17/08/2026,#######
Ikeja,Lagos,terrace,3,4,219,not stated,yes,4100000,05/08/2026,#######
Dutse,Abuja,penthouse,4,5,163,no,no,6700000,11/08/2026,#######
Lekki Phase 1,Lagos,penthouse,5,5,,not stated,no,11400000,16/08/2026,#######
Lekki Phase 1,Lagos,penthouse,3,2,,yes,yes,10600000,07/08/2026,#######
Gwarinpa,Abuja,mansion,4,5,711,no,yes,14500000,14/08/2026,#######
Lugbe,Abuja,bungalow,3,2,320,no,not stated,4400000,05/08/2026,#######
Lekki Phase 1,Lagos,self-contain,0,1,,yes,yes,1100000,18/08/2026,#######
Lekki Phase 2,Lagos,bungalow,4,3,656,yes,no,5600000,17/08/2026,#######
Apo,Abuja,mansion,4,4,,no,no,8300000,18/08/2026,#######
Garki,Abuja,bungalow,1,1,48,not stated,not stated,2600000,06/08/2026,#######
Lekki Phase 1,Lagos,penthouse,4,3,701,no,not stated,11900000,10/08/2026,#######
Asokoro,Abuja,bungalow,3,2,595,yes,not stated,6400000,12/08/2026,#######
Victoria Island,Lagos,terrace,1,1,80,yes,not stated,3500000,11/08/2026,#######
Gbagada,Lagos,penthouse,5,5,,yes,yes,7700000,04/08/2026,#######
Mabushi,Abuja,self-contain,0,1,114,yes,not stated,600000,05/08/2026,#######
Opebi,Lagos,bungalow,1,1,46,no,yes,1500000,11/08/2026,#######
Lekki Phase 2,Lagos,duplex,5,5,,no,yes,4800000,13/08/2026,#######
Maitama,Abuja,penthouse,2,2,79,yes,yes,11000000,09/08/2026,#######
Lekki Phase 1,Lagos,flat,3,4,441,no,yes,6700000,08/08/2026,#######
Ikoyi,Lagos,terrace,4,4,425,not stated,yes,5900000,11/08/2026,#######
Festac,Lagos,mansion,2,1,832,no,not stated,6000000,15/08/2026,#######
Wuse 1,Abuja,bungalow,3,2,451,no,no,3900000,03/08/2026,#######
Apo,Abuja,terrace,2,3,86,yes,no,3800000,13/08/2026,#######
Garki,Abuja,terrace,1,1,,no,not stated,2100000,07/08/2026,#######
Ikeja GRA,Lagos,terrace,3,3,,no,yes,4700000,09/08/2026,#######
Magodo,Lagos,flat,2,3,137,not stated,yes,4400000,08/08/2026,#######
Jahi,Abuja,penthouse,4,3,,no,no,9800000,02/08/2026,#######
Ajah,Lagos,duplex,3,2,672,yes,not stated,3700000,05/08/2026,#######
Life Camp,Abuja,bungalow,3,2,,not stated,yes,3800000,02/08/2026,#######
Mabushi,Abuja,self-contain,0,1,,yes,not stated,1100000,15/08/2026,#######
Ilupeju,Lagos,mansion,2,1,705,no,yes,6000000,02/08/2026,#######
Yaba,Lagos,flat,6,5,345,not stated,not stated,6500000,09/08/2026,#######
Lugbe,Abuja,mansion,2,2,668,no,no,5700000,18/08/2026,#######
Victoria Island,Lagos,flat,2,2,,not stated,no,4200000,09/08/2026,#######
Dutse,Abuja,mansion,3,4,823,no,no,7500000,12/08/2026,#######
Dutse,Abuja,duplex,5,6,674,not stated,not stated,6300000,17/08/2026,#######
Maryland,Lagos,terrace,3,4,,not stated,yes,3400000,10/08/2026,#######
Ajah,Lagos,bungalow,2,1,,yes,not stated,3000000,06/08/2026,#######
Victoria Island,Lagos,duplex,3,2,644,no,yes,5200000,07/08/2026,#######
Opebi,Lagos,mansion,3,3,512,not stated,yes,6800000,13/08/2026,#######
Wuse 1,Abuja,self-contain,0,1,48,no,no,1600000,18/08/2026,#######
VGC,Lagos,bungalow,2,1,83,no,not stated,3700000,03/08/2026,#######
Ilupeju,Lagos,mansion,2,2,907,no,not stated,5400000,09/08/2026,#######
Festac,Lagos,bungalow,2,2,93,yes,yes,3800000,09/08/2026,#######
Guzape,Abuja,penthouse,3,3,,yes,not stated,9300000,17/08/2026,#######
Maryland,Lagos,mansion,3,3,727,no,yes,6900000,12/08/2026,#######
Ojodu Berger,Lagos,flat,2,3,,not stated,no,2200000,04/08/2026,#######
Katampe,Abuja,terrace,3,3,,no,no,3000000,06/08/2026,#######
Apo,Abuja,mansion,2,3,908,no,no,5500000,18/08/2026,#######
Lugbe,Abuja,bungalow,3,4,754,no,no,4000000,15/08/2026,#######
Allen,Lagos,penthouse,2,1,,no,no,3600000,03/08/2026,#######
Gbagada,Lagos,self-contain,0,1,,not stated,no,1400000,01/08/2026,#######
Festac,Lagos,duplex,4,4,753,yes,not stated,4200000,02/08/2026,#######
Ojodu Berger,Lagos,bungalow,4,5,672,yes,not stated,4000000,17/08/2026,#######
Ajah,Lagos,self-contain,0,1,59,yes,not stated,0,05/08/2026,#######
Yaba,Lagos,terrace,3,2,,no,no,4100000,11/08/2026,#######
Ojodu Berger,Lagos,terrace,1,1,134,not stated,yes,3200000,07/08/2026,#######
Opebi,Lagos,self-contain,0,1,,yes,not stated,700000,10/08/2026,#######
Garki,Abuja,duplex,2,2,,yes,yes,2200000,02/08/2026,#######
Lokogoma,Abuja,duplex,6,5,698,yes,no,6100000,01/08/2026,#######
Maitama,Abuja,self-contain,0,1,87,yes,not stated,900000,04/08/2026,#######
Dutse,Abuja,flat,3,4,,not stated,yes,4700000,13/08/2026,#######
Wuse 2,Abuja,self-contain,0,1,,yes,no,1100000,04/08/2026,#######
Asokoro,Abuja,mansion,2,2,,yes,no,16600000,03/08/2026,#######
Ojodu Berger,Lagos,mansion,3,2,1173,no,no,7000000,18/08/2026,#######
Magodo,Lagos,terrace,3,2,282,no,yes,4500000,10/08/2026,#######
Ikeja GRA,Lagos,mansion,1,2,608,no,not stated,9800000,14/08/2026,#######
Ikeja GRA,Lagos,flat,3,4,676,not stated,no,5600000,18/08/2026,#######
Lokogoma,Abuja,duplex,6,6,,not stated,yes,7200000,09/08/2026,#######
Amuwo Odofin,Lagos,mansion,4,3,582,no,not stated,8300000,01/08/2026,#######
Yaba,Lagos,mansion,3,4,936,yes,no,7400000,09/08/2026,#######
VGC,Lagos,flat,3,2,358,no,no,4100000,11/08/2026,#######
Katampe,Abuja,flat,3,4,620,yes,not stated,3700000,08/08/2026,#######
Life Camp,Abuja,flat,2,1,,no,not stated,3600000,06/08/2026,#######
Dutse,Abuja,self-contain,0,1,79,no,not stated,500000,10/08/2026,#######
Katampe,Abuja,duplex,4,5,,no,not stated,3700000,12/08/2026,#######
Ikoyi,Lagos,penthouse,3,3,399,not stated,yes,9400000,17/08/2026,#######
Opebi,Lagos,duplex,3,4,338,not stated,yes,4800000,02/08/2026,#######
Garki,Abuja,duplex,3,4,180,no,no,3500000,05/08/2026,#######
Magodo,Lagos,penthouse,1,1,,no,not stated,6400000,11/08/2026,#######
Gwarinpa,Abuja,bungalow,3,3,,not stated,no,5200000,13/08/2026,#######
Yaba,Lagos,penthouse,2,1,75,not stated,no,4100000,12/08/2026,#######
Life Camp,Abuja,bungalow,3,4,661,not stated,not stated,2900000,17/08/2026,#######
Jahi,Abuja,mansion,3,2,,yes,not stated,13800000,03/08/2026,#######
Katampe,Abuja,flat,5,6,398,not stated,not stated,6300000,10/08/2026,#######
Allen,Lagos,bungalow,1,1,71,no,yes,2400000,03/08/2026,#######
Sangotedo,Lagos,mansion,3,2,,no,not stated,6600000,07/08/2026,#######
Ojodu Berger,Lagos,flat,2,2,104,not stated,no,3300000,01/08/2026,#######
Wuse 1,Abuja,flat,2,3,93,yes,no,2800000,03/08/2026,#######
Wuse 1,Abuja,flat,3,2,630,no,not stated,3400000,04/08/2026,#######
Ajah,Lagos,mansion,3,3,1100,yes,yes,7200000,01/08/2026,#######
Lokogoma,Abuja,duplex,2,3,69,no,not stated,2600000,15/08/2026,#######
Life Camp,Abuja,flat,2,3,42,no,not stated,3700000,14/08/2026,#######
Guzape,Abuja,duplex,1,1,,yes,no,4200000,14/08/2026,#######
Jahi,Abuja,mansion,3,3,1195,not stated,not stated,13400000,17/08/2026,#######
Magodo,Lagos,mansion,3,3,872,not stated,no,11400000,05/08/2026,#######
Sangotedo,Lagos,duplex,6,5,684,not stated,not stated,6500000,01/08/2026,#######
Ikeja,Lagos,self-contain,0,1,69,no,not stated,200000,01/08/2026,#######
Sangotedo,Lagos,bungalow,2,1,96,no,yes,2400000,16/08/2026,#######
Ilupeju,Lagos,self-contain,0,1,88,yes,no,0,01/08/2026,#######
Garki,Abuja,self-contain,0,1,137,no,no,300000,11/08/2026,#######
Wuse 1,Abuja,flat,2,1,87,not stated,yes,2300000,17/08/2026,#######
Ajah,Lagos,mansion,2,1,789,no,no,5600000,10/08/2026,#######
Lugbe,Abuja,bungalow,5,5,605,no,yes,4600000,08/08/2026,#######
Sangotedo,Lagos,terrace,3,3,601,no,yes,4200000,06/08/2026,#######
Maryland,Lagos,mansion,3,2,,no,not stated,6100000,10/08/2026,#######
Sangotedo,Lagos,duplex,4,3,,yes,no,5200000,04/08/2026,#######
Lugbe,Abuja,duplex,2,1,,no,no,2200000,10/08/2026,#######
Victoria Island,Lagos,terrace,2,1,112,not stated,not stated,4300000,05/08/2026,#######
Festac,Lagos,self-contain,0,1,63,yes,no,600000,15/08/2026,#######
Asokoro,Abuja,penthouse,3,3,,no,no,11900000,04/08/2026,#######
Apo,Abuja,self-contain,0,1,141,not stated,yes,900000,16/08/2026,#######
Asokoro,Abuja,self-contain,0,1,,not stated,no,1200000,13/08/2026,#######
Ajah,Lagos,terrace,6,5,422,yes,not stated,6900000,13/08/2026,#######
Gbagada,Lagos,penthouse,1,2,,yes,no,4600000,14/08/2026,#######
Dutse,Abuja,duplex,2,3,96,not stated,no,3900000,13/08/2026,#######
Gbagada,Lagos,bungalow,2,3,58,not stated,not stated,2700000,04/08/2026,#######
Mabushi,Abuja,flat,4,3,763,not stated,not stated,4900000,16/08/2026,#######
Victoria Island,Lagos,terrace,3,3,,yes,not stated,5600000,17/08/2026,#######
Dutse,Abuja,mansion,2,3,839,not stated,yes,5900000,06/08/2026,#######
Yaba,Lagos,terrace,3,4,600,no,yes,4400000,01/08/2026,#######
Lekki Phase 1,Lagos,terrace,2,3,138,yes,no,5000000,03/08/2026,#######
Gbagada,Lagos,flat,2,2,49,yes,not stated,2500000,09/08/2026,#######
Life Camp,Abuja,self-contain,0,1,74,yes,yes,1200000,06/08/2026,#######
Lugbe,Abuja,flat,2,1,,no,no,2100000,12/08/2026,#######
Maryland,Lagos,penthouse,1,2,82,yes,not stated,4400000,05/08/2026,#######
Jahi,Abuja,penthouse,3,4,730,not stated,yes,9600000,12/08/2026,#######
Lekki Phase 2,Lagos,bungalow,5,5,,yes,not stated,6200000,11/08/2026,#######
Ikeja GRA,Lagos,terrace,1,1,97,not stated,not stated,3500000,15/08/2026,#######
Asokoro,Abuja,terrace,2,3,,yes,no,5600000,04/08/2026,#######
Maitama,Abuja,flat,2,2,87,not stated,no,6200000,13/08/2026,#######
Allen,Lagos,flat,4,4,703,not stated,not stated,4400000,06/08/2026,#######
Wuse 2,Abuja,duplex,1,1,102,yes,no,5600000,04/08/2026,#######
Asokoro,Abuja,flat,2,1,108,no,no,6000000,17/08/2026,#######
Guzape,Abuja,bungalow,2,2,91,not stated,not stated,5400000,08/08/2026,#######
Wuse 2,Abuja,bungalow,3,4,758,yes,no,7100000,02/08/2026,#######
Opebi,Lagos,penthouse,4,4,651,no,yes,6000000,14/08/2026,#######
VGC,Lagos,penthouse,5,4,,not stated,yes,9600000,18/08/2026,#######
Lugbe,Abuja,duplex,4,5,625,no,yes,4400000,05/08/2026,#######
Maryland,Lagos,terrace,3,3,,no,no,4100000,13/08/2026,#######
Sangotedo,Lagos,bungalow,2,3,,yes,no,4000000,11/08/2026,#######
Gwarinpa,Abuja,terrace,2,1,110,no,yes,5300000,05/08/2026,#######
Mabushi,Abuja,mansion,2,3,1140,not stated,yes,6700000,03/08/2026,#######
Ojodu Berger,Lagos,flat,6,7,648,yes,no,7100000,03/08/2026,#######
Ilupeju,Lagos,bungalow,2,1,120,yes,no,2800000,17/08/2026,#######
Lekki Phase 2,Lagos,self-contain,0,1,122,yes,not stated,900000,03/08/2026,#######
Ikoyi,Lagos,duplex,3,4,523,no,not stated,5700000,11/08/2026,#######
Ikeja,Lagos,terrace,3,4,365,not stated,yes,4800000,09/08/2026,#######
Festac,Lagos,flat,1,1,54,no,not stated,2100000,15/08/2026,#######
Maitama,Abuja,flat,2,1,135,not stated,no,5500000,14/08/2026,#######
Magodo,Lagos,penthouse,5,5,289,yes,not stated,9400000,07/08/2026,#######
Ikeja,Lagos,self-contain,0,1,,not stated,no,900000,18/08/2026,#######
Katampe,Abuja,flat,3,2,,not stated,yes,4600000,16/08/2026,#######
Lokogoma,Abuja,self-contain,0,1,57,yes,no,500000,18/08/2026,#######
Yaba,Lagos,duplex,3,2,694,not stated,no,4000000,12/08/2026,#######
Life Camp,Abuja,penthouse,2,1,,not stated,yes,5200000,06/08/2026,#######
Wuse 2,Abuja,terrace,3,2,287,yes,no,5900000,09/08/2026,#######
Lekki Phase 2,Lagos,flat,6,7,766,not stated,no,5500000,07/08/2026,#######
Life Camp,Abuja,terrace,4,3,684,no,not stated,4000000,11/08/2026,#######
Magodo,Lagos,terrace,3,3,529,not stated,yes,3900000,11/08/2026,#######
Garki,Abuja,mansion,5,5,811,no,no,8400000,10/08/2026,#######
Gbagada,Lagos,mansion,3,4,939,not stated,not stated,7600000,08/08/2026,#######
Surulere,Lagos,mansion,2,2,589,yes,yes,6200000,01/08/2026,#######
Jahi,Abuja,penthouse,3,4,405,no,not stated,8300000,04/08/2026,#######
VGC,Lagos,penthouse,5,5,791,no,no,8800000,16/08/2026,#######
Victoria Island,Lagos,self-contain,0,1,,yes,yes,1900000,03/08/2026,#######
Dutse,Abuja,flat,3,4,578,no,yes,3000000,18/08/2026,#######
Amuwo Odofin,Lagos,mansion,6,5,1152,no,not stated,8600000,11/08/2026,#######
Ojodu Berger,Lagos,mansion,2,2,,yes,not stated,5900000,14/08/2026,#######
Katampe,Abuja,self-contain,0,1,46,no,yes,1300000,13/08/2026,#######
Yaba,Lagos,bungalow,4,3,,not stated,no,4000000,13/08/2026,#######
Yaba,Lagos,mansion,4,5,,not stated,no,6900000,12/08/2026,#######
Festac,Lagos,self-contain,0,1,,not stated,yes,1500000,01/08/2026,#######
Victoria Island,Lagos,flat,6,6,,no,not stated,8500000,01/08/2026,#######
Asokoro,Abuja,penthouse,2,3,102,not stated,not stated,11500000,01/08/2026,#######
Lokogoma,Abuja,self-contain,0,1,,yes,not stated,500000,11/08/2026,#######
Gwarinpa,Abuja,bungalow,5,5,774,yes,not stated,6100000,05/08/2026,#######
Garki,Abuja,self-contain,0,1,48,not stated,no,1300000,05/08/2026,#######
Jahi,Abuja,penthouse,5,6,349,yes,no,10800000,18/08/2026,#######
Mabushi,Abuja,duplex,2,3,108,no,no,4000000,08/08/2026,#######
Amuwo Odofin,Lagos,mansion,1,1,648,yes,yes,5800000,11/08/2026,#######
Allen,Lagos,mansion,1,1,692,yes,no,5800000,06/08/2026,#######
Maryland,Lagos,terrace,3,3,487,no,not stated,4600000,07/08/2026,#######
Allen,Lagos,self-contain,0,1,95,not stated,not stated,1600000,02/08/2026,#######
Gwarinpa,Abuja,duplex,5,4,,no,no,6300000,11/08/2026,#######
Magodo,Lagos,bungalow,5,4,,yes,yes,6600000,18/08/2026,#######
Sangotedo,Lagos,bungalow,4,4,,not stated,yes,3800000,08/08/2026,#######
Dutse,Abuja,self-contain,0,1,79,not stated,not stated,500000,05/08/2026,#######
Apo,Abuja,self-contain,0,1,87,yes,no,600000,03/08/2026,#######
Ikeja GRA,Lagos,self-contain,0,1,58,not stated,not stated,400000,05/08/2026,#######
Allen,Lagos,bungalow,3,3,,no,no,4400000,16/08/2026,#######
Wuse 2,Abuja,bungalow,4,5,278,yes,yes,7400000,18/08/2026,#######
Surulere,Lagos,bungalow,2,3,145,no,not stated,2700000,13/08/2026,#######
Garki,Abuja,bungalow,4,5,541,yes,yes,4900000,11/08/2026,#######
Yaba,Lagos,terrace,2,3,72,yes,not stated,3500000,07/08/2026,#######
VGC,Lagos,self-contain,0,1,88,no,yes,1800000,14/08/2026,#######
Lekki Phase 1,Lagos,bungalow,2,3,,no,no,6000000,07/08/2026,#######
Ikeja,Lagos,penthouse,3,2,,yes,no,4700000,13/08/2026,#######
Ikoyi,Lagos,mansion,5,4,,yes,yes,16400000,03/08/2026,#######
Wuse 2,Abuja,duplex,2,3,,no,yes,4700000,01/08/2026,#######
Ajah,Lagos,terrace,3,4,385,no,yes,3600000,08/08/2026,#######
Sangotedo,Lagos,flat,5,4,191,yes,not stated,5200000,10/08/2026,#######
Wuse 1,Abuja,bungalow,3,3,687,no,not stated,3700000,04/08/2026,#######
Life Camp,Abuja,flat,3,2,469,not stated,not stated,4600000,03/08/2026,#######
Yaba,Lagos,self-contain,0,1,56,no,not stated,200000,04/08/2026,#######
Ikeja,Lagos,mansion,2,1,,yes,yes,5200000,05/08/2026,#######
Ikeja,Lagos,flat,3,2,211,not stated,yes,4100000,16/08/2026,#######
Wuse 2,Abuja,terrace,3,2,,yes,yes,5900000,08/08/2026,#######
Garki,Abuja,bungalow,4,5,642,yes,not stated,4100000,08/08/2026,#######
Festac,Lagos,terrace,2,3,,no,no,3200000,04/08/2026,#######
Life Camp,Abuja,mansion,5,5,,yes,no,8900000,16/08/2026,#######
Ikoyi,Lagos,mansion,3,3,1139,yes,no,15000000,15/08/2026,#######
VGC,Lagos,flat,2,2,,yes,not stated,4100000,10/08/2026,#######
Lokogoma,Abuja,self-contain,0,1,93,not stated,no,1200000,11/08/2026,#######
Gbagada,Lagos,penthouse,3,2,,no,yes,5900000,16/08/2026,#######
Mabushi,Abuja,penthouse,3,4,,not stated,no,5300000,17/08/2026,#######
Maitama,Abuja,bungalow,4,5,497,yes,not stated,7500000,03/08/2026,#######
Gwarinpa,Abuja,self-contain,0,1,,not stated,not stated,1000000,17/08/2026,#######
Wuse 2,Abuja,terrace,2,3,,no,not stated,5700000,06/08/2026,#######
Garki,Abuja,penthouse,5,6,,not stated,not stated,7100000,09/08/2026,#######
Lekki Phase 2,Lagos,penthouse,3,3,294,not stated,no,5500000,10/08/2026,#######
Katampe,Abuja,terrace,3,3,391,not stated,no,3600000,14/08/2026,#######
Magodo,Lagos,bungalow,1,1,,yes,not stated,2400000,04/08/2026,#######
Lugbe,Abuja,self-contain,0,1,55,no,no,0,03/08/2026,#######
Katampe,Abuja,terrace,2,2,53,yes,no,3400000,13/08/2026,#######
Lokogoma,Abuja,terrace,4,3,,not stated,no,4600000,11/08/2026,#######
Jahi,Abuja,terrace,3,3,480,yes,yes,4600000,14/08/2026,#######
Victoria Island,Lagos,duplex,3,3,439,yes,yes,5200000,10/08/2026,#######
Apo,Abuja,flat,1,1,137,not stated,yes,1600000,18/08/2026,#######
Wuse 1,Abuja,penthouse,5,6,,no,no,7100000,04/08/2026,#######
Ikoyi,Lagos,terrace,3,2,210,no,yes,4900000,14/08/2026,#######
Maitama,Abuja,duplex,5,4,736,yes,yes,7600000,10/08/2026,#######
Asokoro,Abuja,duplex,3,2,350,not stated,yes,7100000,15/08/2026,#######
Mabushi,Abuja,duplex,3,3,346,no,no,4600000,11/08/2026,#######
Wuse 1,Abuja,bungalow,3,3,169,yes,yes,3800000,01/08/2026,#######
Guzape,Abuja,self-contain,0,1,97,yes,no,1300000,17/08/2026,#######
Festac,Lagos,terrace,4,4,473,no,no,3900000,18/08/2026,#######
Ojodu Berger,Lagos,terrace,6,6,793,no,no,6700000,12/08/2026,#######
VGC,Lagos,flat,2,2,41,not stated,not stated,4300000,04/08/2026,#######
Dutse,Abuja,terrace,2,2,83,not stated,not stated,2900000,11/08/2026,#######
Jahi,Abuja,mansion,1,1,594,no,not stated,11400000,05/08/2026,#######
Ikoyi,Lagos,bungalow,5,6,,yes,no,7500000,09/08/2026,#######
Dutse,Abuja,penthouse,2,1,,not stated,yes,4600000,15/08/2026,#######
Katampe,Abuja,terrace,2,1,,no,not stated,2700000,12/08/2026,#######
Yaba,Lagos,duplex,4,4,186,not stated,yes,5000000,10/08/2026,#######
VGC,Lagos,self-contain,0,1,107,no,no,800000,09/08/2026,#######
Surulere,Lagos,flat,4,4,,no,not stated,5100000,01/08/2026,#######
Maitama,Abuja,penthouse,4,4,,not stated,no,11700000,08/08/2026,#######
Victoria Island,Lagos,duplex,2,3,,yes,no,4400000,03/08/2026,#######
Opebi,Lagos,bungalow,3,4,402,no,no,3900000,09/08/2026,#######
Ajah,Lagos,terrace,4,5,184,not stated,no,4100000,07/08/2026,#######
Lekki Phase 1,Lagos,mansion,2,2,800,yes,not stated,13300000,16/08/2026,#######
Maitama,Abuja,bungalow,3,2,677,not stated,no,5500000,01/08/2026,#######
Lugbe,Abuja,terrace,2,2,,not stated,no,2600000,02/08/2026,#######
Garki,Abuja,duplex,2,1,,yes,no,3200000,06/08/2026,#######
Lekki Phase 2,Lagos,mansion,3,4,,yes,yes,7200000,17/08/2026,#######
Lekki Phase 1,Lagos,terrace,3,4,655,no,yes,6500000,11/08/2026,#######
Mabushi,Abuja,mansion,2,2,510,yes,not stated,6300000,11/08/2026,#######
Lekki Phase 2,Lagos,self-contain,0,1,45,not stated,yes,1700000,07/08/2026,#######
VGC,Lagos,self-contain,0,1,117,yes,no,1600000,09/08/2026,#######
Victoria Island,Lagos,mansion,4,3,1190,not stated,not stated,14800000,12/08/2026,#######
Maitama,Abuja,bungalow,5,6,449,yes,yes,8300000,09/08/2026,#######
Dutse,Abuja,duplex,4,4,382,not stated,yes,4200000,07/08/2026,#######
Lugbe,Abuja,terrace,1,1,,no,not stated,1900000,08/08/2026,#######
Wuse 2,Abuja,mansion,1,2,1181,no,yes,14300000,02/08/2026,#######
Lokogoma,Abuja,mansion,3,4,,no,not stated,6200000,01/08/2026,#######
Festac,Lagos,penthouse,2,1,63,no,no,4000000,12/08/2026,#######
Life Camp,Abuja,terrace,4,3,267,yes,yes,5600000,16/08/2026,#######
Lekki Phase 1,Lagos,duplex,2,1,149,no,yes,4200000,01/08/2026,#######
Lekki Phase 2,Lagos,bungalow,3,4,728,no,not stated,3000000,03/08/2026,#######
Jahi,Abuja,self-contain,0,1,121,not stated,not stated,1300000,16/08/2026,#######
Wuse 1,Abuja,mansion,3,3,554,no,no,6600000,05/08/2026,#######
Wuse 1,Abuja,penthouse,1,1,,not stated,no,4100000,12/08/2026,#######
Festac,Lagos,duplex,1,1,143,no,yes,2100000,12/08/2026,#######
Katampe,Abuja,flat,5,6,475,no,yes,6100000,11/08/2026,#######
Dutse,Abuja,mansion,4,5,1076,yes,no,6700000,14/08/2026,#######
Gbagada,Lagos,bungalow,3,3,488,not stated,no,4400000,03/08/2026,#######
Apo,Abuja,penthouse,5,4,,not stated,yes,7300000,17/08/2026,#######
Ilupeju,Lagos,duplex,5,4,,yes,not stated,5500000,18/08/2026,#######
Apo,Abuja,mansion,3,4,1137,yes,not stated,7400000,15/08/2026,#######
Garki,Abuja,terrace,1,1,,yes,not stated,3200000,10/08/2026,#######
Opebi,Lagos,mansion,3,3,,yes,no,7600000,04/08/2026,#######
Sangotedo,Lagos,duplex,4,5,264,yes,no,5500000,10/08/2026,#######
Guzape,Abuja,penthouse,6,7,275,yes,yes,12200000,15/08/2026,#######
Ojodu Berger,Lagos,penthouse,2,1,,not stated,not stated,4300000,08/08/2026,#######
Festac,Lagos,terrace,3,4,,not stated,yes,4100000,09/08/2026,#######
Mabushi,Abuja,terrace,2,3,139,not stated,yes,3800000,06/08/2026,#######
Victoria Island,Lagos,penthouse,3,3,,not stated,yes,10000000,08/08/2026,#######
Guzape,Abuja,self-contain,0,1,,yes,yes,1700000,14/08/2026,#######
Jahi,Abuja,bungalow,3,4,607,not stated,not stated,5100000,18/08/2026,#######
Wuse 2,Abuja,penthouse,4,4,694,not stated,yes,11700000,15/08/2026,#######
Lekki Phase 1,Lagos,self-contain,0,1,60,not stated,not stated,2300000,03/08/2026,#######
Life Camp,Abuja,self-contain,0,1,84,yes,no,0,07/08/2026,#######
Ikeja,Lagos,self-contain,0,1,,yes,yes,1400000,10/08/2026,#######
Ikeja GRA,Lagos,terrace,2,2,84,yes,not stated,4600000,17/08/2026,#######
Lekki Phase 1,Lagos,flat,2,2,,no,yes,4700000,01/08/2026,#######
Jahi,Abuja,flat,3,2,467,no,not stated,5300000,05/08/2026,#######
VGC,Lagos,terrace,2,1,62,yes,no,4700000,06/08/2026,#######
Ikeja,Lagos,penthouse,3,2,,yes,not stated,5900000,12/08/2026,#######
Festac,Lagos,self-contain,0,1,145,yes,no,300000,14/08/2026,#######
Lekki Phase 2,Lagos,penthouse,3,2,,no,yes,6000000,07/08/2026,#######
Maryland,Lagos,duplex,4,3,478,no,not stated,4300000,16/08/2026,#######
Festac,Lagos,self-contain,0,1,104,no,yes,600000,13/08/2026,#######
Katampe,Abuja,penthouse,2,3,150,no,yes,4100000,02/08/2026,#######
Maitama,Abuja,penthouse,3,2,771,yes,not stated,11500000,08/08/2026,#######
Amuwo Odofin,Lagos,flat,4,3,,not stated,no,4800000,07/08/2026,#######
Gwarinpa,Abuja,mansion,5,6,744,not stated,no,14800000,02/08/2026,#######
VGC,Lagos,bungalow,6,6,178,yes,not stated,6700000,16/08/2026,#######
Wuse 1,Abuja,penthouse,1,1,120,not stated,yes,4500000,12/08/2026,#######
Mabushi,Abuja,penthouse,2,3,147,not stated,not stated,4300000,07/08/2026,#######
Magodo,Lagos,bungalow,4,5,726,yes,not stated,5500000,16/08/2026,#######
Ikeja,Lagos,bungalow,2,1,115,not stated,not stated,3900000,01/08/2026,#######
VGC,Lagos,flat,3,3,,no,yes,5800000,10/08/2026,#######
Festac,Lagos,terrace,2,1,,no,yes,2400000,06/08/2026,#######
Dutse,Abuja,penthouse,3,4,619,yes,no,6000000,08/08/2026,#######
Guzape,Abuja,self-contain,0,1,40,not stated,no,1400000,11/08/2026,#######
Guzape,Abuja,terrace,3,4,237,no,yes,4400000,09/08/2026,#######
Ikeja GRA,Lagos,self-contain,0,1,123,not stated,yes,100000,09/08/2026,#######
Wuse 1,Abuja,duplex,4,3,499,not stated,no,5500000,14/08/2026,#######
Opebi,Lagos,bungalow,4,5,455,yes,yes,4100000,17/08/2026,#######
Apo,Abuja,bungalow,3,3,,no,not stated,3300000,06/08/2026,#######
Allen,Lagos,bungalow,5,6,635,yes,not stated,5000000,09/08/2026,#######
Lekki Phase 1,Lagos,mansion,2,3,969,yes,not stated,13800000,03/08/2026,#######
Guzape,Abuja,mansion,4,4,1018,not stated,not stated,14200000,09/08/2026,#######
Dutse,Abuja,bungalow,1,1,54,not stated,not stated,1800000,01/08/2026,#######
Magodo,Lagos,self-contain,0,1,,not stated,not stated,2000000,08/08/2026,#######
Ojodu Berger,Lagos,self-contain,0,1,47,yes,no,1500000,08/08/2026,#######
Lugbe,Abuja,self-contain,0,1,149,no,no,0,06/08/2026,#######
Dutse,Abuja,terrace,1,2,,yes,not stated,2300000,18/08/2026,#######
Ojodu Berger,Lagos,bungalow,4,5,693,not stated,not stated,4400000,15/08/2026,#######
Life Camp,Abuja,bungalow,3,2,592,not stated,no,4500000,13/08/2026,#######
Amuwo Odofin,Lagos,bungalow,3,4,468,no,not stated,4500000,14/08/2026,#######
Lugbe,Abuja,self-contain,0,1,124,not stated,yes,500000,08/08/2026,#######
Dutse,Abuja,mansion,1,2,530,yes,no,4300000,07/08/2026,#######
Opebi,Lagos,penthouse,3,2,441,yes,no,4500000,03/08/2026,#######
Mabushi,Abuja,terrace,2,2,126,no,no,2200000,16/08/2026,#######
Magodo,Lagos,penthouse,2,3,144,not stated,not stated,6500000,14/08/2026,#######
VGC,Lagos,penthouse,3,3,508,no,yes,7900000,02/08/2026,#######
Lokogoma,Abuja,duplex,4,3,206,not stated,yes,4600000,02/08/2026,#######
Sangotedo,Lagos,terrace,1,1,120,no,no,2500000,09/08/2026,#######
Ikeja GRA,Lagos,penthouse,2,2,41,yes,not stated,6400000,12/08/2026,#######
Gwarinpa,Abuja,mansion,3,2,,no,no,13400000,14/08/2026,#######
Wuse 2,Abuja,duplex,2,2,65,yes,no,5900000,11/08/2026,#######
Festac,Lagos,duplex,4,4,299,not stated,no,4100000,13/08/2026,#######
Wuse 1,Abuja,penthouse,2,2,111,not stated,no,5000000,07/08/2026,#######
Life Camp,Abuja,terrace,1,2,,no,no,2800000,01/08/2026,#######
Victoria Island,Lagos,duplex,6,7,302,yes,not stated,8700000,06/08/2026,#######
Maitama,Abuja,mansion,5,4,,no,yes,19400000,17/08/2026,#######
Apo,Abuja,bungalow,4,5,344,not stated,no,5600000,04/08/2026,#######
Guzape,Abuja,terrace,3,2,,no,not stated,5300000,01/08/2026,#######
Jahi,Abuja,flat,3,2,,not stated,yes,5500000,13/08/2026,#######
Lekki Phase 1,Lagos,terrace,2,1,,yes,not stated,4300000,17/08/2026,#######
Apo,Abuja,penthouse,3,3,,yes,yes,5400000,04/08/2026,#######
Garki,Abuja,terrace,2,3,62,not stated,no,3500000,02/08/2026,#######
Ilupeju,Lagos,penthouse,3,4,488,yes,no,6300000,01/08/2026,#######
Maitama,Abuja,terrace,3,2,287,yes,no,5900000,12/08/2026,#######
Opebi,Lagos,penthouse,2,1,123,yes,yes,4600000,04/08/2026,#######
Sangotedo,Lagos,mansion,2,1,,not stated,no,5100000,04/08/2026,#######
Ajah,Lagos,penthouse,3,2,,not stated,no,5800000,15/08/2026,#######
Ajah,Lagos,penthouse,2,3,50,no,yes,3600000,06/08/2026,#######
Maryland,Lagos,terrace,2,2,,yes,not stated,2300000,12/08/2026,#######
Yaba,Lagos,mansion,3,4,569,yes,not stated,6900000,15/08/2026,#######
Lekki Phase 2,Lagos,penthouse,4,3,,not stated,no,7100000,07/08/2026,#######
VGC,Lagos,terrace,2,3,57,no,yes,5000000,10/08/2026,#######
Gbagada,Lagos,mansion,4,4,845,not stated,no,6900000,10/08/2026,#######
Wuse 1,Abuja,duplex,3,4,,not stated,no,3400000,04/08/2026,#######
Amuwo Odofin,Lagos,bungalow,5,6,626,not stated,not stated,5800000,03/08/2026,#######
Ilupeju,Lagos,bungalow,1,1,85,no,not stated,2300000,18/08/2026,#######
Yaba,Lagos,bungalow,4,5,,yes,not stated,5200000,13/08/2026,#######
Gwarinpa,Abuja,bungalow,5,4,444,yes,no,6900000,01/08/2026,#######
Allen,Lagos,duplex,3,2,580,no,not stated,3600000,08/08/2026,#######
Surulere,Lagos,mansion,2,1,1193,no,not stated,5700000,09/08/2026,#######
Ajah,Lagos,flat,3,2,172,no,not stated,4600000,14/08/2026,#######
Maryland,Lagos,duplex,2,2,43,yes,not stated,3500000,05/08/2026,#######
Ojodu Berger,Lagos,duplex,2,3,121,yes,no,2500000,08/08/2026,#######
Allen,Lagos,bungalow,2,3,49,not stated,no,3800000,01/08/2026,#######
Ilupeju,Lagos,penthouse,5,6,383,not stated,not stated,6300000,05/08/2026,#######
Life Camp,Abuja,bungalow,6,5,378,no,not stated,7200000,05/08/2026,#######
Ikeja,Lagos,flat,2,2,51,yes,yes,3700000,03/08/2026,#######
Garki,Abuja,terrace,2,1,63,no,yes,2400000,12/08/2026,#######
Allen,Lagos,self-contain,0,1,111,no,not stated,300000,11/08/2026,#######
Gwarinpa,Abuja,penthouse,1,2,99,not stated,no,7200000,05/08/2026,#######
Gwarinpa,Abuja,flat,2,3,125,not stated,yes,4400000,10/08/2026,#######
VGC,Lagos,flat,4,5,572,yes,not stated,6300000,15/08/2026,#######
Gwarinpa,Abuja,duplex,3,3,,not stated,yes,6300000,16/08/2026,#######
Ajah,Lagos,self-contain,0,1,,no,no,1100000,11/08/2026,#######
Maitama,Abuja,flat,2,1,,yes,yes,6500000,18/08/2026,#######
Lugbe,Abuja,duplex,2,1,97,no,not stated,2200000,05/08/2026,#######
Yaba,Lagos,self-contain,0,1,,yes,no,900000,08/08/2026,#######
Life Camp,Abuja,self-contain,0,1,108,yes,yes,100000,04/08/2026,#######
Lokogoma,Abuja,flat,3,4,198,not stated,not stated,4800000,01/08/2026,#######
Asokoro,Abuja,terrace,5,6,598,not stated,not stated,7300000,13/08/2026,#######
VGC,Lagos,self-contain,0,1,114,no,yes,500000,02/08/2026,#######
Dutse,Abuja,flat,1,1,68,no,no,2400000,12/08/2026,#######
Lekki Phase 2,Lagos,bungalow,5,5,671,yes,no,5300000,02/08/2026,#######
Amuwo Odofin,Lagos,self-contain,0,1,68,not stated,no,800000,10/08/2026,#######
Ikeja,Lagos,duplex,2,3,59,yes,not stated,2600000,07/08/2026,#######
Jahi,Abuja,mansion,2,2,1000,not stated,not stated,12000000,10/08/2026,#######
VGC,Lagos,penthouse,3,4,562,no,yes,7400000,16/08/2026,#######
Victoria Island,Lagos,self-contain,0,1,133,not stated,no,2100000,12/08/2026,#######
Lokogoma,Abuja,self-contain,0,1,,not stated,not stated,1600000,04/08/2026,#######
Ikeja GRA,Lagos,duplex,4,3,189,yes,not stated,5300000,08/08/2026,#######
Gbagada,Lagos,penthouse,1,2,144,not stated,not stated,3100000,14/08/2026,#######
Lugbe,Abuja,bungalow,1,2,,no,yes,3100000,16/08/2026,#######
Guzape,Abuja,flat,3,2,440,not stated,no,4400000,13/08/2026,#######
Sangotedo,Lagos,flat,2,2,52,not stated,yes,2400000,18/08/2026,#######
Magodo,Lagos,penthouse,3,4,271,not stated,yes,7300000,17/08/2026,#######
Ikeja GRA,Lagos,mansion,3,3,1050,yes,no,10200000,01/08/2026,#######
Maryland,Lagos,mansion,5,5,,yes,yes,7700000,11/08/2026,#######
Ikeja GRA,Lagos,self-contain,0,1,,not stated,not stated,1100000,16/08/2026,#######
Ilupeju,Lagos,flat,3,3,,no,no,2900000,03/08/2026,#######
Ilupeju,Lagos,flat,2,2,45,not stated,no,3800000,06/08/2026,#######
Festac,Lagos,self-contain,0,1,142,not stated,yes,300000,17/08/2026,#######
Amuwo Odofin,Lagos,self-contain,0,1,142,yes,yes,1000000,17/08/2026,#######
Sangotedo,Lagos,self-contain,0,1,,not stated,no,0,01/08/2026,#######
Allen,Lagos,mansion,3,2,768,not stated,not stated,6300000,07/08/2026,#######
Ikeja,Lagos,flat,3,3,592,not stated,not stated,3600000,16/08/2026,#######
Apo,Abuja,self-contain,0,1,57,not stated,not stated,300000,15/08/2026,#######
Yaba,Lagos,mansion,3,3,624,not stated,yes,6500000,07/08/2026,#######
Mabushi,Abuja,terrace,2,3,60,no,no,3400000,13/08/2026,#######
Ikeja,Lagos,duplex,3,3,,no,no,3400000,17/08/2026,#######
Gbagada,Lagos,mansion,2,3,950,not stated,yes,6600000,17/08/2026,#######
Garki,Abuja,flat,2,3,,no,no,2100000,02/08/2026,#######
Surulere,Lagos,flat,4,5,762,yes,not stated,4800000,16/08/2026,#######
Ikeja GRA,Lagos,flat,4,4,631,not stated,not stated,5500000,11/08/2026,#######
Surulere,Lagos,penthouse,2,3,,no,yes,4000000,04/08/2026,#######
Asokoro,Abuja,bungalow,3,2,735,yes,no,5500000,01/08/2026,#######
Ikeja,Lagos,penthouse,4,3,,not stated,no,6500000,18/08/2026,#######
Yaba,Lagos,terrace,2,2,130,yes,not stated,3600000,08/08/2026,#######
Lokogoma,Abuja,flat,1,1,44,no,yes,3100000,17/08/2026,#######
Lekki Phase 1,Lagos,flat,6,5,396,no,yes,7900000,09/08/2026,#######
Maryland,Lagos,terrace,4,3,715,no,not stated,3800000,10/08/2026,#######
Ojodu Berger,Lagos,bungalow,3,2,,no,no,4300000,16/08/2026,#######
Katampe,Abuja,bungalow,3,4,795,not stated,yes,3800000,07/08/2026,#######
Ilupeju,Lagos,terrace,4,5,,no,not stated,4100000,09/08/2026,#######
Maitama,Abuja,bungalow,3,2,668,no,yes,7200000,11/08/2026,#######
Magodo,Lagos,flat,1,1,52,not stated,not stated,3800000,02/08/2026,#######
Gwarinpa,Abuja,duplex,3,3,387,yes,yes,5500000,14/08/2026,#######
Jahi,Abuja,bungalow,3,4,582,yes,yes,6200000,01/08/2026,#######
Asokoro,Abuja,mansion,2,3,961,yes,yes,16300000,16/08/2026,#######
Maitama,Abuja,penthouse,3,4,682,not stated,not stated,12200000,13/08/2026,#######
VGC,Lagos,self-contain,0,1,60,no,no,1900000,02/08/2026,#######
Wuse 2,Abuja,flat,2,1,144,yes,yes,4700000,15/08/2026,#######
Lokogoma,Abuja,duplex,3,2,,no,not stated,3400000,01/08/2026,#######
Yaba,Lagos,penthouse,3,4,771,no,not stated,5100000,09/08/2026,#######
Opebi,Lagos,self-contain,0,1,99,yes,no,1200000,17/08/2026,#######
Ojodu Berger,Lagos,duplex,1,2,48,yes,not stated,1900000,18/08/2026,#######
Allen,Lagos,penthouse,3,3,164,not stated,yes,6300000,13/08/2026,#######
Ikeja,Lagos,flat,4,5,660,no,not stated,5600000,14/08/2026,#######
Mabushi,Abuja,flat,3,4,442,no,yes,3800000,12/08/2026,#######
Ojodu Berger,Lagos,bungalow,5,6,,not stated,yes,4600000,14/08/2026,#######
Ikoyi,Lagos,terrace,4,4,,yes,not stated,7100000,05/08/2026,#######
Lokogoma,Abuja,mansion,4,3,,not stated,yes,8000000,18/08/2026,#######
Ilupeju,Lagos,bungalow,2,1,96,not stated,yes,2300000,18/08/2026,#######
Wuse 2,Abuja,self-contain,0,1,90,yes,yes,800000,12/08/2026,#######
Lekki Phase 2,Lagos,duplex,1,1,67,no,no,2700000,04/08/2026,#######
Gwarinpa,Abuja,penthouse,2,2,84,no,yes,7400000,08/08/2026,#######
Garki,Abuja,flat,1,1,45,not stated,yes,1400000,18/08/2026,#######
Amuwo Odofin,Lagos,mansion,2,1,598,not stated,no,7000000,09/08/2026,#######
Wuse 2,Abuja,self-contain,0,1,,yes,not stated,2200000,14/08/2026,#######
Mabushi,Abuja,bungalow,4,3,796,no,yes,5500000,14/08/2026,#######
Wuse 1,Abuja,bungalow,4,3,359,not stated,not stated,4900000,08/08/2026,#######
Ikoyi,Lagos,mansion,2,3,862,not stated,not stated,14100000,16/08/2026,#######
Apo,Abuja,bungalow,3,4,775,no,yes,3800000,09/08/2026,#######
Victoria Island,Lagos,bungalow,2,2,81,no,no,4200000,01/08/2026,#######
Yaba,Lagos,mansion,4,3,872,not stated,yes,7400000,05/08/2026,#######
Guzape,Abuja,duplex,4,4,332,not stated,not stated,6700000,14/08/2026,#######
Yaba,Lagos,mansion,3,4,1123,no,not stated,7200000,15/08/2026,#######
Allen,Lagos,bungalow,3,2,428,not stated,no,3800000,09/08/2026,#######
Victoria Island,Lagos,mansion,4,3,,not stated,not stated,16300000,03/08/2026,#######
Lugbe,Abuja,self-contain,0,1,94,not stated,not stated,-100000,08/08/2026,#######
Dutse,Abuja,mansion,2,1,,not stated,no,6400000,11/08/2026,#######
Wuse 2,Abuja,mansion,1,1,1174,not stated,no,14500000,06/08/2026,#######
Dutse,Abuja,mansion,4,3,,yes,no,8300000,13/08/2026,#######
Gwarinpa,Abuja,mansion,1,1,617,not stated,yes,10500000,17/08/2026,#######
Amuwo Odofin,Lagos,flat,3,2,666,yes,yes,3700000,10/08/2026,#######
Gwarinpa,Abuja,penthouse,2,2,91,yes,yes,8000000,15/08/2026,#######
Wuse 1,Abuja,duplex,3,4,786,yes,yes,3800000,13/08/2026,#######
Festac,Lagos,bungalow,2,2,55,not stated,not stated,2200000,04/08/2026,#######
Magodo,Lagos,terrace,2,2,122,yes,no,4800000,02/08/2026,#######
Gbagada,Lagos,flat,5,5,791,not stated,no,5100000,01/08/2026,#######
Maitama,Abuja,self-contain,0,1,,not stated,not stated,1200000,12/08/2026,#######
Magodo,Lagos,duplex,2,2,92,yes,yes,3800000,16/08/2026,#######
Sangotedo,Lagos,penthouse,2,2,134,no,yes,5200000,17/08/2026,#######
Gwarinpa,Abuja,self-contain,0,1,121,not stated,not stated,900000,02/08/2026,#######
Garki,Abuja,duplex,3,3,408,not stated,not stated,4800000,13/08/2026,#######
Dutse,Abuja,penthouse,2,3,86,not stated,yes,3700000,03/08/2026,#######
Katampe,Abuja,terrace,2,1,,yes,yes,3800000,12/08/2026,#######
Allen,Lagos,duplex,4,4,195,no,yes,4200000,07/08/2026,#######
Allen,Lagos,penthouse,1,2,119,yes,no,3100000,14/08/2026,#######
Asokoro,Abuja,penthouse,3,3,215,no,no,12100000,10/08/2026,#######
Jahi,Abuja,flat,2,3,,yes,no,4000000,10/08/2026,#######
Surulere,Lagos,bungalow,5,4,609,yes,no,5100000,07/08/2026,#######
Ojodu Berger,Lagos,flat,4,5,254,no,not stated,4000000,15/08/2026,#######
Katampe,Abuja,bungalow,1,2,52,yes,not stated,2200000,13/08/2026,#######
Allen,Lagos,mansion,5,6,663,yes,no,8800000,07/08/2026,#######
Dutse,Abuja,penthouse,3,3,755,yes,not stated,5700000,07/08/2026,#######
Lekki Phase 1,Lagos,bungalow,4,3,558,no,no,6500000,05/08/2026,#######
Ajah,Lagos,terrace,4,5,,not stated,yes,3800000,10/08/2026,#######
Asokoro,Abuja,duplex,5,5,619,not stated,not stated,7300000,01/08/2026,#######
Gwarinpa,Abuja,terrace,2,1,,no,yes,3600000,12/08/2026,#######
Dutse,Abuja,penthouse,5,5,,no,not stated,7300000,12/08/2026,#######
Lekki Phase 2,Lagos,bungalow,3,4,182,yes,not stated,4100000,02/08/2026,#######
Asokoro,Abuja,penthouse,1,2,67,no,no,10200000,12/08/2026,#######
Lekki Phase 1,Lagos,bungalow,2,2,90,yes,yes,5700000,07/08/2026,#######
Lekki Phase 1,Lagos,self-contain,0,1,119,no,no,1700000,06/08/2026,#######
VGC,Lagos,mansion,3,4,598,not stated,not stated,10700000,04/08/2026,#######
Maryland,Lagos,bungalow,1,1,135,not stated,yes,1900000,10/08/2026,#######
Guzape,Abuja,flat,3,2,,not stated,yes,5900000,16/08/2026,#######
Victoria Island,Lagos,penthouse,1,2,49,no,no,9400000,16/08/2026,#######
Festac,Lagos,bungalow,2,2,140,not stated,no,4000000,05/08/2026,#######
Mabushi,Abuja,terrace,4,5,428,not stated,no,4400000,02/08/2026,#######
Lekki Phase 1,Lagos,bungalow,3,2,623,not stated,not stated,6100000,14/08/2026,#######
Mabushi,Abuja,mansion,4,4,1108,no,yes,8500000,03/08/2026,#######
Lekki Phase 1,Lagos,terrace,2,2,,yes,no,5300000,14/08/2026,#######
Gbagada,Lagos,duplex,3,4,,no,yes,4300000,04/08/2026,#######
Apo,Abuja,terrace,5,5,,no,no,5300000,16/08/2026,#######
Ikoyi,Lagos,penthouse,4,5,761,no,yes,11100000,06/08/2026,#######
Gbagada,Lagos,terrace,2,1,,yes,yes,3100000,11/08/2026,#######
Katampe,Abuja,mansion,2,1,1117,not stated,not stated,5900000,14/08/2026,#######
Victoria Island,Lagos,mansion,2,1,,yes,yes,13300000,06/08/2026,#######
Apo,Abuja,self-contain,0,1,116,no,no,500000,07/08/2026,#######
Ajah,Lagos,terrace,3,2,578,not stated,not stated,3700000,03/08/2026,#######
Ajah,Lagos,mansion,3,2,982,not stated,no,7400000,15/08/2026,#######
VGC,Lagos,mansion,2,1,1084,yes,yes,9600000,03/08/2026,#######
Gwarinpa,Abuja,duplex,3,2,525,yes,no,5500000,13/08/2026,#######
Maryland,Lagos,penthouse,2,2,42,no,yes,3900000,08/08/2026,#######
Dutse,Abuja,flat,3,3,214,no,yes,3300000,01/08/2026,#######
Maitama,Abuja,mansion,4,4,1142,not stated,not stated,16800000,17/08/2026,#######
Wuse 1,Abuja,self-contain,0,1,45,not stated,not stated,900000,05/08/2026,#######
Allen,Lagos,penthouse,2,3,78,not stated,no,4900000,01/08/2026,#######
Asokoro,Abuja,mansion,2,3,613,not stated,not stated,15300000,06/08/2026,#######
Jahi,Abuja,duplex,5,4,200,yes,no,7300000,11/08/2026,#######
Dutse,Abuja,terrace,2,3,107,no,not stated,2600000,01/08/2026,#######
Apo,Abuja,bungalow,2,2,,yes,not stated,2800000,03/08/2026,#######
Ikeja GRA,Lagos,penthouse,2,3,68,no,not stated,7200000,16/08/2026,#######
Guzape,Abuja,bungalow,3,3,,yes,yes,5100000,08/08/2026,#######
Lekki Phase 1,Lagos,flat,5,6,,no,not stated,6600000,09/08/2026,#######
Lekki Phase 2,Lagos,bungalow,2,3,,no,yes,3600000,13/08/2026,#######
Apo,Abuja,flat,2,1,,no,yes,3200000,02/08/2026,#######
Ilupeju,Lagos,terrace,3,3,,yes,yes,3300000,10/08/2026,#######
Ojodu Berger,Lagos,duplex,2,3,147,not stated,yes,2600000,06/08/2026,#######
Sangotedo,Lagos,bungalow,2,1,50,yes,yes,3400000,10/08/2026,#######
Ikoyi,Lagos,mansion,2,3,677,yes,yes,13800000,16/08/2026,#######
Garki,Abuja,penthouse,6,7,,no,not stated,7500000,03/08/2026,#######
Dutse,Abuja,duplex,5,6,299,no,not stated,4900000,02/08/2026,#######
Life Camp,Abuja,duplex,2,2,62,not stated,not stated,3600000,08/08/2026,#######
VGC,Lagos,bungalow,2,3,70,no,not stated,4600000,09/08/2026,#######
Lokogoma,Abuja,penthouse,3,4,,no,not stated,4700000,11/08/2026,#######
Apo,Abuja,terrace,3,4,593,no,no,4200000,16/08/2026,#######
Asokoro,Abuja,duplex,2,1,42,not stated,yes,5500000,14/08/2026,#######
Maitama,Abuja,bungalow,3,2,785,no,no,6500000,02/08/2026,#######
Amuwo Odofin,Lagos,flat,4,3,,yes,no,5200000,10/08/2026,#######
Magodo,Lagos,terrace,4,5,280,not stated,no,6000000,09/08/2026,#######
Lekki Phase 2,Lagos,terrace,4,4,656,yes,not stated,4100000,10/08/2026,#######
Wuse 1,Abuja,duplex,2,2,100,not stated,yes,3300000,18/08/2026,#######
Garki,Abuja,flat,3,2,596,yes,no,3800000,15/08/2026,#######
Magodo,Lagos,bungalow,4,3,574,no,not stated,5400000,04/08/2026,#######
Allen,Lagos,self-contain,0,1,141,yes,yes,700000,15/08/2026,#######
Lekki Phase 1,Lagos,mansion,3,4,519,no,not stated,15100000,17/08/2026,#######
Gwarinpa,Abuja,bungalow,2,3,44,not stated,no,5100000,01/08/2026,#######
Asokoro,Abuja,self-contain,0,1,124,not stated,no,1400000,07/08/2026,#######
Surulere,Lagos,flat,2,3,58,no,yes,2400000,01/08/2026,#######
Lekki Phase 1,Lagos,bungalow,1,1,79,no,yes,4000000,09/08/2026,#######
Jahi,Abuja,flat,4,3,155,no,not stated,5300000,15/08/2026,#######
Magodo,Lagos,bungalow,3,3,,not stated,not stated,5300000,11/08/2026,#######
Lekki Phase 2,Lagos,duplex,3,3,,not stated,not stated,4800000,08/08/2026,#######
Jahi,Abuja,self-contain,0,1,138,yes,yes,300000,04/08/2026,#######
Lekki Phase 1,Lagos,bungalow,3,3,431,no,yes,5700000,06/08/2026,#######
Allen,Lagos,bungalow,2,2,113,not stated,yes,4000000,05/08/2026,#######
Ajah,Lagos,mansion,3,3,835,yes,yes,7100000,13/08/2026,#######
Life Camp,Abuja,mansion,4,3,,not stated,yes,7700000,11/08/2026,#######
Ilupeju,Lagos,terrace,2,2,90,not stated,no,3400000,14/08/2026,#######
Lokogoma,Abuja,penthouse,1,1,124,no,yes,3400000,17/08/2026,#######
Garki,Abuja,flat,2,1,143,yes,not stated,3800000,15/08/2026,#######
Lugbe,Abuja,flat,4,5,,yes,yes,5400000,18/08/2026,#######
VGC,Lagos,penthouse,4,3,331,not stated,not stated,9100000,04/08/2026,#######
VGC,Lagos,mansion,1,2,690,yes,not stated,9800000,05/08/2026,#######
Lekki Phase 2,Lagos,bungalow,2,2,67,not stated,yes,2700000,09/08/2026,#######
Lekki Phase 2,Lagos,duplex,3,4,165,not stated,not stated,3800000,11/08/2026,#######
Gbagada,Lagos,duplex,2,3,150,no,yes,2800000,15/08/2026,#######
Sangotedo,Lagos,terrace,3,4,185,not stated,not stated,3800000,07/08/2026,#######
Wuse 1,Abuja,terrace,2,2,118,not stated,no,3700000,16/08/2026,#######
Wuse 2,Abuja,self-contain,0,1,67,no,yes,600000,03/08/2026,#######
Maryland,Lagos,flat,3,2,532,no,not stated,3000000,15/08/2026,#######
Asokoro,Abuja,duplex,2,1,132,no,no,6400000,04/08/2026,#######
Ikeja,Lagos,terrace,2,3,,not stated,not stated,2200000,04/08/2026,#######
Wuse 1,Abuja,duplex,2,2,148,yes,not stated,2600000,03/08/2026,#######
Wuse 2,Abuja,flat,1,1,92,not stated,not stated,3900000,11/08/2026,#######
Lekki Phase 1,Lagos,terrace,3,4,297,no,no,6400000,17/08/2026,#######
Opebi,Lagos,penthouse,3,2,235,not stated,no,5800000,03/08/2026,#######
Allen,Lagos,duplex,1,1,,not stated,no,1400000,09/08/2026,#######
Wuse 2,Abuja,duplex,2,1,88,not stated,yes,4700000,14/08/2026,#######
Allen,Lagos,penthouse,3,2,480,yes,no,6000000,04/08/2026,#######
Maryland,Lagos,mansion,3,3,982,no,not stated,7800000,07/08/2026,#######
Garki,Abuja,bungalow,2,3,82,not stated,no,2200000,18/08/2026,#######
Gwarinpa,Abuja,flat,2,2,147,not stated,not stated,5000000,12/08/2026,#######
Maitama,Abuja,duplex,3,4,365,yes,no,6700000,17/08/2026,#######
Ajah,Lagos,duplex,1,1,,no,no,2600000,06/08/2026,#######
Wuse 2,Abuja,flat,1,1,,not stated,not stated,5500000,04/08/2026,#######
Lugbe,Abuja,mansion,2,2,509,no,yes,5700000,14/08/2026,#######
Apo,Abuja,mansion,3,4,713,yes,yes,7200000,03/08/2026,#######
Lokogoma,Abuja,self-contain,0,1,,not stated,yes,400000,13/08/2026,#######
Wuse 2,Abuja,penthouse,2,3,,yes,no,11700000,09/08/2026,#######
Jahi,Abuja,penthouse,4,5,,no,not stated,10300000,07/08/2026,#######
Garki,Abuja,mansion,2,2,957,not stated,not stated,6500000,01/08/2026,#######
Wuse 2,Abuja,self-contain,0,1,106,yes,no,500000,11/08/2026,#######
Jahi,Abuja,flat,3,4,437,no,no,5000000,05/08/2026,#######
Mabushi,Abuja,self-contain,0,1,,yes,yes,200000,01/08/2026,#######
Festac,Lagos,mansion,1,1,860,no,no,5300000,15/08/2026,#######
Guzape,Abuja,penthouse,4,3,597,yes,no,10600000,12/08/2026,#######
Maryland,Lagos,penthouse,3,3,189,yes,yes,5200000,04/08/2026,#######
Maitama,Abuja,bungalow,3,2,570,no,not stated,5600000,08/08/2026,#######
Garki,Abuja,penthouse,4,5,534,not stated,not stated,5600000,12/08/2026,#######
Maitama,Abuja,self-contain,0,1,80,no,no,2500000,06/08/2026,#######
Surulere,Lagos,duplex,2,2,90,no,no,3900000,17/08/2026,#######
VGC,Lagos,flat,3,4,,not stated,not stated,4100000,13/08/2026,#######
Ikeja GRA,Lagos,self-contain,0,1,48,no,not stated,100000,14/08/2026,#######
Lugbe,Abuja,flat,4,4,568,yes,yes,4600000,07/08/2026,#######
Lekki Phase 2,Lagos,flat,2,2,88,yes,yes,4000000,13/08/2026,#######
Gwarinpa,Abuja,bungalow,2,2,99,not stated,not stated,5200000,17/08/2026,#######
Lekki Phase 1,Lagos,duplex,4,3,673,no,not stated,6100000,11/08/2026,#######
Amuwo Odofin,Lagos,duplex,3,3,,not stated,no,2900000,01/08/2026,#######
Wuse 2,Abuja,flat,4,3,725,yes,no,6700000,11/08/2026,#######
Katampe,Abuja,terrace,3,3,512,yes,yes,4400000,13/08/2026,#######
Life Camp,Abuja,penthouse,2,3,57,yes,yes,5100000,01/08/2026,#######
Maryland,Lagos,mansion,2,1,807,not stated,not stated,6700000,18/08/2026,#######
Lokogoma,Abuja,penthouse,3,4,,no,no,4400000,16/08/2026,#######
Allen,Lagos,flat,1,1,60,yes,no,1500000,16/08/2026,#######
Mabushi,Abuja,duplex,1,2,,no,no,1400000,07/08/2026,#######
Sangotedo,Lagos,self-contain,0,1,73,not stated,no,1700000,12/08/2026,#######
Amuwo Odofin,Lagos,self-contain,0,1,,yes,not stated,200000,16/08/2026,#######
Lokogoma,Abuja,terrace,1,1,124,yes,yes,2700000,10/08/2026,#######
Guzape,Abuja,mansion,4,4,,not stated,yes,12700000,05/08/2026,#######
Life Camp,Abuja,penthouse,3,2,759,yes,not stated,6100000,03/08/2026,#######
Sangotedo,Lagos,flat,2,1,145,not stated,yes,3500000,02/08/2026,#######
Jahi,Abuja,terrace,3,4,,no,yes,5200000,01/08/2026,#######
Life Camp,Abuja,bungalow,4,5,152,yes,yes,5000000,08/08/2026,#######
Wuse 1,Abuja,self-contain,0,1,102,yes,not stated,0,10/08/2026,#######
Dutse,Abuja,flat,4,3,175,no,no,3900000,15/08/2026,#######
Gwarinpa,Abuja,flat,3,2,493,not stated,yes,5300000,04/08/2026,#######
Dutse,Abuja,flat,3,3,524,yes,not stated,3000000,18/08/2026,#######
Ikeja GRA,Lagos,bungalow,3,3,216,no,not stated,5200000,03/08/2026,#######
Surulere,Lagos,self-contain,0,1,97,no,no,0,02/08/2026,#######
Maryland,Lagos,terrace,3,3,741,yes,yes,4100000,03/08/2026,#######
Ilupeju,Lagos,mansion,1,1,807,yes,no,5600000,11/08/2026,#######
Guzape,Abuja,mansion,3,2,578,yes,yes,12300000,11/08/2026,#######
Maitama,Abuja,bungalow,3,4,,not stated,yes,5500000,15/08/2026,#######
Ikoyi,Lagos,bungalow,4,5,621,not stated,not stated,6800000,18/08/2026,#######
Life Camp,Abuja,terrace,3,3,611,no,no,4700000,13/08/2026,#######
Wuse 1,Abuja,bungalow,1,1,56,no,no,1500000,07/08/2026,#######
Katampe,Abuja,penthouse,6,7,543,not stated,no,8200000,14/08/2026,#######
Gbagada,Lagos,bungalow,2,3,78,no,yes,3300000,12/08/2026,#######
Festac,Lagos,penthouse,2,1,148,not stated,not stated,3600000,03/08/2026,#######
Lugbe,Abuja,duplex,1,1,,yes,not stated,2900000,05/08/2026,#######
Amuwo Odofin,Lagos,flat,2,1,,yes,yes,3800000,01/08/2026,#######
Jahi,Abuja,mansion,3,4,1094,no,no,13300000,18/08/2026,#######
Lugbe,Abuja,bungalow,2,1,,yes,yes,2200000,15/08/2026,#######
Lokogoma,Abuja,bungalow,2,1,62,not stated,not stated,3300000,13/08/2026,#######
Ikeja,Lagos,self-contain,0,1,104,yes,no,0,06/08/2026,#######
Gbagada,Lagos,terrace,2,2,90,yes,yes,2200000,18/08/2026,#######
Katampe,Abuja,bungalow,3,3,478,not stated,no,4200000,08/08/2026,#######
Ojodu Berger,Lagos,bungalow,2,3,,yes,not stated,2200000,05/08/2026,#######
Ikoyi,Lagos,bungalow,1,1,96,yes,no,4400000,12/08/2026,#######
Apo,Abuja,duplex,5,6,334,not stated,not stated,6100000,10/08/2026,#######
Gbagada,Lagos,self-contain,0,1,106,yes,not stated,800000,14/08/2026,#######
Maitama,Abuja,flat,2,3,47,yes,yes,5600000,05/08/2026,#######
Apo,Abuja,penthouse,6,5,457,no,no,7600000,03/08/2026,#######
VGC,Lagos,duplex,4,4,748,yes,yes,6100000,10/08/2026,#######
Life Camp,Abuja,mansion,5,4,,no,no,7900000,12/08/2026,#######
Opebi,Lagos,penthouse,5,6,295,not stated,no,7800000,03/08/2026,#######
VGC,Lagos,penthouse,3,4,638,no,no,8800000,11/08/2026,#######
Jahi,Abuja,duplex,2,3,144,yes,yes,3600000,13/08/2026,#######
Gbagada,Lagos,mansion,5,5,,no,not stated,7900000,18/08/2026,#######
Asokoro,Abuja,self-contain,0,1,49,no,yes,1100000,08/08/2026,#######
Ikoyi,Lagos,mansion,4,3,,not stated,yes,15900000,04/08/2026,#######
Dutse,Abuja,self-contain,0,1,,yes,yes,-100000,03/08/2026,#######
Guzape,Abuja,duplex,3,2,751,no,yes,4700000,08/08/2026,#######
Life Camp,Abuja,self-contain,0,1,,yes,not stated,800000,04/08/2026,#######
Lokogoma,Abuja,terrace,4,4,350,no,yes,4400000,02/08/2026,#######
Opebi,Lagos,self-contain,0,1,150,yes,no,1600000,17/08/2026,#######
VGC,Lagos,duplex,5,4,,not stated,not stated,6800000,14/08/2026,#######
Guzape,Abuja,flat,3,2,282,yes,yes,4600000,16/08/2026,#######
Lekki Phase 2,Lagos,self-contain,0,1,,yes,not stated,1200000,17/08/2026,#######
Allen,Lagos,flat,4,5,,no,no,4000000,15/08/2026,#######
Jahi,Abuja,terrace,2,3,,not stated,yes,5000000,18/08/2026,#######
Lokogoma,Abuja,terrace,3,2,578,no,not stated,4300000,04/08/2026,#######
Maitama,Abuja,duplex,2,1,,no,no,5700000,17/08/2026,#######
Wuse 2,Abuja,bungalow,1,2,,no,yes,4500000,08/08/2026,#######
Ikoyi,Lagos,self-contain,0,1,145,no,no,1800000,17/08/2026,#######
Lekki Phase 2,Lagos,self-contain,0,1,54,no,yes,1500000,15/08/2026,#######
Apo,Abuja,mansion,2,3,520,yes,not stated,6500000,11/08/2026,#######
Gbagada,Lagos,flat,1,1,98,yes,no,3000000,03/08/2026,#######
VGC,Lagos,bungalow,3,2,,yes,yes,3900000,12/08/2026,#######
VGC,Lagos,duplex,4,4,612,no,no,5900000,02/08/2026,#######
Lekki Phase 1,Lagos,bungalow,3,4,338,yes,no,5300000,08/08/2026,#######
Allen,Lagos,flat,5,5,443,not stated,not stated,4600000,03/08/2026,#######
Wuse 1,Abuja,duplex,2,2,145,no,yes,2500000,10/08/2026,#######
Allen,Lagos,bungalow,2,2,124,no,yes,3700000,01/08/2026,#######
Ilupeju,Lagos,flat,6,7,,yes,not stated,6600000,14/08/2026,#######
Ikeja,Lagos,duplex,4,5,383,no,no,4400000,02/08/2026,#######
Ikeja GRA,Lagos,bungalow,3,3,436,yes,no,5400000,01/08/2026,#######
Gwarinpa,Abuja,penthouse,5,6,799,no,yes,10700000,15/08/2026,#######
Lokogoma,Abuja,bungalow,2,3,,yes,yes,2400000,18/08/2026,#######
Lekki Phase 1,Lagos,penthouse,2,3,118,no,not stated,10200000,07/08/2026,#######
Apo,Abuja,duplex,1,1,119,yes,yes,3000000,07/08/2026,#######
Wuse 2,Abuja,duplex,4,5,,yes,yes,6800000,04/08/2026,#######
Ikoyi,Lagos,penthouse,3,4,167,yes,no,10400000,06/08/2026,#######
Gwarinpa,Abuja,terrace,3,4,279,not stated,not stated,6200000,09/08/2026,#######
Ikoyi,Lagos,mansion,3,3,,not stated,no,14100000,03/08/2026,#######
Amuwo Odofin,Lagos,flat,5,6,357,no,yes,5700000,15/08/2026,#######
Lokogoma,Abuja,flat,3,4,269,not stated,not stated,3200000,02/08/2026,#######
Gbagada,Lagos,flat,3,4,,not stated,no,4100000,08/08/2026,#######
Yaba,Lagos,mansion,3,3,916,not stated,no,7700000,11/08/2026,#######
Maryland,Lagos,penthouse,4,4,,no,not stated,6800000,01/08/2026,#######
Sangotedo,Lagos,self-contain,0,1,122,yes,yes,900000,15/08/2026,#######
Katampe,Abuja,mansion,4,4,767,not stated,yes,7000000,01/08/2026,#######
Guzape,Abuja,self-contain,0,1,88,no,not stated,1000000,14/08/2026,#######
Lekki Phase 2,Lagos,duplex,5,6,488,not stated,yes,5000000,18/08/2026,#######
Jahi,Abuja,mansion,1,1,,yes,yes,11900000,17/08/2026,#######
Asokoro,Abuja,penthouse,2,1,,yes,yes,10900000,10/08/2026,#######
Maitama,Abuja,penthouse,1,1,103,yes,not stated,9400000,11/08/2026,#######
Asokoro,Abuja,terrace,1,2,,not stated,not stated,4700000,18/08/2026,#######
Dutse,Abuja,flat,3,3,648,no,not stated,3800000,09/08/2026,#######
Gwarinpa,Abuja,duplex,2,2,,not stated,not stated,4800000,05/08/2026,#######
Surulere,Lagos,bungalow,3,3,329,not stated,no,3800000,12/08/2026,#######
Ikoyi,Lagos,duplex,4,3,194,no,yes,7100000,09/08/2026,#######
Jahi,Abuja,self-contain,0,1,104,not stated,no,700000,02/08/2026,#######
Katampe,Abuja,bungalow,4,5,453,not stated,no,5600000,09/08/2026,#######
Victoria Island,Lagos,duplex,4,5,625,no,yes,5800000,02/08/2026,#######
Wuse 2,Abuja,mansion,1,1,588,not stated,not stated,15800000,15/08/2026,#######
Amuwo Odofin,Lagos,penthouse,3,4,,yes,no,5100000,16/08/2026,#######
Katampe,Abuja,penthouse,3,2,769,yes,not stated,5700000,05/08/2026,#######
Sangotedo,Lagos,mansion,3,4,,not stated,not stated,6400000,17/08/2026,#######
Lekki Phase 1,Lagos,flat,5,5,505,yes,not stated,8000000,08/08/2026,#######
Opebi,Lagos,mansion,3,3,,no,no,6300000,08/08/2026,#######
Guzape,Abuja,mansion,2,2,923,not stated,not stated,12600000,07/08/2026,#######
Jahi,Abuja,flat,1,1,107,no,not stated,3200000,01/08/2026,#######
Ojodu Berger,Lagos,bungalow,3,3,628,yes,not stated,3000000,17/08/2026,#######
Life Camp,Abuja,duplex,4,3,614,not stated,no,3700000,06/08/2026,#######
Life Camp,Abuja,flat,2,2,101,not stated,no,2200000,12/08/2026,#######
Festac,Lagos,bungalow,1,1,52,yes,yes,3100000,10/08/2026,#######
Life Camp,Abuja,terrace,3,2,169,yes,not stated,4200000,17/08/2026,#######
Victoria Island,Lagos,flat,3,3,787,not stated,not stated,5800000,04/08/2026,#######
Magodo,Lagos,duplex,2,1,125,not stated,no,4900000,13/08/2026,#######
Katampe,Abuja,duplex,5,6,,not stated,no,6300000,04/08/2026,#######
Guzape,Abuja,mansion,1,1,945,no,not stated,10400000,06/08/2026,#######
Apo,Abuja,mansion,3,4,1036,not stated,yes,7800000,07/08/2026,#######
Katampe,Abuja,self-contain,0,1,126,yes,no,600000,06/08/2026,#######
VGC,Lagos,bungalow,4,5,783,no,not stated,6400000,08/08/2026,#######
Guzape,Abuja,terrace,4,5,299,not stated,yes,6200000,12/08/2026,#######
Guzape,Abuja,terrace,2,3,,no,yes,4900000,09/08/2026,#######
Gwarinpa,Abuja,duplex,1,1,,not stated,not stated,3800000,18/08/2026,#######
Ajah,Lagos,terrace,2,1,,no,no,2200000,08/08/2026,#######
Surulere,Lagos,bungalow,3,4,514,yes,yes,4700000,01/08/2026,#######
Life Camp,Abuja,bungalow,1,1,53,not stated,not stated,1300000,18/08/2026,#######
Ajah,Lagos,mansion,4,5,,yes,no,7500000,15/08/2026,#######
Ilupeju,Lagos,self-contain,0,1,144,not stated,yes,1200000,03/08/2026,#######
Wuse 1,Abuja,self-contain,0,1,113,yes,not stated,700000,16/08/2026,#######
VGC,Lagos,duplex,3,3,,no,yes,5400000,07/08/2026,#######
Ikoyi,Lagos,bungalow,3,3,582,no,no,6200000,09/08/2026,#######
Gwarinpa,Abuja,duplex,3,3,597,no,not stated,5300000,10/08/2026,#######
Sangotedo,Lagos,self-contain,0,1,149,not stated,no,1100000,04/08/2026,#######
Festac,Lagos,penthouse,5,4,626,yes,yes,7800000,07/08/2026,#######
Victoria Island,Lagos,bungalow,3,2,489,no,no,6800000,10/08/2026,#######
Garki,Abuja,self-contain,0,1,127,not stated,not stated,1200000,02/08/2026,#######
VGC,Lagos,duplex,3,2,331,no,yes,5500000,08/08/2026,#######
Gbagada,Lagos,terrace,3,2,633,yes,no,3700000,05/08/2026,#######
Ilupeju,Lagos,mansion,1,2,1074,yes,no,4900000,06/08/2026,#######
Garki,Abuja,terrace,5,5,343,yes,no,4700000,18/08/2026,#######
Gbagada,Lagos,terrace,1,1,,not stated,yes,2800000,13/08/2026,#######
Allen,Lagos,self-contain,0,1,,no,not stated,1600000,08/08/2026,#######
Amuwo Odofin,Lagos,mansion,4,4,1096,yes,no,7200000,05/08/2026,#######
Ilupeju,Lagos,duplex,4,5,,yes,not stated,4700000,09/08/2026,#######
Festac,Lagos,mansion,4,3,,yes,not stated,8200000,06/08/2026,#######
Surulere,Lagos,duplex,3,3,331,no,yes,4000000,05/08/2026,#######
Festac,Lagos,bungalow,5,6,203,not stated,not stated,5100000,18/08/2026,#######
Apo,Abuja,penthouse,3,3,166,not stated,yes,5300000,13/08/2026,#######
Wuse 2,Abuja,terrace,4,3,596,not stated,yes,7900000,11/08/2026,#######
Allen,Lagos,terrace,2,2,121,not stated,no,2100000,14/08/2026,#######
Ikoyi,Lagos,penthouse,3,3,154,yes,no,10200000,10/08/2026,#######
Yaba,Lagos,flat,4,4,624,yes,not stated,4300000,01/08/2026,#######
VGC,Lagos,bungalow,3,2,180,not stated,yes,5100000,09/08/2026,#######
Ajah,Lagos,self-contain,0,1,121,yes,not stated,100000,14/08/2026,#######
Apo,Abuja,mansion,2,1,1076,yes,no,5900000,04/08/2026,#######
Guzape,Abuja,flat,3,2,535,not stated,yes,5600000,10/08/2026,#######
Sangotedo,Lagos,penthouse,6,7,,not stated,no,8700000,08/08/2026,#######
Apo,Abuja,bungalow,2,2,52,not stated,yes,3400000,13/08/2026,#######
Wuse 1,Abuja,mansion,3,2,1170,not stated,yes,6500000,08/08/2026,#######
Surulere,Lagos,self-contain,0,1,,yes,not stated,300000,04/08/2026,#######
Ikeja,Lagos,penthouse,2,1,144,no,not stated,4400000,07/08/2026,#######
Lekki Phase 1,Lagos,mansion,3,2,535,no,not stated,14600000,08/08/2026,#######
Wuse 2,Abuja,flat,3,2,,no,yes,6000000,10/08/2026,#######
Life Camp,Abuja,bungalow,2,3,144,yes,yes,3700000,05/08/2026,#######
Katampe,Abuja,bungalow,4,4,,no,yes,4700000,17/08/2026,#######
Yaba,Lagos,mansion,5,5,714,yes,no,8400000,04/08/2026,#######
Jahi,Abuja,duplex,3,4,,not stated,not stated,6100000,10/08/2026,#######
Gbagada,Lagos,self-contain,0,1,59,yes,no,400000,09/08/2026,#######
Yaba,Lagos,terrace,3,2,,not stated,not stated,4500000,10/08/2026,#######
Surulere,Lagos,terrace,3,2,162,yes,no,3200000,11/08/2026,#######
Ikeja GRA,Lagos,duplex,1,1,128,yes,yes,3800000,08/08/2026,#######
Jahi,Abuja,terrace,1,1,72,yes,not stated,2800000,07/08/2026,#######
Garki,Abuja,flat,2,3,,not stated,yes,2700000,18/08/2026,#######
Ikeja,Lagos,duplex,5,5,232,yes,not stated,4700000,15/08/2026,#######
Lekki Phase 1,Lagos,penthouse,2,1,56,yes,yes,10000000,03/08/2026,#######
Lokogoma,Abuja,mansion,2,2,,yes,yes,6000000,07/08/2026,#######
Jahi,Abuja,terrace,4,4,339,no,yes,6600000,10/08/2026,#######
Ojodu Berger,Lagos,flat,5,6,,yes,yes,5800000,10/08/2026,#######
Magodo,Lagos,bungalow,4,4,759,no,not stated,5400000,01/08/2026,#######
Life Camp,Abuja,duplex,4,3,,no,yes,4900000,16/08/2026,#######
Gbagada,Lagos,flat,5,5,542,not stated,no,4600000,17/08/2026,#######
Maitama,Abuja,penthouse,2,2,116,yes,not stated,10100000,04/08/2026,#######
Wuse 1,Abuja,bungalow,3,2,482,not stated,no,3700000,11/08/2026,#######
Yaba,Lagos,duplex,1,1,146,not stated,not stated,1400000,03/08/2026,#######
Ojodu Berger,Lagos,duplex,3,3,,yes,yes,3000000,13/08/2026,#######
Wuse 1,Abuja,self-contain,0,1,92,yes,yes,0,12/08/2026,#######
Garki,Abuja,penthouse,3,4,,not stated,no,5600000,13/08/2026,#######
Apo,Abuja,flat,2,3,43,no,no,2700000,15/08/2026,#######
Wuse 2,Abuja,mansion,2,2,,no,yes,16000000,04/08/2026,#######
Jahi,Abuja,duplex,3,4,203,no,not stated,5000000,04/08/2026,#######
Maitama,Abuja,bungalow,1,1,,yes,yes,4300000,07/08/2026,#######
Life Camp,Abuja,bungalow,2,3,,yes,no,3700000,01/08/2026,#######
Ojodu Berger,Lagos,bungalow,3,3,423,no,yes,3000000,16/08/2026,#######
Ojodu Berger,Lagos,self-contain,0,1,,not stated,no,500000,07/08/2026,#######
Lekki Phase 1,Lagos,bungalow,3,2,440,yes,yes,6400000,17/08/2026,#######
Lugbe,Abuja,bungalow,5,5,315,yes,no,5900000,15/08/2026,#######
Apo,Abuja,penthouse,4,5,632,yes,yes,6400000,08/08/2026,#######
Asokoro,Abuja,penthouse,6,7,,no,not stated,14900000,17/08/2026,#######
Dutse,Abuja,flat,5,6,755,yes,no,6000000,14/08/2026,#######
Sangotedo,Lagos,self-contain,0,1,90,yes,not stated,1600000,11/08/2026,#######
Wuse 2,Abuja,mansion,4,5,862,not stated,not stated,17400000,14/08/2026,#######
Ikoyi,Lagos,self-contain,0,1,43,not stated,yes,1700000,11/08/2026,#######
Guzape,Abuja,mansion,4,4,,yes,no,14000000,01/08/2026,#######
Yaba,Lagos,bungalow,1,2,,no,not stated,1400000,01/08/2026,#######
Maryland,Lagos,self-contain,0,1,111,not stated,yes,1300000,09/08/2026,#######
Festac,Lagos,bungalow,2,3,,no,yes,2800000,06/08/2026,#######
Ojodu Berger,Lagos,mansion,4,4,,yes,not stated,6900000,02/08/2026,#######
Lokogoma,Abuja,self-contain,0,1,46,not stated,not stated,1100000,18/08/2026,#######
Festac,Lagos,duplex,4,3,583,not stated,not stated,4100000,12/08/2026,#######
Gbagada,Lagos,penthouse,3,4,,no,not stated,4400000,05/08/2026,#######
Opebi,Lagos,self-contain,0,1,,not stated,yes,0,12/08/2026,#######
Wuse 1,Abuja,terrace,4,3,673,yes,no,4500000,15/08/2026,#######
Wuse 1,Abuja,bungalow,5,5,605,not stated,not stated,6100000,13/08/2026,#######
Ikoyi,Lagos,mansion,3,2,560,no,no,15700000,13/08/2026,#######
Amuwo Odofin,Lagos,self-contain,0,1,82,no,no,-100000,13/08/2026,#######
Dutse,Abuja,duplex,4,5,197,not stated,no,5100000,11/08/2026,#######
Life Camp,Abuja,penthouse,6,5,442,not stated,yes,7100000,09/08/2026,#######
Yaba,Lagos,flat,3,4,615,no,no,4800000,04/08/2026,#######
Garki,Abuja,self-contain,0,1,105,no,yes,1000000,06/08/2026,#######
Yaba,Lagos,mansion,3,3,522,not stated,yes,6400000,06/08/2026,#######
Magodo,Lagos,mansion,4,3,,yes,not stated,10700000,12/08/2026,#######
Maryland,Lagos,mansion,5,4,,no,no,7600000,02/08/2026,#######
Life Camp,Abuja,duplex,2,1,86,yes,not stated,2300000,02/08/2026,#######
Ikoyi,Lagos,penthouse,5,4,,not stated,not stated,11800000,14/08/2026,#######
Gbagada,Lagos,self-contain,0,1,,not stated,yes,600000,02/08/2026,#######
Ikeja,Lagos,terrace,1,1,137,no,no,2300000,07/08/2026,#######
Ikeja GRA,Lagos,bungalow,5,4,783,no,no,6800000,04/08/2026,#######
Life Camp,Abuja,bungalow,5,5,,yes,not stated,5200000,07/08/2026,#######
Maryland,Lagos,duplex,1,1,,no,no,2300000,05/08/2026,#######
Opebi,Lagos,self-contain,0,1,67,yes,yes,1600000,11/08/2026,#######
Maitama,Abuja,bungalow,2,2,49,no,yes,5000000,04/08/2026,#######
Sangotedo,Lagos,flat,5,5,759,no,no,4800000,07/08/2026,#######
Maitama,Abuja,mansion,3,4,,not stated,not stated,16600000,02/08/2026,#######
Ajah,Lagos,penthouse,5,4,623,not stated,not stated,6500000,05/08/2026,#######
Lekki Phase 1,Lagos,duplex,1,2,131,yes,not stated,4500000,10/08/2026,#######
Gbagada,Lagos,mansion,2,2,811,no,not stated,5700000,18/08/2026,#######
Lekki Phase 2,Lagos,penthouse,1,1,,no,not stated,4500000,02/08/2026,#######
Lekki Phase 1,Lagos,mansion,4,5,,yes,no,15700000,07/08/2026,#######
Ikeja,Lagos,terrace,3,2,572,yes,not stated,4500000,03/08/2026,#######
Garki,Abuja,flat,2,1,148,yes,yes,3600000,14/08/2026,#######
Surulere,Lagos,self-contain,0,1,43,yes,yes,500000,09/08/2026,#######
Ikoyi,Lagos,self-contain,0,1,41,not stated,not stated,1500000,07/08/2026,#######
Garki,Abuja,penthouse,3,2,633,not stated,yes,4500000,17/08/2026,#######
Lekki Phase 2,Lagos,mansion,3,4,886,not stated,not stated,7300000,17/08/2026,#######
Wuse 1,Abuja,terrace,4,4,352,not stated,no,4300000,13/08/2026,#######
Maitama,Abuja,flat,3,3,164,no,yes,5800000,09/08/2026,#######
Garki,Abuja,self-contain,0,1,,no,not stated,100000,04/08/2026,#######
Katampe,Abuja,flat,4,3,,not stated,not stated,3800000,13/08/2026,#######
Victoria Island,Lagos,duplex,5,5,799,yes,not stated,7200000,09/08/2026,#######
Ikeja GRA,Lagos,penthouse,3,3,,yes,yes,7000000,11/08/2026,#######
Ikeja,Lagos,self-contain,0,1,107,yes,yes,1100000,13/08/2026,#######
Lekki Phase 1,Lagos,terrace,2,1,129,no,yes,5400000,02/08/2026,#######
Maryland,Lagos,terrace,2,3,,yes,no,2500000,18/08/2026,#######
Wuse 2,Abuja,duplex,3,2,393,not stated,no,5600000,10/08/2026,#######
Festac,Lagos,duplex,4,3,697,not stated,no,4700000,05/08/2026,#######
Mabushi,Abuja,duplex,3,2,243,yes,yes,4400000,02/08/2026,#######
Lekki Phase 2,Lagos,bungalow,2,2,126,yes,yes,3200000,10/08/2026,#######
Apo,Abuja,duplex,1,1,110,not stated,yes,2900000,08/08/2026,#######
Katampe,Abuja,flat,3,2,652,no,not stated,3400000,16/08/2026,#######
Garki,Abuja,self-contain,0,1,,not stated,not stated,1600000,17/08/2026,#######
Ajah,Lagos,penthouse,3,2,,no,yes,4600000,18/08/2026,#######
Katampe,Abuja,bungalow,2,2,113,no,not stated,3100000,02/08/2026,#######
VGC,Lagos,mansion,2,3,1091,not stated,no,9200000,18/08/2026,#######
Wuse 1,Abuja,flat,3,2,596,yes,yes,3600000,17/08/2026,#######
Asokoro,Abuja,flat,4,4,,no,yes,7200000,12/08/2026,#######
Lokogoma,Abuja,self-contain,0,1,64,yes,not stated,0,02/08/2026,#######
Allen,Lagos,bungalow,4,3,,not stated,yes,4300000,11/08/2026,#######
Asokoro,Abuja,penthouse,4,4,,not stated,not stated,11500000,17/08/2026,#######
Mabushi,Abuja,self-contain,0,1,50,yes,no,700000,07/08/2026,#######
Ikeja,Lagos,duplex,3,4,217,not stated,yes,3500000,08/08/2026,#######
Wuse 1,Abuja,mansion,1,1,534,not stated,not stated,4600000,09/08/2026,#######
Lugbe,Abuja,penthouse,3,2,716,yes,yes,5400000,12/08/2026,#######
Mabushi,Abuja,mansion,2,1,907,no,yes,6200000,11/08/2026,#######
Dutse,Abuja,penthouse,1,1,120,no,no,4400000,02/08/2026,#######
Apo,Abuja,terrace,3,3,601,not stated,yes,3300000,11/08/2026,#######
Ikeja GRA,Lagos,mansion,3,4,,no,no,11300000,17/08/2026,#######
Lugbe,Abuja,mansion,5,4,,no,not stated,7900000,15/08/2026,#######
Wuse 1,Abuja,terrace,2,1,,no,no,2500000,18/08/2026,#######
Katampe,Abuja,penthouse,3,2,475,not stated,not stated,4400000,07/08/2026,#######
Apo,Abuja,bungalow,3,2,525,yes,not stated,3700000,13/08/2026,#######
Wuse 1,Abuja,self-contain,0,1,88,no,not stated,1700000,08/08/2026,#######
Lokogoma,Abuja,terrace,4,4,704,not stated,yes,4900000,09/08/2026,#######
Festac,Lagos,flat,4,3,227,no,not stated,4200000,12/08/2026,#######
Wuse 2,Abuja,penthouse,2,3,140,no,yes,10200000,03/08/2026,#######
Surulere,Lagos,penthouse,1,2,,no,yes,4400000,13/08/2026,#######
Lokogoma,Abuja,penthouse,2,1,114,not stated,not stated,5100000,01/08/2026,#######
Ilupeju,Lagos,terrace,4,3,203,yes,yes,5100000,06/08/2026,#######
VGC,Lagos,mansion,4,4,781,yes,yes,11300000,14/08/2026,#######
Mabushi,Abuja,penthouse,5,6,,not stated,yes,7400000,14/08/2026,#######
Apo,Abuja,terrace,1,1,48,yes,not stated,2600000,18/08/2026,#######
Gbagada,Lagos,duplex,2,2,58,not stated,yes,2200000,16/08/2026,#######
Allen,Lagos,duplex,3,4,434,no,yes,4000000,02/08/2026,#######
Ajah,Lagos,duplex,6,5,,no,yes,5500000,03/08/2026,#######
Festac,Lagos,terrace,2,1,,no,not stated,2300000,11/08/2026,#######
Guzape,Abuja,mansion,1,1,522,yes,no,11200000,08/08/2026,#######
Gbagada,Lagos,flat,3,3,505,no,not stated,3700000,03/08/2026,#######
Surulere,Lagos,penthouse,5,4,550,yes,yes,7600000,10/08/2026,#######
Maitama,Abuja,self-contain,0,1,103,yes,yes,1400000,05/08/2026,#######
Jahi,Abuja,self-contain,0,1,141,not stated,yes,1700000,04/08/2026,#######
Katampe,Abuja,duplex,4,3,,no,no,4100000,02/08/2026,#######
Ikeja,Lagos,duplex,3,4,799,no,yes,4700000,15/08/2026,#######
Sangotedo,Lagos,penthouse,2,1,95,not stated,no,3900000,10/08/2026,#######
Sangotedo,Lagos,penthouse,4,4,341,no,yes,6900000,16/08/2026,#######
Ilupeju,Lagos,bungalow,4,5,655,no,not stated,4800000,17/08/2026,#######
Gwarinpa,Abuja,bungalow,2,1,,no,no,4500000,16/08/2026,#######
Lekki Phase 1,Lagos,terrace,4,3,224,yes,no,7500000,07/08/2026,#######
Lokogoma,Abuja,flat,4,3,,no,yes,3800000,03/08/2026,#######
Lekki Phase 2,Lagos,self-contain,0,1,66,not stated,no,700000,11/08/2026,#######
Allen,Lagos,self-contain,0,1,116,yes,yes,1600000,08/08/2026,#######
Ajah,Lagos,terrace,3,2,524,yes,no,4800000,01/08/2026,#######
Wuse 1,Abuja,duplex,3,2,542,not stated,yes,4200000,17/08/2026,#######
Sangotedo,Lagos,bungalow,4,3,640,not stated,no,4000000,05/08/2026,#######
Lugbe,Abuja,bungalow,2,2,103,no,yes,3800000,09/08/2026,#######
Ajah,Lagos,self-contain,0,1,76,yes,no,600000,15/08/2026,#######
Yaba,Lagos,duplex,5,6,,no,not stated,5600000,14/08/2026,#######
Dutse,Abuja,penthouse,2,1,112,yes,no,4900000,14/08/2026,#######
Jahi,Abuja,bungalow,6,7,196,yes,not stated,8200000,03/08/2026,#######
Wuse 2,Abuja,terrace,4,4,563,not stated,no,6900000,04/08/2026,#######
Lekki Phase 1,Lagos,mansion,1,2,859,not stated,yes,12300000,14/08/2026,#######
Mabushi,Abuja,bungalow,2,2,43,no,not stated,4000000,16/08/2026,#######
Asokoro,Abuja,terrace,2,1,47,no,not stated,5700000,05/08/2026,#######
Mabushi,Abuja,flat,1,1,104,not stated,yes,2800000,04/08/2026,#######
Sangotedo,Lagos,self-contain,0,1,130,not stated,yes,100000,14/08/2026,#######
Ajah,Lagos,penthouse,3,4,,no,not stated,4400000,12/08/2026,#######
Lokogoma,Abuja,duplex,2,3,,not stated,yes,3700000,15/08/2026,#######
Maitama,Abuja,mansion,1,1,851,yes,yes,15000000,17/08/2026,#######
Wuse 1,Abuja,flat,2,2,54,not stated,not stated,3100000,12/08/2026,#######
Lokogoma,Abuja,mansion,3,2,,yes,yes,7300000,14/08/2026,#######
Lekki Phase 2,Lagos,bungalow,1,2,,no,no,2700000,04/08/2026,#######
Life Camp,Abuja,penthouse,3,4,188,no,no,4500000,08/08/2026,#######
Festac,Lagos,bungalow,2,2,148,no,not stated,2100000,14/08/2026,#######
Guzape,Abuja,bungalow,5,6,,yes,yes,6900000,18/08/2026,#######
Asokoro,Abuja,duplex,2,2,140,no,no,4800000,15/08/2026,#######
Maitama,Abuja,flat,4,5,562,no,yes,7900000,02/08/2026,#######
Jahi,Abuja,flat,2,3,60,not stated,no,3800000,02/08/2026,#######
Wuse 1,Abuja,penthouse,3,3,,not stated,no,5700000,17/08/2026,#######
Yaba,Lagos,bungalow,3,3,,no,not stated,3900000,18/08/2026,#######
Yaba,Lagos,bungalow,1,1,,yes,not stated,2200000,09/08/2026,#######
Opebi,Lagos,duplex,2,3,,no,yes,2400000,04/08/2026,#######
Gwarinpa,Abuja,penthouse,2,2,115,yes,no,7300000,01/08/2026,#######
Ikeja GRA,Lagos,terrace,2,2,87,no,yes,3600000,18/08/2026,#######
Allen,Lagos,flat,3,4,237,not stated,no,4800000,17/08/2026,#######
Gwarinpa,Abuja,flat,4,4,,no,not stated,6400000,09/08/2026,#######
Mabushi,Abuja,self-contain,0,1,64,yes,no,0,15/08/2026,#######
Dutse,Abuja,self-contain,0,1,48,no,yes,1300000,11/08/2026,#######
Lugbe,Abuja,terrace,2,3,112,yes,no,3300000,01/08/2026,#######
Surulere,Lagos,terrace,4,3,357,no,yes,4800000,04/08/2026,#######
Ikoyi,Lagos,terrace,6,7,649,yes,not stated,7800000,16/08/2026,#######
Jahi,Abuja,bungalow,3,2,607,yes,not stated,6000000,01/08/2026,#######
Katampe,Abuja,mansion,1,1,610,yes,yes,5900000,09/08/2026,#######
Asokoro,Abuja,penthouse,6,7,664,yes,yes,13700000,17/08/2026,#######
Gbagada,Lagos,mansion,2,2,729,no,not stated,5300000,12/08/2026,#######
Lekki Phase 1,Lagos,bungalow,3,2,485,no,yes,5000000,12/08/2026,#######
Wuse 2,Abuja,bungalow,3,4,476,not stated,yes,6400000,16/08/2026,#######
Gwarinpa,Abuja,self-contain,0,1,,not stated,no,2100000,06/08/2026,#######
Ikoyi,Lagos,bungalow,2,2,139,not stated,not stated,4100000,15/08/2026,#######
Ajah,Lagos,self-contain,0,1,,no,not stated,1400000,06/08/2026,#######
Magodo,Lagos,mansion,3,2,777,not stated,not stated,10700000,18/08/2026,#######
Lokogoma,Abuja,flat,5,5,,not stated,yes,4800000,11/08/2026,#######
Magodo,Lagos,flat,3,4,344,not stated,no,4500000,15/08/2026,#######
Jahi,Abuja,bungalow,1,1,,no,yes,3400000,11/08/2026,#######
Allen,Lagos,bungalow,3,3,151,yes,yes,3200000,07/08/2026,#######
Yaba,Lagos,mansion,5,4,,yes,yes,8800000,13/08/2026,#######
Maitama,Abuja,bungalow,3,2,516,no,yes,6600000,04/08/2026,#######
Garki,Abuja,bungalow,1,2,,no,yes,2600000,08/08/2026,#######
Apo,Abuja,flat,3,4,231,yes,not stated,4300000,11/08/2026,#######
Amuwo Odofin,Lagos,flat,5,4,363,not stated,yes,4900000,13/08/2026,#######
Amuwo Odofin,Lagos,mansion,3,2,,not stated,not stated,5900000,10/08/2026,#######
Yaba,Lagos,duplex,2,2,127,no,not stated,3100000,17/08/2026,#######
Allen,Lagos,self-contain,0,1,,no,not stated,400000,06/08/2026,#######
Allen,Lagos,self-contain,0,1,146,yes,yes,1700000,11/08/2026,#######
Allen,Lagos,terrace,4,3,289,yes,no,4400000,12/08/2026,#######
Gwarinpa,Abuja,penthouse,4,5,,no,not stated,10700000,08/08/2026,#######
Ilupeju,Lagos,mansion,2,2,1120,no,no,6600000,08/08/2026,#######
Lugbe,Abuja,flat,3,2,217,not stated,not stated,3800000,05/08/2026,#######
Ilupeju,Lagos,flat,3,4,740,no,yes,3500000,03/08/2026,#######
Katampe,Abuja,penthouse,3,2,253,not stated,yes,6000000,04/08/2026,#######
Ikoyi,Lagos,flat,2,1,133,yes,yes,5900000,16/08/2026,#######
Apo,Abuja,self-contain,0,1,111,yes,yes,400000,07/08/2026,#######
Opebi,Lagos,self-contain,0,1,,yes,yes,-100000,07/08/2026,#######
Ojodu Berger,Lagos,bungalow,2,2,82,yes,no,3500000,05/08/2026,#######
Sangotedo,Lagos,flat,4,3,665,yes,no,4200000,12/08/2026,#######
Lokogoma,Abuja,self-contain,0,1,58,not stated,no,700000,17/08/2026,#######
Yaba,Lagos,duplex,4,5,,yes,not stated,4500000,15/08/2026,#######
Wuse 2,Abuja,duplex,4,4,439,no,yes,6500000,13/08/2026,#######
Magodo,Lagos,terrace,2,1,113,yes,yes,4400000,13/08/2026,#######
Lekki Phase 1,Lagos,penthouse,1,2,,not stated,no,8700000,18/08/2026,#######
Garki,Abuja,self-contain,0,1,,not stated,no,200000,02/08/2026,#######
Apo,Abuja,mansion,3,4,969,not stated,not stated,6000000,01/08/2026,#######
Ilupeju,Lagos,self-contain,0,1,,no,no,1000000,01/08/2026,#######
VGC,Lagos,duplex,3,3,583,not stated,not stated,4100000,01/08/2026,#######
Katampe,Abuja,duplex,4,4,260,yes,no,4100000,03/08/2026,#######
Wuse 1,Abuja,flat,6,5,317,no,no,6700000,06/08/2026,#######
VGC,Lagos,terrace,3,4,410,not stated,yes,4400000,16/08/2026,#######
VGC,Lagos,bungalow,3,3,,yes,no,4300000,14/08/2026,#######
Mabushi,Abuja,bungalow,3,2,154,not stated,not stated,4500000,18/08/2026,#######
Lokogoma,Abuja,duplex,4,4,779,no,yes,4900000,18/08/2026,#######
Amuwo Odofin,Lagos,mansion,4,3,953,not stated,not stated,8400000,10/08/2026,#######
Ikeja GRA,Lagos,self-contain,0,1,41,no,not stated,2000000,12/08/2026,#######
Mabushi,Abuja,duplex,4,5,314,no,not stated,5100000,17/08/2026,#######
Ojodu Berger,Lagos,flat,5,6,,yes,no,4800000,16/08/2026,#######
Lokogoma,Abuja,penthouse,6,5,244,yes,yes,6900000,13/08/2026,#######
Yaba,Lagos,bungalow,3,3,497,yes,no,3300000,17/08/2026,#######
Garki,Abuja,terrace,5,5,670,no,no,6400000,07/08/2026,#######
VGC,Lagos,bungalow,1,1,,not stated,yes,3500000,12/08/2026,#######
Asokoro,Abuja,mansion,3,2,543,yes,not stated,16200000,04/08/2026,#######
Surulere,Lagos,penthouse,3,3,491,no,not stated,5900000,14/08/2026,#######
Wuse 1,Abuja,self-contain,0,1,,no,no,700000,13/08/2026,#######
Mabushi,Abuja,flat,2,2,79,not stated,not stated,2400000,16/08/2026,#######
Ajah,Lagos,bungalow,3,3,,not stated,no,4700000,02/08/2026,#######
Ikeja GRA,Lagos,mansion,4,5,867,no,no,11400000,03/08/2026,#######
Wuse 2,Abuja,bungalow,2,3,93,yes,yes,6200000,11/08/2026,#######
Katampe,Abuja,mansion,6,5,627,yes,not stated,10100000,07/08/2026,#######
Ilupeju,Lagos,mansion,3,4,1022,yes,yes,7500000,09/08/2026,#######
Ikeja GRA,Lagos,penthouse,4,5,618,no,yes,9400000,14/08/2026,#######
Sangotedo,Lagos,bungalow,2,1,,no,not stated,3000000,17/08/2026,#######
Gbagada,Lagos,flat,3,3,300,yes,yes,4600000,05/08/2026,#######
Katampe,Abuja,flat,3,2,551,no,no,4400000,16/08/2026,#######
Maryland,Lagos,terrace,6,5,665,yes,yes,6700000,13/08/2026,#######
Jahi,Abuja,flat,3,4,,no,not stated,6200000,13/08/2026,#######
Jahi,Abuja,mansion,3,2,746,yes,not stated,12300000,02/08/2026,#######
Lekki Phase 2,Lagos,duplex,1,1,51,not stated,yes,3200000,03/08/2026,#######
Maitama,Abuja,duplex,3,3,500,not stated,not stated,6700000,11/08/2026,#######
VGC,Lagos,penthouse,4,4,,no,yes,8000000,09/08/2026,#######
Festac,Lagos,terrace,3,2,373,yes,no,4000000,01/08/2026,#######
Apo,Abuja,terrace,1,1,,no,no,1900000,11/08/2026,#######
Lekki Phase 2,Lagos,mansion,3,4,,not stated,yes,7500000,15/08/2026,#######
VGC,Lagos,bungalow,4,4,767,no,no,6400000,12/08/2026,#######
Asokoro,Abuja,bungalow,1,2,,no,yes,5600000,01/08/2026,#######
Yaba,Lagos,bungalow,4,3,,not stated,not stated,5500000,01/08/2026,#######
Jahi,Abuja,mansion,3,3,1089,not stated,yes,12500000,02/08/2026,#######
Magodo,Lagos,flat,1,1,115,yes,not stated,3400000,17/08/2026,#######
Surulere,Lagos,bungalow,3,2,634,yes,no,4200000,05/08/2026,#######
Gwarinpa,Abuja,bungalow,3,3,,not stated,not stated,5900000,03/08/2026,#######
Sangotedo,Lagos,flat,4,3,211,not stated,no,4600000,18/08/2026,#######
VGC,Lagos,terrace,6,7,658,no,yes,7500000,09/08/2026,#######
Surulere,Lagos,flat,4,5,582,not stated,yes,4300000,08/08/2026,#######
Lekki Phase 1,Lagos,self-contain,0,1,79,yes,not stated,2300000,02/08/2026,#######
Lekki Phase 1,Lagos,mansion,3,3,866,no,no,14000000,02/08/2026,#######
Ikeja,Lagos,terrace,3,2,375,yes,not stated,4300000,02/08/2026,#######
Jahi,Abuja,bungalow,2,2,52,no,no,5200000,10/08/2026,#######
Victoria Island,Lagos,flat,3,3,762,yes,not stated,6400000,08/08/2026,#######
Lokogoma,Abuja,self-contain,0,1,,yes,no,-100000,01/08/2026,#######
Lekki Phase 2,Lagos,mansion,1,1,850,yes,not stated,4900000,11/08/2026,#######
Yaba,Lagos,flat,5,6,792,yes,not stated,6200000,13/08/2026,#######
Maitama,Abuja,self-contain,0,1,80,yes,no,800000,02/08/2026,#######
Guzape,Abuja,penthouse,5,6,,not stated,yes,11400000,12/08/2026,#######
Surulere,Lagos,bungalow,3,2,165,no,yes,3800000,03/08/2026,#######
Victoria Island,Lagos,penthouse,3,3,452,no,yes,11000000,08/08/2026,#######
Ajah,Lagos,mansion,2,2,900,no,not stated,6500000,01/08/2026,#######
Wuse 2,Abuja,self-contain,0,1,136,yes,yes,2200000,14/08/2026,#######
Life Camp,Abuja,terrace,4,5,,yes,yes,4100000,08/08/2026,#######
Mabushi,Abuja,bungalow,1,2,,not stated,yes,1600000,13/08/2026,#######
Garki,Abuja,terrace,5,5,662,not stated,yes,5000000,05/08/2026,#######
Ajah,Lagos,duplex,2,3,57,yes,not stated,3300000,05/08/2026,#######
Life Camp,Abuja,bungalow,4,4,267,yes,yes,4600000,05/08/2026,#######
Lugbe,Abuja,bungalow,3,3,756,yes,no,4200000,07/08/2026,#######
Wuse 2,Abuja,terrace,2,1,136,no,not stated,4800000,01/08/2026,#######
Mabushi,Abuja,terrace,3,3,309,no,yes,4000000,12/08/2026,#######
Mabushi,Abuja,penthouse,2,1,53,yes,yes,4200000,03/08/2026,#######
Magodo,Lagos,flat,3,3,,no,yes,5400000,15/08/2026,#######
Guzape,Abuja,flat,2,2,,not stated,not stated,4200000,01/08/2026,#######
Allen,Lagos,mansion,2,2,1134,no,not stated,6500000,01/08/2026,#######
Surulere,Lagos,terrace,3,2,,not stated,not stated,3700000,10/08/2026,#######
Ikoyi,Lagos,terrace,3,2,397,not stated,yes,5600000,13/08/2026,#######
Maitama,Abuja,bungalow,5,6,440,not stated,yes,8600000,09/08/2026,#######
Gwarinpa,Abuja,mansion,3,3,949,no,yes,12500000,04/08/2026,#######
Opebi,Lagos,penthouse,3,4,233,not stated,not stated,5300000,06/08/2026,#######
Lugbe,Abuja,self-contain,0,1,61,no,yes,400000,16/08/2026,#######
Mabushi,Abuja,mansion,1,1,789,no,yes,6000000,03/08/2026,#######
Maryland,Lagos,mansion,2,1,1076,yes,no,7000000,11/08/2026,#######
Mabushi,Abuja,self-contain,0,1,65,no,not stated,1500000,17/08/2026,#######
Life Camp,Abuja,self-contain,0,1,87,no,not stated,100000,16/08/2026,#######
Apo,Abuja,mansion,2,2,1086,no,yes,5300000,11/08/2026,#######
Mabushi,Abuja,flat,2,3,138,not stated,yes,2700000,15/08/2026,#######
Magodo,Lagos,bungalow,4,3,,no,not stated,5200000,11/08/2026,#######
Wuse 2,Abuja,terrace,2,3,150,yes,yes,5500000,18/08/2026,#######
Allen,Lagos,duplex,3,4,,yes,not stated,4500000,12/08/2026,#######
Dutse,Abuja,mansion,5,4,1056,yes,no,7900000,04/08/2026,#######
Ilupeju,Lagos,flat,2,1,100,not stated,yes,2700000,08/08/2026,#######
Gbagada,Lagos,bungalow,5,4,407,not stated,no,5200000,16/08/2026,#######
Guzape,Abuja,terrace,3,2,304,no,yes,6000000,07/08/2026,#######
Yaba,Lagos,bungalow,2,3,102,yes,no,2500000,07/08/2026,#######
VGC,Lagos,duplex,3,2,616,not stated,not stated,4200000,14/08/2026,#######
Gwarinpa,Abuja,self-contain,0,1,113,not stated,yes,1400000,09/08/2026,#######
Yaba,Lagos,penthouse,2,3,58,yes,no,5100000,14/08/2026,#######
Ikoyi,Lagos,mansion,4,3,797,yes,not stated,14800000,08/08/2026,#######
Dutse,Abuja,penthouse,6,6,256,yes,no,8400000,09/08/2026,#######
Asokoro,Abuja,flat,3,4,780,no,no,6200000,17/08/2026,#######
Maitama,Abuja,penthouse,6,5,370,yes,not stated,13300000,12/08/2026,#######
Ikeja GRA,Lagos,self-contain,0,1,61,yes,no,900000,12/08/2026,#######
Ilupeju,Lagos,mansion,2,3,1183,no,yes,5500000,01/08/2026,#######
Mabushi,Abuja,self-contain,0,1,,not stated,not stated,700000,16/08/2026,#######
Dutse,Abuja,penthouse,1,2,134,not stated,no,4300000,04/08/2026,#######
Jahi,Abuja,bungalow,3,4,727,yes,no,4600000,07/08/2026,#######
Maitama,Abuja,penthouse,2,1,,yes,yes,10000000,09/08/2026,#######
Sangotedo,Lagos,duplex,1,1,130,yes,no,1300000,08/08/2026,#######
Lokogoma,Abuja,penthouse,5,5,151,no,not stated,6300000,05/08/2026,#######
Jahi,Abuja,penthouse,2,2,53,not stated,no,7500000,15/08/2026,#######
Lekki Phase 2,Lagos,mansion,1,1,850,yes,yes,4500000,08/08/2026,#######
Yaba,Lagos,penthouse,3,2,,no,not stated,6300000,17/08/2026,#######
Lugbe,Abuja,terrace,1,1,,not stated,yes,2000000,09/08/2026,#######
Dutse,Abuja,terrace,3,3,777,yes,no,4100000,15/08/2026,#######
Jahi,Abuja,mansion,3,3,,no,no,12400000,09/08/2026,#######
Yaba,Lagos,terrace,2,3,122,yes,yes,2200000,12/08/2026,#######
Asokoro,Abuja,terrace,4,4,757,yes,no,6400000,12/08/2026,#######
Victoria Island,Lagos,penthouse,4,5,,not stated,not stated,11200000,11/08/2026,#######
Gwarinpa,Abuja,penthouse,3,3,,not stated,no,9300000,04/08/2026,#######
Magodo,Lagos,flat,6,7,,yes,no,7000000,17/08/2026,#######
Katampe,Abuja,duplex,4,4,498,no,no,5000000,04/08/2026,#######
Lekki Phase 2,Lagos,mansion,2,3,655,not stated,not stated,6600000,05/08/2026,#######
Mabushi,Abuja,penthouse,4,3,717,yes,yes,6000000,16/08/2026,#######
Surulere,Lagos,flat,3,3,411,no,yes,3900000,18/08/2026,#######
Yaba,Lagos,mansion,1,2,609,yes,yes,5200000,15/08/2026,#######
VGC,Lagos,bungalow,1,1,100,no,yes,3600000,18/08/2026,#######
Guzape,Abuja,duplex,2,2,96,no,not stated,3900000,07/08/2026,#######
Yaba,Lagos,bungalow,1,1,147,no,yes,1700000,14/08/2026,#######
Yaba,Lagos,penthouse,2,2,103,yes,no,5500000,04/08/2026,#######
Mabushi,Abuja,duplex,6,6,,not stated,yes,5700000,08/08/2026,#######
Sangotedo,Lagos,flat,1,1,,yes,no,3200000,16/08/2026,#######
Wuse 2,Abuja,self-contain,0,1,147,yes,yes,2400000,11/08/2026,#######
Victoria Island,Lagos,mansion,3,4,1036,no,not stated,14900000,11/08/2026,#######
Ajah,Lagos,mansion,3,3,1097,yes,yes,7500000,07/08/2026,#######
Gwarinpa,Abuja,mansion,5,5,,no,yes,14700000,17/08/2026,#######
Katampe,Abuja,flat,2,3,,not stated,no,2200000,07/08/2026,#######
Garki,Abuja,penthouse,2,1,54,not stated,no,4900000,05/08/2026,#######
Apo,Abuja,duplex,6,7,751,no,not stated,6600000,13/08/2026,#######
Lugbe,Abuja,bungalow,3,4,357,no,not stated,4000000,04/08/2026,#######
Lugbe,Abuja,bungalow,3,2,709,yes,not stated,3300000,11/08/2026,#######
Garki,Abuja,penthouse,2,3,,no,not stated,5000000,11/08/2026,#######
Surulere,Lagos,bungalow,3,2,593,yes,not stated,4700000,04/08/2026,#######
Ikoyi,Lagos,penthouse,4,3,568,no,not stated,10800000,15/08/2026,#######
Dutse,Abuja,terrace,3,3,697,no,no,3300000,18/08/2026,#######
Ikoyi,Lagos,self-contain,0,1,132,yes,not stated,2200000,10/08/2026,#######
Ikeja,Lagos,bungalow,4,3,,not stated,no,5300000,01/08/2026,#######
Dutse,Abuja,penthouse,3,2,432,not stated,yes,5100000,16/08/2026,#######
Gbagada,Lagos,bungalow,1,1,78,no,no,3100000,13/08/2026,#######
Mabushi,Abuja,mansion,3,3,528,yes,no,7100000,04/08/2026,#######
Dutse,Abuja,flat,3,2,779,yes,yes,3500000,05/08/2026,#######
Ikeja,Lagos,mansion,2,2,629,no,yes,5200000,16/08/2026,#######
Ikeja,Lagos,self-contain,0,1,129,not stated,not stated,500000,13/08/2026,#######
Ajah,Lagos,bungalow,1,2,62,yes,no,1800000,12/08/2026,#######
Ikoyi,Lagos,mansion,3,3,906,not stated,not stated,15400000,03/08/2026,#######
Apo,Abuja,duplex,1,1,,yes,not stated,2900000,18/08/2026,#######
Ojodu Berger,Lagos,flat,2,1,84,not stated,not stated,2400000,08/08/2026,#######
Yaba,Lagos,self-contain,0,1,94,no,no,1300000,12/08/2026,#######
Ojodu Berger,Lagos,penthouse,2,2,51,yes,not stated,5100000,16/08/2026,#######
Jahi,Abuja,bungalow,3,3,750,no,not stated,4600000,15/08/2026,#######
Allen,Lagos,terrace,3,3,781,no,no,3700000,01/08/2026,#######
Wuse 2,Abuja,mansion,2,2,1172,not stated,not stated,16400000,07/08/2026,#######
Gbagada,Lagos,penthouse,5,4,590,yes,yes,7000000,05/08/2026,#######
Opebi,Lagos,duplex,2,1,65,not stated,yes,3500000,05/08/2026,#######
Apo,Abuja,bungalow,5,4,177,not stated,not stated,5800000,07/08/2026,#######
Wuse 2,Abuja,mansion,2,1,,yes,no,16500000,01/08/2026,#######
Dutse,Abuja,duplex,1,2,93,not stated,not stated,2700000,12/08/2026,#######
Jahi,Abuja,duplex,4,3,281,yes,yes,5800000,17/08/2026,#######
Ikeja,Lagos,terrace,3,2,384,not stated,not stated,3900000,11/08/2026,#######
Guzape,Abuja,flat,3,3,629,not stated,not stated,5400000,04/08/2026,#######
Ikeja,Lagos,bungalow,1,1,141,not stated,yes,1500000,03/08/2026,#######
Wuse 1,Abuja,self-contain,0,1,,not stated,no,1200000,08/08/2026,#######
Gwarinpa,Abuja,bungalow,4,3,213,not stated,no,6100000,01/08/2026,#######
Ojodu Berger,Lagos,mansion,2,2,721,not stated,not stated,6300000,14/08/2026,#######
Ikeja,Lagos,terrace,3,3,225,yes,not stated,3100000,02/08/2026,#######
Apo,Abuja,penthouse,5,6,,not stated,not stated,6300000,12/08/2026,#######
Surulere,Lagos,penthouse,2,1,,not stated,no,4200000,03/08/2026,#######
Apo,Abuja,mansion,1,1,704,not stated,yes,5500000,18/08/2026,#######
Yaba,Lagos,bungalow,4,5,720,no,not stated,4600000,18/08/2026,#######
Ajah,Lagos,bungalow,2,3,,no,no,3700000,18/08/2026,#######
Wuse 2,Abuja,terrace,2,1,67,not stated,yes,6000000,10/08/2026,#######
Festac,Lagos,self-contain,0,1,90,no,no,1100000,11/08/2026,#######
Gbagada,Lagos,self-contain,0,1,52,yes,not stated,1700000,10/08/2026,#######
Lugbe,Abuja,bungalow,4,3,167,yes,yes,3800000,17/08/2026,#######
Dutse,Abuja,mansion,2,2,655,no,no,5600000,04/08/2026,#######
Mabushi,Abuja,self-contain,0,1,44,no,yes,1400000,01/08/2026,#######
Opebi,Lagos,duplex,2,3,141,yes,not stated,2800000,04/08/2026,#######
Lokogoma,Abuja,penthouse,3,4,198,not stated,no,6000000,17/08/2026,#######
Yaba,Lagos,penthouse,4,4,658,not stated,yes,6100000,01/08/2026,#######
Ajah,Lagos,penthouse,5,4,653,yes,not stated,6300000,16/08/2026,#######
Surulere,Lagos,bungalow,3,4,324,yes,not stated,3100000,01/08/2026,#######
Ikeja GRA,Lagos,bungalow,1,2,123,not stated,yes,2900000,11/08/2026,#######
Ajah,Lagos,mansion,2,3,,not stated,not stated,6200000,15/08/2026,#######
Ajah,Lagos,self-contain,0,1,66,not stated,not stated,100000,04/08/2026,#######
Lokogoma,Abuja,terrace,4,5,,not stated,yes,5400000,13/08/2026,#######
Gwarinpa,Abuja,terrace,2,2,104,not stated,not stated,4200000,14/08/2026,#######
Sangotedo,Lagos,terrace,4,3,436,no,yes,5500000,14/08/2026,#######
Wuse 1,Abuja,flat,3,2,710,no,not stated,4200000,18/08/2026,#######
Ikeja GRA,Lagos,terrace,3,4,309,not stated,yes,4300000,16/08/2026,#######
Maitama,Abuja,flat,6,5,414,yes,no,8700000,02/08/2026,#######
Jahi,Abuja,penthouse,2,3,,no,yes,8900000,13/08/2026,#######
Lokogoma,Abuja,duplex,4,5,,no,yes,5400000,15/08/2026,#######
Lugbe,Abuja,penthouse,6,7,,not stated,not stated,7000000,06/08/2026,#######
Ajah,Lagos,terrace,3,2,788,yes,not stated,4700000,13/08/2026,#######
Ajah,Lagos,duplex,1,1,72,yes,no,2800000,03/08/2026,#######
Ojodu Berger,Lagos,flat,5,5,656,yes,not stated,5700000,16/08/2026,#######
Jahi,Abuja,flat,3,2,454,yes,no,4700000,13/08/2026,#######
Jahi,Abuja,bungalow,3,2,317,not stated,yes,5000000,10/08/2026,#######
Wuse 2,Abuja,duplex,2,2,42,no,not stated,5300000,10/08/2026,#######
Victoria Island,Lagos,terrace,1,2,66,no,not stated,5200000,01/08/2026,#######
Allen,Lagos,mansion,2,3,663,not stated,no,5600000,16/08/2026,#######
Dutse,Abuja,self-contain,0,1,112,yes,no,1600000,08/08/2026,#######
Ojodu Berger,Lagos,penthouse,3,4,,not stated,no,4500000,06/08/2026,#######
Ikoyi,Lagos,terrace,2,1,138,not stated,yes,4300000,16/08/2026,#######
Sangotedo,Lagos,self-contain,0,1,,yes,not stated,1100000,06/08/2026,#######
Gwarinpa,Abuja,mansion,5,4,711,yes,no,15100000,04/08/2026,#######
Maryland,Lagos,flat,1,1,,not stated,not stated,1400000,17/08/2026,#######
Lugbe,Abuja,flat,3,4,,no,no,2900000,15/08/2026,#######
Yaba,Lagos,duplex,2,1,67,no,no,3900000,13/08/2026,#######
Surulere,Lagos,terrace,4,4,,yes,no,3900000,11/08/2026,#######
Ajah,Lagos,terrace,5,6,,not stated,not stated,5000000,10/08/2026,#######
Wuse 1,Abuja,self-contain,0,1,95,yes,no,-100000,08/08/2026,#######
Ajah,Lagos,duplex,1,1,,not stated,not stated,3200000,01/08/2026,#######
Yaba,Lagos,bungalow,3,3,,no,yes,4700000,09/08/2026,#######
Dutse,Abuja,bungalow,3,3,518,no,not stated,3500000,02/08/2026,#######
Lokogoma,Abuja,flat,5,6,189,no,not stated,4700000,05/08/2026,#######
Ilupeju,Lagos,penthouse,5,4,226,not stated,no,6500000,15/08/2026,#######
Ikeja,Lagos,mansion,3,2,1034,yes,no,7300000,13/08/2026,#######
Asokoro,Abuja,bungalow,3,4,240,not stated,not stated,5800000,04/08/2026,#######
Wuse 2,Abuja,self-contain,0,1,118,not stated,yes,500000,17/08/2026,#######
Lekki Phase 2,Lagos,mansion,5,6,1064,yes,yes,8000000,12/08/2026,#######
Gbagada,Lagos,self-contain,0,1,41,yes,yes,1400000,15/08/2026,#######
Lugbe,Abuja,flat,2,3,77,no,not stated,3900000,01/08/2026,#######
Victoria Island,Lagos,duplex,3,4,,no,not stated,6700000,10/08/2026,#######
Ilupeju,Lagos,self-contain,0,1,148,no,yes,900000,14/08/2026,#######
Ikoyi,Lagos,mansion,3,4,1025,not stated,no,13900000,08/08/2026,#######
Ilupeju,Lagos,penthouse,2,3,57,no,not stated,5300000,07/08/2026,#######
Lekki Phase 2,Lagos,flat,3,4,513,yes,not stated,2900000,16/08/2026,#######
Guzape,Abuja,duplex,4,3,252,no,not stated,6200000,16/08/2026,#######
Asokoro,Abuja,bungalow,2,3,84,not stated,yes,6300000,16/08/2026,#######
Katampe,Abuja,self-contain,0,1,92,no,not stated,700000,10/08/2026,#######
Gwarinpa,Abuja,mansion,2,3,557,not stated,not stated,11100000,16/08/2026,#######
Ojodu Berger,Lagos,penthouse,5,4,,not stated,yes,7100000,04/08/2026,#######
Gwarinpa,Abuja,penthouse,2,3,67,yes,not stated,8200000,04/08/2026,#######
Wuse 2,Abuja,flat,2,2,54,no,yes,5800000,09/08/2026,#######
Gbagada,Lagos,flat,3,4,340,yes,yes,4100000,05/08/2026,#######
Ilupeju,Lagos,terrace,4,3,396,no,not stated,5100000,18/08/2026,#######
Apo,Abuja,terrace,2,2,92,yes,not stated,2100000,13/08/2026,#######
Ikeja,Lagos,mansion,2,3,626,not stated,no,6100000,03/08/2026,#######
Guzape,Abuja,terrace,2,3,102,yes,yes,5000000,02/08/2026,#######
Ojodu Berger,Lagos,duplex,3,3,740,not stated,yes,4300000,11/08/2026,#######
Amuwo Odofin,Lagos,penthouse,5,6,408,no,yes,7100000,04/08/2026,#######
Ikeja GRA,Lagos,flat,2,2,91,not stated,no,4300000,13/08/2026,#######
Katampe,Abuja,flat,3,2,237,yes,not stated,4600000,11/08/2026,#######
Yaba,Lagos,penthouse,6,6,572,not stated,no,6800000,14/08/2026,#######
Life Camp,Abuja,flat,3,3,354,yes,not stated,4200000,14/08/2026,#######
Victoria Island,Lagos,bungalow,4,4,427,not stated,yes,6400000,09/08/2026,#######
Wuse 1,Abuja,mansion,6,6,,no,no,9200000,12/08/2026,#######
Wuse 1,Abuja,mansion,3,4,,not stated,not stated,6200000,16/08/2026,#######
Life Camp,Abuja,bungalow,2,1,54,not stated,not stated,2700000,06/08/2026,#######
Maryland,Lagos,self-contain,0,1,130,yes,no,1700000,08/08/2026,#######
Ikeja GRA,Lagos,bungalow,5,5,,no,no,7300000,16/08/2026,#######
Magodo,Lagos,terrace,1,1,,yes,not stated,3700000,15/08/2026,#######
Gwarinpa,Abuja,self-contain,0,1,,not stated,no,400000,01/08/2026,#######
Wuse 2,Abuja,penthouse,2,2,,not stated,no,11100000,06/08/2026,#######
Jahi,Abuja,duplex,3,3,707,yes,no,5700000,08/08/2026,#######
Ikoyi,Lagos,duplex,1,1,59,yes,yes,4800000,16/08/2026,#######
Lokogoma,Abuja,bungalow,3,3,,yes,yes,4500000,09/08/2026,#######
Katampe,Abuja,flat,3,3,,yes,no,4300000,16/08/2026,#######
Lokogoma,Abuja,terrace,2,1,40,yes,no,2200000,02/08/2026,#######
Victoria Island,Lagos,mansion,5,4,648,no,no,15600000,04/08/2026,#######
Gwarinpa,Abuja,flat,2,1,,yes,not stated,5200000,01/08/2026,#######
Gwarinpa,Abuja,self-contain,0,1,127,no,yes,500000,02/08/2026,#######
VGC,Lagos,mansion,5,5,792,no,not stated,12900000,15/08/2026,#######
Lugbe,Abuja,duplex,4,4,,not stated,yes,4500000,15/08/2026,#######
VGC,Lagos,mansion,4,3,,yes,not stated,12600000,08/08/2026,#######
Ikeja GRA,Lagos,mansion,2,1,1038,no,no,9100000,03/08/2026,#######
Apo,Abuja,penthouse,2,3,147,no,not stated,5200000,05/08/2026,#######
Ikeja,Lagos,terrace,3,2,225,not stated,not stated,3400000,02/08/2026,#######
Maitama,Abuja,self-contain,0,1,77,not stated,no,1900000,10/08/2026,#######
Ikeja,Lagos,penthouse,1,2,59,yes,no,4000000,03/08/2026,#######
Sangotedo,Lagos,flat,2,2,105,no,no,2600000,17/08/2026,#######
Wuse 2,Abuja,self-contain,0,1,114,not stated,not stated,2500000,13/08/2026,#######
Dutse,Abuja,bungalow,5,6,233,no,not stated,5900000,09/08/2026,#######
Festac,Lagos,terrace,4,3,,yes,yes,5600000,05/08/2026,#######
Sangotedo,Lagos,penthouse,1,1,,no,not stated,4700000,01/08/2026,#######
Maitama,Abuja,terrace,2,2,127,not stated,not stated,4700000,04/08/2026,#######
Lokogoma,Abuja,terrace,6,5,,yes,not stated,5800000,08/08/2026,#######
Lekki Phase 2,Lagos,bungalow,3,3,,no,yes,2900000,04/08/2026,#######
Maryland,Lagos,self-contain,0,1,150,not stated,no,700000,15/08/2026,#######
VGC,Lagos,mansion,5,6,,no,not stated,11900000,13/08/2026,#######
Ilupeju,Lagos,self-contain,0,1,106,not stated,no,1500000,10/08/2026,#######
Dutse,Abuja,duplex,2,2,126,yes,yes,2800000,11/08/2026,#######
Festac,Lagos,terrace,3,2,,not stated,no,3600000,13/08/2026,#######
Magodo,Lagos,mansion,4,4,830,yes,not stated,11900000,12/08/2026,#######
Mabushi,Abuja,duplex,2,3,45,not stated,yes,3000000,16/08/2026,#######
Asokoro,Abuja,self-contain,0,1,68,yes,not stated,2400000,12/08/2026,#######
Festac,Lagos,flat,6,5,574,no,yes,5900000,11/08/2026,#######
Ikeja GRA,Lagos,terrace,5,5,316,not stated,no,5700000,03/08/2026,#######
Maitama,Abuja,terrace,3,3,715,not stated,yes,6400000,10/08/2026,#######
Ikeja GRA,Lagos,self-contain,0,1,71,no,not stated,1600000,08/08/2026,#######
VGC,Lagos,self-contain,0,1,108,yes,no,1600000,07/08/2026,#######
Ikeja GRA,Lagos,bungalow,5,5,447,not stated,yes,6400000,08/08/2026,#######
Ikoyi,Lagos,self-contain,0,1,53,not stated,not stated,600000,15/08/2026,#######
Wuse 2,Abuja,self-contain,0,1,58,not stated,yes,2000000,08/08/2026,#######
Ilupeju,Lagos,duplex,3,4,267,yes,yes,3900000,12/08/2026,#######
Surulere,Lagos,self-contain,0,1,45,no,yes,1200000,10/08/2026,#######
Guzape,Abuja,flat,2,2,98,no,yes,5500000,04/08/2026,#######
Dutse,Abuja,penthouse,3,3,,yes,no,6100000,01/08/2026,#######
Lugbe,Abuja,self-contain,0,1,102,not stated,yes,-100000,06/08/2026,#######
Garki,Abuja,bungalow,1,2,45,no,not stated,2000000,05/08/2026,#######
Katampe,Abuja,duplex,3,2,720,yes,not stated,4600000,14/08/2026,#######
Maitama,Abuja,penthouse,4,3,324,yes,not stated,12900000,08/08/2026,#######
Asokoro,Abuja,penthouse,5,6,,yes,not stated,13300000,05/08/2026,#######
Lekki Phase 1,Lagos,terrace,4,5,,not stated,no,7500000,08/08/2026,#######
Ilupeju,Lagos,mansion,4,5,706,no,no,7100000,03/08/2026,#######
Gwarinpa,Abuja,flat,1,2,,yes,no,3500000,02/08/2026,#######
Jahi,Abuja,terrace,2,2,58,not stated,not stated,4600000,13/08/2026,#######
Katampe,Abuja,flat,6,5,729,no,not stated,6900000,05/08/2026,#######
Opebi,Lagos,flat,3,4,,yes,no,3300000,11/08/2026,#######
Maryland,Lagos,mansion,4,5,624,yes,not stated,7700000,08/08/2026,#######
Gbagada,Lagos,self-contain,0,1,43,no,no,500000,01/08/2026,#######
Guzape,Abuja,penthouse,4,3,,not stated,no,10400000,15/08/2026,#######
Maitama,Abuja,mansion,1,2,730,not stated,yes,16000000,11/08/2026,#######
Yaba,Lagos,mansion,4,3,905,not stated,not stated,7200000,10/08/2026,#######
Allen,Lagos,mansion,2,1,,no,not stated,6000000,18/08/2026,#######
Mabushi,Abuja,flat,2,1,,no,yes,3400000,04/08/2026,#######
Garki,Abuja,self-contain,0,1,84,not stated,not stated,1200000,10/08/2026,#######
Amuwo Odofin,Lagos,mansion,3,3,793,not stated,no,7800000,11/08/2026,#######
Surulere,Lagos,penthouse,1,1,77,no,not stated,2800000,13/08/2026,#######
Allen,Lagos,self-contain,0,1,135,yes,no,1200000,10/08/2026,#######
Ojodu Berger,Lagos,terrace,3,2,504,no,not stated,3700000,01/08/2026,#######
Katampe,Abuja,bungalow,5,6,320,not stated,no,5000000,03/08/2026,#######
Ikeja GRA,Lagos,penthouse,6,5,,no,yes,9300000,10/08/2026,#######
Ikoyi,Lagos,duplex,1,1,84,no,yes,5000000,14/08/2026,#######
Ikeja GRA,Lagos,duplex,5,6,703,yes,yes,6100000,15/08/2026,#######
Katampe,Abuja,terrace,2,1,53,not stated,no,2300000,10/08/2026,#######
Ajah,Lagos,mansion,2,3,,not stated,yes,6600000,14/08/2026,#######
Maryland,Lagos,penthouse,3,2,757,no,no,5000000,11/08/2026,#######
Festac,Lagos,penthouse,4,5,,no,yes,5500000,02/08/2026,#######
Ojodu Berger,Lagos,mansion,2,2,,no,no,6300000,07/08/2026,#######
Ojodu Berger,Lagos,self-contain,0,1,143,not stated,not stated,600000,01/08/2026,#######
Amuwo Odofin,Lagos,self-contain,0,1,62,yes,not stated,200000,10/08/2026,#######
Jahi,Abuja,penthouse,2,3,141,no,no,7600000,05/08/2026,#######
Victoria Island,Lagos,penthouse,5,5,572,not stated,yes,11700000,18/08/2026,#######
Opebi,Lagos,penthouse,3,2,576,yes,not stated,6100000,11/08/2026,#######
Surulere,Lagos,mansion,1,1,658,yes,no,6100000,04/08/2026,#######
Life Camp,Abuja,flat,1,1,101,yes,no,2600000,12/08/2026,#######
Ajah,Lagos,duplex,1,2,149,yes,no,2100000,04/08/2026,#######
Dutse,Abuja,bungalow,5,5,439,no,yes,4800000,16/08/2026,#######
Sangotedo,Lagos,mansion,6,6,997,yes,no,9200000,08/08/2026,#######
Lugbe,Abuja,self-contain,0,1,115,not stated,no,1400000,11/08/2026,#######
Ojodu Berger,Lagos,bungalow,2,3,114,not stated,yes,2700000,14/08/2026,#######
Gwarinpa,Abuja,duplex,3,4,,not stated,no,6100000,12/08/2026,#######
Katampe,Abuja,terrace,2,1,134,no,not stated,3900000,16/08/2026,#######
Lugbe,Abuja,flat,2,2,56,not stated,not stated,2400000,07/08/2026,#######
Katampe,Abuja,terrace,2,2,,not stated,not stated,3200000,13/08/2026,#######
Katampe,Abuja,terrace,3,2,207,not stated,yes,4400000,11/08/2026,#######
Wuse 1,Abuja,duplex,3,2,426,not stated,yes,4400000,13/08/2026,#######
Asokoro,Abuja,flat,1,1,71,yes,no,4200000,15/08/2026,#######
Life Camp,Abuja,penthouse,3,3,225,yes,no,5400000,03/08/2026,#######
Ikeja GRA,Lagos,mansion,4,5,580,yes,no,11000000,13/08/2026,#######
Victoria Island,Lagos,penthouse,6,7,328,no,not stated,12300000,01/08/2026,#######
Maitama,Abuja,self-contain,0,1,110,not stated,yes,1000000,16/08/2026,#######
Ikeja GRA,Lagos,self-contain,0,1,,not stated,yes,1400000,06/08/2026,#######
Lugbe,Abuja,duplex,1,1,75,yes,no,1900000,18/08/2026,#######
Garki,Abuja,duplex,4,5,,not stated,no,4200000,04/08/2026,#######
Opebi,Lagos,self-contain,0,1,,no,no,1600000,10/08/2026,#######
Wuse 1,Abuja,terrace,2,2,,no,yes,2900000,18/08/2026,#######
Garki,Abuja,bungalow,2,1,133,no,no,2400000,16/08/2026,#######
Lokogoma,Abuja,duplex,3,2,443,yes,not stated,4100000,18/08/2026,#######
Dutse,Abuja,bungalow,3,3,687,no,not stated,3400000,09/08/2026,#######
Gbagada,Lagos,flat,6,7,265,yes,not stated,6000000,03/08/2026,#######
Opebi,Lagos,flat,2,2,48,yes,not stated,3900000,09/08/2026,#######
Ojodu Berger,Lagos,flat,6,6,,yes,yes,6200000,03/08/2026,#######
Asokoro,Abuja,mansion,1,1,910,no,no,15100000,04/08/2026,#######
Ikeja GRA,Lagos,bungalow,5,5,,yes,no,7300000,13/08/2026,#######
Gwarinpa,Abuja,terrace,3,4,379,no,not stated,5900000,14/08/2026,#######
Opebi,Lagos,mansion,2,2,1064,no,no,6100000,05/08/2026,#######
Apo,Abuja,penthouse,3,2,252,no,not stated,5900000,12/08/2026,#######
Wuse 2,Abuja,penthouse,2,2,,not stated,no,11200000,05/08/2026,#######
Amuwo Odofin,Lagos,terrace,2,1,145,no,no,2400000,15/08/2026,#######
Ajah,Lagos,mansion,2,3,796,yes,no,5300000,09/08/2026,#######
Mabushi,Abuja,mansion,5,6,,not stated,not stated,8400000,06/08/2026,#######
Apo,Abuja,bungalow,3,2,571,yes,not stated,4000000,17/08/2026,#######
Yaba,Lagos,duplex,2,1,92,yes,not stated,3700000,18/08/2026,#######
Wuse 1,Abuja,bungalow,2,3,59,not stated,not stated,4000000,05/08/2026,#######
Amuwo Odofin,Lagos,self-contain,0,1,110,yes,no,-100000,02/08/2026,#######
Yaba,Lagos,penthouse,4,3,707,no,yes,5800000,15/08/2026,#######
Opebi,Lagos,terrace,2,1,128,not stated,not stated,2500000,17/08/2026,#######
Ikeja,Lagos,self-contain,0,1,96,not stated,no,800000,15/08/2026,#######
Apo,Abuja,bungalow,6,5,191,no,not stated,6800000,02/08/2026,#######
Magodo,Lagos,mansion,3,2,539,yes,yes,11700000,14/08/2026,#######
Surulere,Lagos,flat,2,1,144,not stated,not stated,3700000,12/08/2026,#######
Ikoyi,Lagos,bungalow,6,7,732,not stated,not stated,8400000,03/08/2026,#######
Victoria Island,Lagos,terrace,5,6,,no,yes,8300000,09/08/2026,#######
Katampe,Abuja,penthouse,4,4,798,not stated,no,6200000,11/08/2026,#######
Wuse 2,Abuja,flat,6,7,,yes,yes,9500000,14/08/2026,#######
Ilupeju,Lagos,bungalow,4,4,,yes,not stated,5600000,04/08/2026,#######
Gwarinpa,Abuja,mansion,4,5,,yes,not stated,14100000,15/08/2026,#######
Lekki Phase 2,Lagos,flat,2,3,140,no,yes,2200000,04/08/2026,#######
Lekki Phase 1,Lagos,flat,2,2,,not stated,no,5800000,14/08/2026,#######
Ikeja,Lagos,bungalow,3,4,,no,not stated,4500000,16/08/2026,#######
Gwarinpa,Abuja,duplex,2,1,145,no,not stated,5000000,07/08/2026,#######
Ikeja GRA,Lagos,terrace,1,2,,yes,not stated,3400000,07/08/2026,#######
Yaba,Lagos,duplex,1,2,71,yes,no,2700000,15/08/2026,#######
Apo,Abuja,mansion,1,1,540,yes,yes,5200000,01/08/2026,#######
Allen,Lagos,bungalow,3,2,,not stated,yes,3100000,04/08/2026,#######
Lekki Phase 1,Lagos,terrace,2,2,110,yes,not stated,5900000,13/08/2026,#######
Amuwo Odofin,Lagos,flat,5,5,673,no,yes,5900000,14/08/2026,#######
Yaba,Lagos,duplex,1,2,116,yes,yes,1600000,03/08/2026,#######
Gwarinpa,Abuja,flat,2,3,,not stated,yes,5500000,10/08/2026,#######
Guzape,Abuja,self-contain,0,1,85,yes,yes,1900000,14/08/2026,#######
Dutse,Abuja,self-contain,0,1,129,not stated,not stated,500000,05/08/2026,#######
Lugbe,Abuja,mansion,2,3,840,yes,no,6000000,12/08/2026,#######
Allen,Lagos,penthouse,2,3,66,yes,not stated,5500000,18/08/2026,#######
Jahi,Abuja,terrace,3,3,604,not stated,yes,5800000,03/08/2026,#######
Lokogoma,Abuja,terrace,4,5,188,no,yes,4500000,05/08/2026,#######
Lokogoma,Abuja,terrace,2,1,109,no,not stated,2100000,12/08/2026,#######
Ikoyi,Lagos,penthouse,2,1,,yes,yes,9900000,15/08/2026,#######
Ikeja GRA,Lagos,duplex,1,2,,yes,yes,3500000,08/08/2026,#######
Festac,Lagos,terrace,4,5,770,yes,no,4800000,07/08/2026,#######
Sangotedo,Lagos,bungalow,2,1,108,no,not stated,3400000,08/08/2026,#######
Ikoyi,Lagos,self-contain,0,1,147,no,yes,1600000,16/08/2026,#######
Lugbe,Abuja,bungalow,3,3,274,yes,yes,4800000,05/08/2026,#######
Guzape,Abuja,mansion,3,2,756,no,no,12400000,12/08/2026,#######
Gwarinpa,Abuja,duplex,2,3,,yes,yes,4800000,16/08/2026,#######
Yaba,Lagos,bungalow,3,3,606,no,yes,3300000,14/08/2026,#######
Life Camp,Abuja,bungalow,2,3,126,not stated,yes,3100000,09/08/2026,#######
Lokogoma,Abuja,bungalow,3,3,665,not stated,no,2900000,14/08/2026,#######
Wuse 2,Abuja,bungalow,3,2,665,no,not stated,5800000,08/08/2026,#######
Gwarinpa,Abuja,penthouse,3,4,414,not stated,not stated,9000000,08/08/2026,#######
Yaba,Lagos,self-contain,0,1,47,yes,not stated,400000,04/08/2026,#######
Maitama,Abuja,duplex,3,4,572,yes,yes,6800000,05/08/2026,#######
Ikoyi,Lagos,terrace,3,4,609,not stated,no,5200000,06/08/2026,#######
Lokogoma,Abuja,mansion,3,2,793,not stated,yes,6200000,05/08/2026,#######
Amuwo Odofin,Lagos,terrace,4,5,734,no,no,5400000,13/08/2026,#######
Asokoro,Abuja,duplex,6,5,303,yes,no,7900000,08/08/2026,#######
Yaba,Lagos,flat,2,1,,yes,no,3900000,07/08/2026,#######
Ajah,Lagos,self-contain,0,1,86,no,yes,1000000,01/08/2026,#######
Surulere,Lagos,flat,3,2,,yes,yes,4800000,07/08/2026,#######
Gwarinpa,Abuja,terrace,1,1,86,yes,not stated,3500000,06/08/2026,#######
Wuse 2,Abuja,terrace,5,6,412,not stated,yes,7200000,16/08/2026,#######
Life Camp,Abuja,bungalow,1,2,85,no,no,1300000,05/08/2026,#######
Asokoro,Abuja,self-contain,0,1,45,no,yes,2300000,18/08/2026,#######
Life Camp,Abuja,terrace,2,1,107,no,yes,2500000,01/08/2026,#######
Ikoyi,Lagos,self-contain,0,1,80,no,not stated,1200000,04/08/2026,#######
Ikeja GRA,Lagos,duplex,2,3,141,not stated,not stated,3800000,14/08/2026,#######
Festac,Lagos,penthouse,2,3,81,yes,no,4500000,04/08/2026,#######
Maitama,Abuja,self-contain,0,1,102,not stated,not stated,2100000,02/08/2026,#######
Ojodu Berger,Lagos,duplex,4,3,378,not stated,yes,4400000,04/08/2026,#######
Ajah,Lagos,duplex,4,4,179,yes,yes,4400000,05/08/2026,#######
Ikeja,Lagos,penthouse,3,3,,not stated,no,6300000,13/08/2026,#######
Victoria Island,Lagos,terrace,4,3,197,no,no,7600000,05/08/2026,#######
Mabushi,Abuja,flat,3,2,653,yes,yes,4000000,15/08/2026,#######
Jahi,Abuja,flat,2,1,,yes,yes,4400000,12/08/2026,#######
Festac,Lagos,terrace,2,2,79,not stated,yes,4000000,15/08/2026,#######
Victoria Island,Lagos,penthouse,1,2,52,not stated,yes,8100000,15/08/2026,#######
Ikoyi,Lagos,penthouse,3,3,346,no,yes,9700000,01/08/2026,#######
Allen,Lagos,terrace,1,2,,yes,yes,2100000,08/08/2026,#######
Ajah,Lagos,bungalow,2,2,122,not stated,yes,4000000,15/08/2026,#######
Jahi,Abuja,duplex,3,4,719,no,not stated,6100000,01/08/2026,#######
Maryland,Lagos,penthouse,3,3,,yes,no,6200000,03/08/2026,#######
Ilupeju,Lagos,self-contain,0,1,40,no,not stated,0,05/08/2026,#######
Gwarinpa,Abuja,terrace,3,2,524,not stated,not stated,5100000,08/08/2026,#######
Ikeja,Lagos,bungalow,3,3,,not stated,not stated,4200000,10/08/2026,#######
Ajah,Lagos,bungalow,3,2,352,yes,yes,4500000,05/08/2026,#######
Opebi,Lagos,flat,2,2,147,no,yes,3100000,18/08/2026,#######
Jahi,Abuja,terrace,1,2,132,yes,yes,3400000,07/08/2026,#######
Ikoyi,Lagos,self-contain,0,1,96,yes,not stated,700000,05/08/2026,#######
Wuse 2,Abuja,flat,4,5,695,no,no,7200000,15/08/2026,#######
Ojodu Berger,Lagos,penthouse,3,3,272,yes,no,5000000,11/08/2026,#######
Garki,Abuja,duplex,5,4,689,yes,not stated,4700000,18/08/2026,#######
Apo,Abuja,flat,2,1,124,yes,not stated,3200000,05/08/2026,#######
Gwarinpa,Abuja,mansion,2,3,,not stated,no,11600000,13/08/2026,#######
Ilupeju,Lagos,bungalow,1,1,147,yes,no,3000000,17/08/2026,#######
Apo,Abuja,terrace,3,4,678,yes,no,3400000,17/08/2026,#######
Life Camp,Abuja,duplex,3,2,,no,yes,4700000,13/08/2026,#######
Amuwo Odofin,Lagos,terrace,5,5,,yes,yes,5300000,06/08/2026,#######
Life Camp,Abuja,terrace,1,1,99,yes,no,2600000,13/08/2026,#######
Apo,Abuja,mansion,3,4,1103,yes,not stated,6700000,11/08/2026,#######
VGC,Lagos,flat,2,3,104,no,no,4400000,15/08/2026,#######
Amuwo Odofin,Lagos,penthouse,5,6,234,no,no,6000000,14/08/2026,#######
Maryland,Lagos,terrace,2,3,93,yes,not stated,3700000,18/08/2026,#######
Guzape,Abuja,bungalow,2,1,,no,no,4300000,18/08/2026,#######
Lekki Phase 2,Lagos,penthouse,3,4,,not stated,yes,4900000,15/08/2026,#######
Yaba,Lagos,mansion,5,5,980,yes,not stated,8800000,17/08/2026,#######
Festac,Lagos,bungalow,3,2,644,yes,no,4500000,04/08/2026,#######
Sangotedo,Lagos,duplex,4,4,781,not stated,no,3800000,10/08/2026,#######
Amuwo Odofin,Lagos,self-contain,0,1,122,not stated,no,400000,06/08/2026,#######
Ajah,Lagos,mansion,2,2,1141,not stated,not stated,6800000,02/08/2026,#######
Maryland,Lagos,penthouse,4,4,524,not stated,not stated,6300000,07/08/2026,#######
Ilupeju,Lagos,duplex,1,1,62,not stated,no,2400000,06/08/2026,#######
Maitama,Abuja,terrace,2,3,65,yes,yes,5800000,10/08/2026,#######
Lugbe,Abuja,bungalow,3,4,,yes,no,3600000,14/08/2026,#######
Dutse,Abuja,bungalow,1,1,91,yes,not stated,1700000,13/08/2026,#######
Maitama,Abuja,mansion,3,2,,yes,yes,17000000,06/08/2026,#######
Lokogoma,Abuja,self-contain,0,1,,yes,yes,1600000,04/08/2026,#######
Guzape,Abuja,terrace,4,5,186,no,yes,5200000,03/08/2026,#######
Sangotedo,Lagos,terrace,3,4,,no,not stated,4000000,09/08/2026,#######
Life Camp,Abuja,penthouse,4,3,,no,not stated,6300000,11/08/2026,#######
Mabushi,Abuja,self-contain,0,1,129,no,no,1400000,13/08/2026,#######
Ojodu Berger,Lagos,bungalow,2,1,,yes,not stated,2300000,08/08/2026,#######
Guzape,Abuja,terrace,4,4,716,yes,no,6300000,13/08/2026,#######
Lugbe,Abuja,mansion,2,1,629,not stated,no,5900000,18/08/2026,#######
Guzape,Abuja,terrace,1,2,,not stated,yes,3200000,11/08/2026,#######
Lugbe,Abuja,bungalow,1,1,61,yes,yes,1400000,06/08/2026,#######
Guzape,Abuja,penthouse,3,2,,no,yes,8700000,15/08/2026,#######
Victoria Island,Lagos,mansion,2,1,788,no,yes,13500000,08/08/2026,#######
Wuse 2,Abuja,bungalow,2,1,119,not stated,not stated,6000000,04/08/2026,#######
Garki,Abuja,duplex,3,3,486,not stated,yes,4800000,15/08/2026,#######
Opebi,Lagos,penthouse,1,1,52,not stated,yes,3300000,11/08/2026,#######
Mabushi,Abuja,mansion,4,5,1179,not stated,yes,7800000,17/08/2026,#######
VGC,Lagos,terrace,6,6,590,no,yes,7400000,12/08/2026,#######
Ikeja,Lagos,duplex,1,1,63,yes,no,2400000,18/08/2026,#######
Maryland,Lagos,self-contain,0,1,95,not stated,no,600000,18/08/2026,#######
Wuse 1,Abuja,bungalow,4,5,,yes,no,5000000,04/08/2026,#######
Lugbe,Abuja,bungalow,4,5,579,no,not stated,4900000,01/08/2026,#######
Gbagada,Lagos,bungalow,4,3,323,no,no,5200000,03/08/2026,#######
Garki,Abuja,bungalow,2,1,92,yes,no,3400000,08/08/2026,#######
Ikoyi,Lagos,bungalow,5,6,572,yes,yes,8100000,11/08/2026,#######
Wuse 1,Abuja,penthouse,1,1,50,no,yes,4000000,11/08/2026,#######
Maryland,Lagos,penthouse,3,2,290,yes,no,5600000,02/08/2026,#######
Life Camp,Abuja,penthouse,5,4,234,yes,not stated,6700000,15/08/2026,#######
Lekki Phase 1,Lagos,mansion,4,4,,yes,yes,16200000,03/08/2026,#######
Wuse 2,Abuja,terrace,6,5,716,not stated,not stated,8300000,10/08/2026,#######
Dutse,Abuja,duplex,1,2,144,yes,no,2700000,18/08/2026,#######
Ikeja GRA,Lagos,flat,3,3,699,no,yes,4200000,06/08/2026,#######
Lugbe,Abuja,duplex,3,2,462,not stated,not stated,3800000,02/08/2026,#######
Guzape,Abuja,flat,3,3,169,not stated,not stated,5200000,07/08/2026,#######
Ajah,Lagos,self-contain,0,1,,yes,not stated,600000,12/08/2026,#######
Wuse 2,Abuja,bungalow,2,3,92,no,yes,5300000,17/08/2026,#######
Ikoyi,Lagos,terrace,4,3,,not stated,yes,6800000,07/08/2026,#######
Garki,Abuja,flat,2,3,,not stated,not stated,2300000,14/08/2026,#######
Maitama,Abuja,mansion,3,4,,yes,yes,17700000,08/08/2026,#######
Ajah,Lagos,penthouse,4,5,319,not stated,not stated,6500000,10/08/2026,#######
Ojodu Berger,Lagos,self-contain,0,1,133,not stated,no,0,06/08/2026,#######
Opebi,Lagos,bungalow,2,1,,not stated,yes,4000000,04/08/2026,#######
Ikeja,Lagos,penthouse,2,3,,not stated,no,3700000,13/08/2026,#######
Gbagada,Lagos,mansion,3,3,927,yes,not stated,7200000,14/08/2026,#######
Dutse,Abuja,penthouse,3,2,,no,no,6200000,08/08/2026,#######
Allen,Lagos,penthouse,5,5,179,no,not stated,6500000,02/08/2026,#######
Magodo,Lagos,mansion,6,5,856,not stated,yes,13000000,01/08/2026,#######
Maryland,Lagos,penthouse,3,2,306,yes,yes,5200000,05/08/2026,#######
Dutse,Abuja,self-contain,0,1,64,not stated,yes,900000,16/08/2026,#######
Life Camp,Abuja,terrace,3,3,,not stated,not stated,4800000,15/08/2026,#######
Magodo,Lagos,penthouse,2,2,,no,not stated,7600000,04/08/2026,#######
Ikeja GRA,Lagos,bungalow,3,2,180,not stated,not stated,4200000,10/08/2026,#######
Maryland,Lagos,duplex,4,4,376,yes,not stated,4600000,14/08/2026,#######
Opebi,Lagos,terrace,4,3,,yes,not stated,5400000,07/08/2026,#######
Opebi,Lagos,self-contain,0,1,,not stated,no,-100000,05/08/2026,#######
Lugbe,Abuja,penthouse,3,4,,no,no,4600000,14/08/2026,#######
Opebi,Lagos,penthouse,2,2,,no,yes,5000000,09/08/2026,#######
Lekki Phase 1,Lagos,bungalow,1,1,,no,yes,5000000,01/08/2026,#######
Gwarinpa,Abuja,penthouse,3,2,327,not stated,not stated,10000000,13/08/2026,#######
Life Camp,Abuja,duplex,2,2,94,not stated,yes,3700000,09/08/2026,#######
Wuse 2,Abuja,flat,2,3,108,not stated,not stated,5500000,13/08/2026,#######
Garki,Abuja,terrace,4,5,,yes,yes,4100000,05/08/2026,#######
Ikeja GRA,Lagos,terrace,2,2,67,yes,not stated,3400000,04/08/2026,#######
Ikeja GRA,Lagos,flat,3,3,207,yes,not stated,5500000,18/08/2026,#######
Amuwo Odofin,Lagos,flat,6,7,,yes,no,7100000,02/08/2026,#######
Guzape,Abuja,flat,2,1,105,yes,not stated,5200000,17/08/2026,#######
Asokoro,Abuja,terrace,5,5,,not stated,yes,7800000,07/08/2026,#######
Lugbe,Abuja,penthouse,4,4,638,yes,yes,5900000,04/08/2026,#######
Lekki Phase 1,Lagos,bungalow,3,2,486,not stated,not stated,6700000,06/08/2026,#######
Ajah,Lagos,penthouse,3,4,516,no,yes,5300000,11/08/2026,#######
Ajah,Lagos,self-contain,0,1,138,no,no,400000,12/08/2026,#######
Ikoyi,Lagos,duplex,2,3,,yes,yes,5300000,16/08/2026,#######
Asokoro,Abuja,terrace,6,7,572,no,not stated,8100000,18/08/2026,#######
Life Camp,Abuja,duplex,2,2,68,no,no,3000000,04/08/2026,#######
Ojodu Berger,Lagos,self-contain,0,1,,yes,yes,-100000,16/08/2026,#######
Ikeja,Lagos,terrace,2,3,55,not stated,not stated,3800000,14/08/2026,#######
Maitama,Abuja,duplex,3,2,406,yes,yes,5600000,12/08/2026,#######
Lekki Phase 1,Lagos,duplex,5,4,529,yes,no,7400000,14/08/2026,#######
Apo,Abuja,flat,3,4,,no,not stated,4300000,04/08/2026,#######
Festac,Lagos,self-contain,0,1,45,yes,not stated,1300000,06/08/2026,#######
Surulere,Lagos,flat,3,2,,yes,no,3300000,06/08/2026,#######
Apo,Abuja,bungalow,2,1,56,not stated,yes,2300000,18/08/2026,#######
Ajah,Lagos,flat,2,2,,not stated,yes,3500000,17/08/2026,#######
Ilupeju,Lagos,flat,3,2,,yes,not stated,4500000,13/08/2026,#######
Ikeja,Lagos,duplex,6,7,719,no,yes,7200000,15/08/2026,#######
Jahi,Abuja,flat,2,1,70,no,not stated,4100000,05/08/2026,#######
Sangotedo,Lagos,duplex,6,7,584,yes,yes,5500000,10/08/2026,#######
Lokogoma,Abuja,self-contain,0,1,124,no,no,600000,16/08/2026,#######
Lugbe,Abuja,bungalow,4,4,276,yes,no,4800000,15/08/2026,#######
Magodo,Lagos,terrace,4,3,501,yes,not stated,5800000,07/08/2026,#######
Guzape,Abuja,terrace,5,6,722,yes,no,7200000,17/08/2026,#######
Lokogoma,Abuja,flat,3,3,716,not stated,not stated,3900000,09/08/2026,#######
Life Camp,Abuja,self-contain,0,1,113,not stated,yes,-100000,05/08/2026,#######
Wuse 2,Abuja,penthouse,3,3,,no,no,11400000,12/08/2026,#######
Lekki Phase 2,Lagos,duplex,4,4,454,yes,no,5200000,05/08/2026,#######
Amuwo Odofin,Lagos,mansion,6,7,,not stated,no,9100000,16/08/2026,#######
Ikeja,Lagos,mansion,5,6,,yes,no,8500000,10/08/2026,#######
Gwarinpa,Abuja,self-contain,0,1,101,no,not stated,1700000,16/08/2026,#######
Magodo,Lagos,mansion,2,2,,yes,yes,10300000,10/08/2026,#######
Ikeja,Lagos,mansion,6,7,686,not stated,no,9000000,09/08/2026,#######
Katampe,Abuja,penthouse,2,3,,not stated,yes,5300000,10/08/2026,#######
Maryland,Lagos,duplex,2,1,,yes,yes,2700000,04/08/2026,#######
Opebi,Lagos,flat,3,3,713,not stated,yes,4400000,14/08/2026,#######
Wuse 2,Abuja,penthouse,4,4,601,no,no,13200000,15/08/2026,#######
Maryland,Lagos,duplex,3,4,406,yes,yes,4100000,06/08/2026,#######
Opebi,Lagos,flat,2,3,52,no,not stated,2500000,03/08/2026,#######
Sangotedo,Lagos,bungalow,2,2,,not stated,not stated,3100000,11/08/2026,#######
Jahi,Abuja,flat,4,4,,yes,no,5800000,10/08/2026,#######
Lokogoma,Abuja,duplex,2,2,,not stated,yes,2500000,04/08/2026,#######
Garki,Abuja,mansion,3,4,1189,no,no,7100000,12/08/2026,#######
Maitama,Abuja,mansion,2,1,1081,no,yes,16100000,14/08/2026,#######
Guzape,Abuja,duplex,1,1,,no,not stated,3600000,17/08/2026,#######
Sangotedo,Lagos,flat,2,3,53,yes,yes,3300000,14/08/2026,#######
Wuse 1,Abuja,bungalow,1,1,79,not stated,not stated,2400000,09/08/2026,#######
Lekki Phase 2,Lagos,flat,3,2,631,yes,not stated,3400000,16/08/2026,#######
Allen,Lagos,flat,3,3,437,no,no,4400000,05/08/2026,#######
Lugbe,Abuja,flat,2,1,145,not stated,not stated,3500000,13/08/2026,#######
Guzape,Abuja,terrace,2,1,,yes,not stated,4600000,09/08/2026,#######
Jahi,Abuja,flat,1,1,95,no,no,3800000,05/08/2026,#######
Dutse,Abuja,self-contain,0,1,122,yes,yes,1000000,08/08/2026,#######
Gbagada,Lagos,bungalow,5,4,,not stated,no,5800000,12/08/2026,#######
Lokogoma,Abuja,penthouse,3,4,675,not stated,yes,4700000,10/08/2026,#######
Festac,Lagos,bungalow,2,3,81,no,no,2900000,06/08/2026,#######
Garki,Abuja,penthouse,2,2,,not stated,no,5500000,15/08/2026,#######
Festac,Lagos,terrace,4,5,766,not stated,yes,5600000,12/08/2026,#######
Ajah,Lagos,self-contain,0,1,88,not stated,yes,900000,17/08/2026,#######
Katampe,Abuja,duplex,3,4,294,no,no,4000000,09/08/2026,#######
Guzape,Abuja,bungalow,6,6,455,yes,no,7200000,18/08/2026,#######
Sangotedo,Lagos,bungalow,6,7,425,no,no,6900000,05/08/2026,#######
Opebi,Lagos,mansion,3,3,,not stated,no,7100000,16/08/2026,#######
Victoria Island,Lagos,flat,3,4,,not stated,yes,5900000,16/08/2026,#######
Ojodu Berger,Lagos,self-contain,0,1,131,yes,no,1300000,01/08/2026,#######
Wuse 2,Abuja,penthouse,3,3,176,not stated,no,12500000,03/08/2026,#######
Mabushi,Abuja,penthouse,1,2,,not stated,no,4100000,13/08/2026,#######
Ilupeju,Lagos,terrace,2,2,,no,no,3100000,12/08/2026,#######
Life Camp,Abuja,penthouse,3,3,,no,not stated,5600000,03/08/2026,#######
Ojodu Berger,Lagos,duplex,4,3,604,yes,not stated,4900000,17/08/2026,#######
Yaba,Lagos,duplex,2,2,45,yes,yes,2100000,18/08/2026,#######
Ikoyi,Lagos,duplex,4,5,,yes,no,6800000,02/08/2026,#######
Life Camp,Abuja,terrace,2,2,75,yes,not stated,3600000,14/08/2026,#######
Sangotedo,Lagos,flat,2,2,99,not stated,not stated,4000000,08/08/2026,#######
Magodo,Lagos,mansion,3,4,,yes,no,11700000,12/08/2026,#######
Ilupeju,Lagos,penthouse,3,4,,not stated,no,5100000,10/08/2026,#######
VGC,Lagos,flat,3,3,667,not stated,no,4800000,14/08/2026,#######
Lugbe,Abuja,bungalow,5,5,,no,no,5700000,14/08/2026,#######
Garki,Abuja,self-contain,0,1,63,not stated,yes,700000,16/08/2026,#######
Ikeja GRA,Lagos,penthouse,5,6,,not stated,yes,8900000,03/08/2026,#######
Yaba,Lagos,flat,2,3,146,yes,yes,3700000,06/08/2026,#######
Mabushi,Abuja,bungalow,6,6,261,no,not stated,5700000,07/08/2026,#######
Lekki Phase 2,Lagos,flat,5,5,,no,not stated,4500000,14/08/2026,#######
Surulere,Lagos,mansion,3,4,,not stated,yes,6600000,10/08/2026,#######
Asokoro,Abuja,bungalow,6,7,,yes,yes,8900000,04/08/2026,#######
Katampe,Abuja,self-contain,0,1,,not stated,not stated,900000,07/08/2026,#######
Victoria Island,Lagos,flat,1,2,51,no,not stated,4600000,08/08/2026,#######
Maitama,Abuja,mansion,2,1,715,yes,not stated,16600000,07/08/2026,#######
Victoria Island,Lagos,penthouse,3,2,443,yes,yes,9900000,06/08/2026,#######
Guzape,Abuja,duplex,6,6,662,no,yes,7500000,15/08/2026,#######
Amuwo Odofin,Lagos,terrace,1,1,,yes,yes,1300000,02/08/2026,#######
Lokogoma,Abuja,mansion,2,3,,not stated,yes,6400000,18/08/2026,#######
Sangotedo,Lagos,self-contain,0,1,122,not stated,not stated,1600000,09/08/2026,#######
Dutse,Abuja,penthouse,2,2,79,not stated,no,5000000,06/08/2026,#######
Festac,Lagos,penthouse,5,6,,no,not stated,6500000,01/08/2026,#######
Magodo,Lagos,terrace,5,4,300,yes,not stated,6000000,17/08/2026,#######
Ikoyi,Lagos,self-contain,0,1,,yes,no,1800000,18/08/2026,#######
Lugbe,Abuja,mansion,3,4,701,no,no,7100000,10/08/2026,#######
Lekki Phase 1,Lagos,self-contain,0,1,86,not stated,no,400000,03/08/2026,#######
Amuwo Odofin,Lagos,duplex,4,3,452,yes,no,5600000,05/08/2026,#######
Asokoro,Abuja,self-contain,0,1,94,not stated,not stated,600000,13/08/2026,#######
Wuse 1,Abuja,self-contain,0,1,74,no,not stated,800000,11/08/2026,#######
Wuse 1,Abuja,self-contain,0,1,113,yes,yes,500000,18/08/2026,#######
VGC,Lagos,self-contain,0,1,,not stated,not stated,500000,03/08/2026,#######
Ajah,Lagos,penthouse,3,3,430,not stated,not stated,6300000,08/08/2026,#######
Katampe,Abuja,bungalow,5,6,,not stated,not stated,6400000,05/08/2026,#######
Wuse 1,Abuja,mansion,5,4,680,not stated,not stated,9200000,16/08/2026,#######
Asokoro,Abuja,duplex,4,4,,no,not stated,7100000,03/08/2026,#######
Guzape,Abuja,penthouse,2,3,149,not stated,yes,7900000,06/08/2026,#######
Victoria Island,Lagos,mansion,1,1,,not stated,no,12300000,11/08/2026,#######
Katampe,Abuja,duplex,1,1,97,no,not stated,2600000,02/08/2026,#######
Ajah,Lagos,self-contain,0,1,,no,no,1300000,11/08/2026,#######
Festac,Lagos,mansion,3,3,874,no,yes,7700000,09/08/2026,#######
Guzape,Abuja,duplex,3,3,,no,not stated,4400000,06/08/2026,#######
Ojodu Berger,Lagos,flat,5,6,354,yes,no,5000000,17/08/2026,#######
Yaba,Lagos,flat,4,4,507,no,not stated,4200000,15/08/2026,#######
Apo,Abuja,flat,5,6,419,yes,yes,5200000,16/08/2026,#######
Sangotedo,Lagos,bungalow,5,5,,not stated,not stated,5300000,08/08/2026,#######
Allen,Lagos,duplex,4,3,625,yes,not stated,4600000,17/08/2026,#######
Amuwo Odofin,Lagos,penthouse,3,3,493,yes,yes,6100000,08/08/2026,#######
Ikeja,Lagos,terrace,4,5,,not stated,yes,3900000,13/08/2026,#######
Wuse 2,Abuja,self-contain,0,1,73,not stated,yes,2200000,14/08/2026,#######
Lekki Phase 2,Lagos,bungalow,3,2,452,yes,yes,4000000,05/08/2026,#######
Yaba,Lagos,duplex,3,2,505,not stated,yes,3600000,09/08/2026,#######
Magodo,Lagos,flat,3,4,345,yes,no,4700000,12/08/2026,#######
Gbagada,Lagos,penthouse,4,5,278,no,not stated,6000000,11/08/2026,#######
Jahi,Abuja,bungalow,5,5,,no,yes,7700000,10/08/2026,#######
Opebi,Lagos,mansion,2,2,651,yes,yes,5500000,11/08/2026,#######
Ikeja GRA,Lagos,duplex,2,3,59,no,no,4200000,12/08/2026,#######
Festac,Lagos,terrace,3,4,162,no,no,4200000,08/08/2026,#######
Surulere,Lagos,penthouse,3,4,,no,not stated,4800000,01/08/2026,#######
Ikeja,Lagos,terrace,6,5,531,no,not stated,6900000,04/08/2026,#######
Guzape,Abuja,self-contain,0,1,,no,yes,1800000,07/08/2026,#######
Festac,Lagos,penthouse,6,6,,yes,yes,7800000,02/08/2026,#######
Mabushi,Abuja,flat,3,2,729,yes,not stated,4200000,13/08/2026,#######
Maryland,Lagos,mansion,4,3,,no,yes,8400000,11/08/2026,#######
Festac,Lagos,duplex,4,3,,yes,not stated,4300000,11/08/2026,#######
Ikoyi,Lagos,penthouse,2,2,,no,no,9200000,06/08/2026,#######
Apo,Abuja,duplex,4,4,,yes,no,5100000,14/08/2026,#######
Maryland,Lagos,mansion,2,3,554,not stated,no,5900000,08/08/2026,#######
Maryland,Lagos,self-contain,0,1,92,yes,not stated,100000,10/08/2026,#######
Dutse,Abuja,flat,3,2,528,not stated,yes,3700000,01/08/2026,#######
Life Camp,Abuja,duplex,2,2,129,not stated,no,3900000,18/08/2026,#######
Jahi,Abuja,bungalow,3,3,387,not stated,no,5000000,16/08/2026,#######
Lokogoma,Abuja,flat,3,4,,not stated,yes,3200000,01/08/2026,#######
Wuse 2,Abuja,mansion,2,1,1074,no,not stated,16900000,12/08/2026,#######
Festac,Lagos,duplex,3,3,333,not stated,no,4600000,06/08/2026,#######
Guzape,Abuja,bungalow,3,4,560,yes,no,4600000,08/08/2026,#######
Ilupeju,Lagos,flat,2,3,64,no,not stated,3700000,06/08/2026,#######
Lugbe,Abuja,self-contain,0,1,119,yes,not stated,0,17/08/2026,#######
Lugbe,Abuja,duplex,3,3,155,yes,not stated,4200000,04/08/2026,#######
Lokogoma,Abuja,self-contain,0,1,84,not stated,no,1200000,01/08/2026,#######
Garki,Abuja,self-contain,0,1,41,yes,yes,600000,04/08/2026,#######
Guzape,Abuja,penthouse,2,3,,yes,no,9000000,03/08/2026,#######
Guzape,Abuja,self-contain,0,1,107,yes,no,1100000,16/08/2026,#######
Victoria Island,Lagos,penthouse,1,1,101,yes,yes,9300000,03/08/2026,#######
Ajah,Lagos,flat,3,4,,yes,yes,4300000,15/08/2026,#######
Guzape,Abuja,terrace,3,2,428,not stated,yes,5300000,06/08/2026,#######
Wuse 2,Abuja,terrace,3,3,458,yes,no,6600000,14/08/2026,#######
Ikeja GRA,Lagos,penthouse,4,3,261,no,not stated,7700000,05/08/2026,#######
Gbagada,Lagos,self-contain,0,1,,not stated,not stated,1500000,10/08/2026,#######
Magodo,Lagos,mansion,2,1,1150,yes,not stated,10300000,15/08/2026,#######
Asokoro,Abuja,self-contain,0,1,62,no,yes,1700000,07/08/2026,#######
Ajah,Lagos,penthouse,4,4,687,no,not stated,5500000,02/08/2026,#######
Guzape,Abuja,duplex,3,4,,not stated,not stated,4500000,17/08/2026,#######
Wuse 2,Abuja,flat,5,4,792,not stated,yes,8600000,06/08/2026,#######
Wuse 1,Abuja,bungalow,4,5,448,not stated,yes,5300000,18/08/2026,#######
Yaba,Lagos,penthouse,2,2,,yes,not stated,4800000,12/08/2026,#######
Opebi,Lagos,mansion,2,1,,no,no,5700000,01/08/2026,#######
Apo,Abuja,duplex,3,4,,yes,no,3700000,04/08/2026,#######
Lokogoma,Abuja,mansion,6,5,932,not stated,no,9800000,10/08/2026,#######
Garki,Abuja,terrace,4,3,,no,not stated,5000000,17/08/2026,#######
Asokoro,Abuja,penthouse,3,3,395,yes,not stated,12200000,03/08/2026,#######
Lekki Phase 2,Lagos,bungalow,2,3,,no,yes,2600000,13/08/2026,#######
Ikeja,Lagos,duplex,1,2,91,yes,not stated,2300000,03/08/2026,#######
Maryland,Lagos,terrace,4,5,253,not stated,no,4200000,03/08/2026,#######
Wuse 2,Abuja,flat,1,1,141,yes,not stated,4300000,17/08/2026,#######
Guzape,Abuja,bungalow,3,3,589,yes,not stated,5100000,09/08/2026,#######
Asokoro,Abuja,flat,2,3,126,yes,not stated,5100000,08/08/2026,#######
Lokogoma,Abuja,self-contain,0,1,58,not stated,not stated,800000,09/08/2026,#######
Lekki Phase 1,Lagos,mansion,3,4,,no,no,14200000,05/08/2026,#######
Magodo,Lagos,mansion,3,2,589,no,not stated,11600000,08/08/2026,#######
Asokoro,Abuja,duplex,3,3,368,no,no,7100000,03/08/2026,#######
Wuse 1,Abuja,penthouse,3,3,,yes,not stated,5600000,14/08/2026,#######
Maitama,Abuja,terrace,3,3,610,not stated,no,6300000,18/08/2026,#######
Surulere,Lagos,penthouse,3,3,188,no,yes,6200000,15/08/2026,#######
VGC,Lagos,flat,2,3,51,no,no,4200000,04/08/2026,#######
Lekki Phase 1,Lagos,penthouse,5,6,,not stated,yes,11200000,07/08/2026,#######
Ikeja GRA,Lagos,bungalow,2,2,118,not stated,not stated,4800000,14/08/2026,#######
Garki,Abuja,terrace,2,3,,no,not stated,2600000,14/08/2026,#######
Jahi,Abuja,flat,2,1,137,no,not stated,5300000,11/08/2026,#######
Lugbe,Abuja,duplex,5,5,253,yes,no,5200000,06/08/2026,#######
Ikeja,Lagos,flat,5,5,333,not stated,yes,5800000,10/08/2026,#######
Ikeja GRA,Lagos,penthouse,2,3,107,not stated,no,7100000,10/08/2026,#######
Allen,Lagos,mansion,3,2,1064,not stated,yes,5900000,03/08/2026,#######
Asokoro,Abuja,bungalow,2,2,102,no,not stated,5500000,12/08/2026,#######
Jahi,Abuja,mansion,3,3,717,not stated,not stated,12900000,07/08/2026,#######
Garki,Abuja,self-contain,0,1,,no,not stated,1500000,07/08/2026,#######
Sangotedo,Lagos,mansion,3,3,,no,not stated,6500000,04/08/2026,#######
Garki,Abuja,flat,2,3,58,yes,no,3700000,05/08/2026,#######
Ikeja,Lagos,terrace,5,5,419,yes,not stated,6100000,10/08/2026,#######
Ajah,Lagos,terrace,3,2,734,yes,not stated,4300000,02/08/2026,#######
Mabushi,Abuja,bungalow,2,1,54,no,not stated,2400000,08/08/2026,#######
Ikeja GRA,Lagos,penthouse,3,3,629,no,not stated,7400000,05/08/2026,#######
Ikeja,Lagos,duplex,2,2,67,yes,yes,2400000,18/08/2026,#######
Apo,Abuja,self-contain,0,1,64,yes,yes,1700000,09/08/2026,#######
Allen,Lagos,duplex,3,3,,no,not stated,3500000,03/08/2026,#######
Lekki Phase 2,Lagos,terrace,2,2,130,not stated,not stated,3000000,14/08/2026,#######
Opebi,Lagos,flat,4,5,163,not stated,no,4400000,15/08/2026,#######
VGC,Lagos,self-contain,0,1,112,yes,no,1100000,13/08/2026,#######
Amuwo Odofin,Lagos,self-contain,0,1,95,not stated,yes,100000,01/08/2026,#######
Lekki Phase 1,Lagos,duplex,2,3,92,yes,not stated,5000000,04/08/2026,#######
Apo,Abuja,bungalow,4,5,317,no,yes,4700000,12/08/2026,#######
Garki,Abuja,penthouse,3,2,377,no,yes,5200000,09/08/2026,#######
Opebi,Lagos,terrace,3,3,,yes,not stated,3000000,12/08/2026,#######
Guzape,Abuja,flat,6,7,369,not stated,no,8300000,12/08/2026,#######
Festac,Lagos,bungalow,2,1,119,not stated,no,2700000,18/08/2026,#######
Maitama,Abuja,penthouse,3,2,739,not stated,no,12100000,15/08/2026,#######
Magodo,Lagos,penthouse,1,2,,yes,yes,7200000,06/08/2026,#######
Lugbe,Abuja,penthouse,3,4,457,not stated,yes,5400000,09/08/2026,#######
Lokogoma,Abuja,penthouse,2,3,129,yes,no,4800000,14/08/2026,#######
Victoria Island,Lagos,flat,4,4,550,no,not stated,7000000,18/08/2026,#######
Magodo,Lagos,duplex,5,5,228,yes,no,6400000,07/08/2026,#######
Sangotedo,Lagos,duplex,3,2,,yes,yes,4300000,15/08/2026,#######
Katampe,Abuja,penthouse,5,6,398,no,not stated,6700000,04/08/2026,#######
Jahi,Abuja,terrace,2,1,56,yes,yes,4300000,04/08/2026,#######
Ikeja,Lagos,terrace,4,5,384,no,yes,4400000,12/08/2026,#######
Festac,Lagos,mansion,2,1,974,no,yes,5700000,06/08/2026,#######
Lekki Phase 1,Lagos,mansion,4,3,613,no,no,15400000,06/08/2026,#######
Life Camp,Abuja,bungalow,3,3,443,yes,no,4500000,10/08/2026,#######
Katampe,Abuja,self-contain,0,1,71,yes,no,1700000,11/08/2026,#######
Jahi,Abuja,terrace,3,3,236,no,yes,5400000,01/08/2026,#######
Ikeja GRA,Lagos,penthouse,1,1,65,yes,yes,5300000,07/08/2026,#######
Magodo,Lagos,self-contain,0,1,,not stated,not stated,1200000,06/08/2026,#######
Lekki Phase 1,Lagos,flat,2,1,48,no,not stated,5700000,16/08/2026,#######
Lekki Phase 2,Lagos,duplex,4,4,,yes,yes,5100000,07/08/2026,#######
Sangotedo,Lagos,terrace,2,2,150,no,no,3100000,18/08/2026,#######
Jahi,Abuja,bungalow,5,5,763,no,yes,7100000,12/08/2026,#######
Asokoro,Abuja,penthouse,1,1,136,not stated,not stated,10300000,05/08/2026,#######
Wuse 1,Abuja,bungalow,3,3,,not stated,not stated,3800000,18/08/2026,#######
Katampe,Abuja,flat,6,7,,no,not stated,6700000,02/08/2026,#######
Wuse 2,Abuja,duplex,2,1,,no,no,4600000,16/08/2026,#######
Maitama,Abuja,self-contain,0,1,53,no,no,2300000,06/08/2026,#######
Victoria Island,Lagos,penthouse,4,5,783,yes,not stated,11000000,04/08/2026,#######
Garki,Abuja,duplex,3,3,232,not stated,not stated,3000000,18/08/2026,#######
Gwarinpa,Abuja,duplex,1,2,100,no,yes,3500000,09/08/2026,#######
Lekki Phase 2,Lagos,terrace,3,4,210,yes,no,3300000,01/08/2026,#######
Life Camp,Abuja,duplex,4,4,710,no,no,4900000,04/08/2026,#######
Dutse,Abuja,terrace,2,2,,no,not stated,3500000,06/08/2026,#######
Lekki Phase 1,Lagos,duplex,3,2,711,not stated,not stated,5200000,17/08/2026,#######
Jahi,Abuja,bungalow,2,2,118,no,not stated,4000000,03/08/2026,#######
Life Camp,Abuja,self-contain,0,1,57,yes,no,0,18/08/2026,#######
Gwarinpa,Abuja,self-contain,0,1,,yes,no,700000,12/08/2026,#######
Surulere,Lagos,bungalow,1,1,,yes,yes,2700000,11/08/2026,#######
Mabushi,Abuja,penthouse,1,1,69,yes,no,3000000,05/08/2026,#######
Apo,Abuja,self-contain,0,1,116,yes,not stated,-100000,08/08/2026,#######
Garki,Abuja,self-contain,0,1,62,no,no,100000,16/08/2026,#######
Amuwo Odofin,Lagos,mansion,3,3,,no,yes,6300000,17/08/2026,#######
Dutse,Abuja,terrace,2,1,120,no,no,2400000,10/08/2026,#######
Yaba,Lagos,penthouse,3,2,793,not stated,yes,5300000,18/08/2026,#######
Ikeja,Lagos,self-contain,0,1,137,not stated,not stated,500000,01/08/2026,#######
Festac,Lagos,mansion,3,2,977,no,no,7500000,10/08/2026,#######
Jahi,Abuja,flat,5,4,415,no,not stated,7300000,10/08/2026,#######
Lokogoma,Abuja,penthouse,4,4,333,no,yes,6400000,03/08/2026,#######
Jahi,Abuja,mansion,2,2,,no,no,11900000,17/08/2026,#######
Gbagada,Lagos,self-contain,0,1,111,yes,not stated,1200000,11/08/2026,#######
Festac,Lagos,terrace,2,2,104,yes,no,2600000,15/08/2026,#######
Surulere,Lagos,penthouse,2,1,128,yes,no,3600000,14/08/2026,#######
Sangotedo,Lagos,self-contain,0,1,144,no,not stated,700000,05/08/2026,#######
Victoria Island,Lagos,penthouse,5,5,240,no,no,11300000,14/08/2026,#######
Gwarinpa,Abuja,self-contain,0,1,128,not stated,yes,900000,13/08/2026,#######
Sangotedo,Lagos,duplex,2,1,86,no,yes,2900000,06/08/2026,#######
Life Camp,Abuja,bungalow,4,3,573,no,no,4000000,12/08/2026,#######
Lekki Phase 2,Lagos,self-contain,0,1,,yes,no,1600000,15/08/2026,#######
Wuse 1,Abuja,mansion,1,1,660,yes,yes,6000000,06/08/2026,#######
Amuwo Odofin,Lagos,self-contain,0,1,,no,no,100000,16/08/2026,#######
Victoria Island,Lagos,penthouse,4,4,,not stated,not stated,10300000,01/08/2026,#######
Magodo,Lagos,bungalow,6,5,,yes,yes,7800000,02/08/2026,#######
Asokoro,Abuja,duplex,2,1,84,yes,not stated,5800000,05/08/2026,#######
Sangotedo,Lagos,flat,2,2,143,not stated,yes,2100000,12/08/2026,#######
Ajah,Lagos,self-contain,0,1,48,not stated,yes,600000,09/08/2026,#######
Gwarinpa,Abuja,penthouse,3,3,621,not stated,not stated,8100000,18/08/2026,#######
Gwarinpa,Abuja,duplex,2,2,85,yes,yes,5300000,04/08/2026,#######
Opebi,Lagos,bungalow,2,1,146,yes,not stated,2700000,10/08/2026,#######
Life Camp,Abuja,self-contain,0,1,93,yes,not stated,300000,01/08/2026,#######
Ilupeju,Lagos,flat,3,4,450,not stated,not stated,3800000,03/08/2026,#######
Surulere,Lagos,duplex,2,2,150,no,not stated,3500000,01/08/2026,#######
Jahi,Abuja,bungalow,1,1,121,yes,not stated,4200000,01/08/2026,#######
Allen,Lagos,self-contain,0,1,121,not stated,no,100000,02/08/2026,#######
Dutse,Abuja,mansion,3,4,,yes,yes,7100000,15/08/2026,#######
Jahi,Abuja,mansion,2,3,955,not stated,not stated,12500000,09/08/2026,#######
Ikoyi,Lagos,terrace,6,6,632,yes,not stated,7700000,16/08/2026,#######
Maitama,Abuja,bungalow,2,1,,no,yes,4900000,06/08/2026,#######
Garki,Abuja,penthouse,3,3,768,no,no,5900000,05/08/2026,#######
Wuse 1,Abuja,self-contain,0,1,93,no,not stated,900000,14/08/2026,#######
Allen,Lagos,flat,3,2,536,yes,no,4600000,02/08/2026,#######
Apo,Abuja,duplex,1,2,105,no,no,2300000,15/08/2026,#######
VGC,Lagos,duplex,3,2,311,not stated,not stated,4300000,10/08/2026,#######
Dutse,Abuja,flat,2,2,61,yes,no,3800000,10/08/2026,#######
Ojodu Berger,Lagos,penthouse,6,7,693,not stated,yes,7000000,10/08/2026,#######
Lokogoma,Abuja,terrace,2,1,67,yes,no,3300000,17/08/2026,#######
Gbagada,Lagos,penthouse,3,2,577,not stated,no,6000000,05/08/2026,#######
Ajah,Lagos,penthouse,5,4,633,no,no,6300000,11/08/2026,#######
Garki,Abuja,penthouse,4,4,458,yes,yes,6800000,17/08/2026,#######
Maryland,Lagos,flat,6,7,,yes,not stated,6900000,08/08/2026,#######
Festac,Lagos,self-contain,0,1,125,not stated,yes,-100000,13/08/2026,#######
Ojodu Berger,Lagos,mansion,1,2,1142,not stated,no,5400000,16/08/2026,#######
Ikeja,Lagos,mansion,2,2,716,yes,no,6200000,06/08/2026,#######
Lekki Phase 2,Lagos,flat,4,3,635,not stated,not stated,4400000,11/08/2026,#######
Guzape,Abuja,flat,4,3,,no,not stated,5600000,16/08/2026,#######
Yaba,Lagos,self-contain,0,1,101,not stated,not stated,1100000,17/08/2026,#######
Mabushi,Abuja,flat,2,2,123,not stated,yes,2800000,08/08/2026,#######
Jahi,Abuja,mansion,4,4,578,no,no,14200000,07/08/2026,#######
Allen,Lagos,mansion,2,2,,no,yes,6900000,18/08/2026,#######
Lokogoma,Abuja,mansion,2,1,1131,yes,not stated,7000000,13/08/2026,#######
Yaba,Lagos,duplex,2,3,56,yes,no,3800000,18/08/2026,#######
Guzape,Abuja,duplex,5,6,780,yes,yes,6400000,16/08/2026,#######
Dutse,Abuja,terrace,2,3,,not stated,yes,3000000,07/08/2026,#######
Ilupeju,Lagos,terrace,3,3,,not stated,yes,4200000,08/08/2026,#######
Garki,Abuja,self-contain,0,1,148,no,no,0,15/08/2026,#######
Opebi,Lagos,duplex,6,6,696,not stated,no,5700000,08/08/2026,#######
Ojodu Berger,Lagos,self-contain,0,1,,no,not stated,1000000,16/08/2026,#######
Lekki Phase 1,Lagos,terrace,4,4,200,yes,yes,7100000,14/08/2026,#######
Lugbe,Abuja,duplex,3,4,388,not stated,yes,4400000,13/08/2026,#######
Ikeja GRA,Lagos,terrace,3,4,477,no,yes,4300000,14/08/2026,#######
Gwarinpa,Abuja,flat,2,2,87,yes,no,5200000,07/08/2026,#######
Opebi,Lagos,self-contain,0,1,109,not stated,not stated,0,02/08/2026,#######
Katampe,Abuja,flat,1,2,86,yes,no,2600000,10/08/2026,#######
Jahi,Abuja,self-contain,0,1,97,not stated,yes,2000000,10/08/2026,#######
Jahi,Abuja,bungalow,2,1,72,yes,not stated,5100000,02/08/2026,#######
Guzape,Abuja,terrace,1,2,145,not stated,no,3900000,15/08/2026,#######
Victoria Island,Lagos,penthouse,3,3,,yes,yes,10800000,09/08/2026,#######
Dutse,Abuja,self-contain,0,1,126,yes,yes,900000,06/08/2026,#######
Surulere,Lagos,mansion,3,2,,not stated,yes,6400000,15/08/2026,#######
Lekki Phase 2,Lagos,self-contain,0,1,41,not stated,yes,1200000,02/08/2026,#######
Allen,Lagos,bungalow,5,5,,no,not stated,5800000,01/08/2026,#######
Jahi,Abuja,flat,2,3,106,yes,not stated,5200000,06/08/2026,#######
Dutse,Abuja,bungalow,3,4,511,yes,no,4500000,18/08/2026,#######
Victoria Island,Lagos,self-contain,0,1,,no,not stated,1700000,08/08/2026,#######
Ilupeju,Lagos,terrace,3,2,538,not stated,yes,4800000,09/08/2026,#######
VGC,Lagos,mansion,2,3,510,yes,not stated,10900000,18/08/2026,#######
Ikoyi,Lagos,mansion,3,4,660,no,yes,14700000,13/08/2026,#######
Victoria Island,Lagos,self-contain,0,1,72,yes,yes,1300000,14/08/2026,#######
Maitama,Abuja,mansion,3,2,1043,not stated,no,16800000,04/08/2026,#######
Katampe,Abuja,self-contain,0,1,116,no,not stated,800000,10/08/2026,#######
Garki,Abuja,terrace,2,2,149,yes,no,3100000,02/08/2026,#######
Lekki Phase 2,Lagos,bungalow,1,1,98,no,not stated,2600000,02/08/2026,#######
Maryland,Lagos,self-contain,0,1,91,yes,not stated,900000,08/08/2026,#######
Dutse,Abuja,mansion,2,1,869,yes,not stated,5100000,04/08/2026,#######
Life Camp,Abuja,duplex,2,3,108,not stated,no,2900000,11/08/2026,#######
Amuwo Odofin,Lagos,self-contain,0,1,,not stated,no,300000,04/08/2026,#######
Dutse,Abuja,terrace,1,1,,not stated,yes,1500000,08/08/2026,#######
Life Camp,Abuja,flat,1,1,,not stated,yes,2100000,02/08/2026,#######
Maitama,Abuja,flat,6,6,615,no,no,8600000,03/08/2026,#######
Maitama,Abuja,flat,5,4,731,not stated,not stated,7400000,13/08/2026,#######
Amuwo Odofin,Lagos,self-contain,0,1,96,not stated,not stated,200000,14/08/2026,#######
Guzape,Abuja,duplex,1,1,,not stated,yes,4600000,09/08/2026,#######
Maitama,Abuja,duplex,1,1,,yes,no,5000000,13/08/2026,#######
Apo,Abuja,duplex,5,5,433,yes,yes,4800000,08/08/2026,#######
Gwarinpa,Abuja,self-contain,0,1,52,no,no,1400000,14/08/2026,#######
Mabushi,Abuja,penthouse,2,1,,no,yes,4500000,18/08/2026,#######
Apo,Abuja,terrace,4,4,284,yes,no,4300000,10/08/2026,#######
Asokoro,Abuja,terrace,2,1,,no,not stated,6000000,17/08/2026,#######
Magodo,Lagos,flat,2,2,66,yes,yes,5000000,05/08/2026,#######
Magodo,Lagos,mansion,3,3,766,yes,no,10700000,09/08/2026,#######
Mabushi,Abuja,mansion,2,3,1191,not stated,yes,6400000,17/08/2026,#######
Gbagada,Lagos,mansion,4,5,902,yes,no,7300000,08/08/2026,#######
Gwarinpa,Abuja,flat,2,3,61,no,yes,4600000,04/08/2026,#######
Maitama,Abuja,bungalow,1,1,54,yes,no,5700000,14/08/2026,#######
Asokoro,Abuja,self-contain,0,1,62,yes,not stated,1600000,03/08/2026,#######
Ikeja GRA,Lagos,bungalow,2,3,,not stated,not stated,4100000,02/08/2026,#######
Katampe,Abuja,mansion,2,3,1194,yes,no,5300000,16/08/2026,#######
Gwarinpa,Abuja,bungalow,6,5,,no,yes,7300000,14/08/2026,#######
Maryland,Lagos,mansion,3,3,,no,no,7500000,14/08/2026,#######
Gwarinpa,Abuja,duplex,5,6,270,no,no,6200000,06/08/2026,#######
Festac,Lagos,flat,3,2,,yes,not stated,4800000,15/08/2026,#######
Amuwo Odofin,Lagos,bungalow,4,5,438,yes,yes,3900000,16/08/2026,#######
Gwarinpa,Abuja,self-contain,0,1,93,not stated,yes,1200000,03/08/2026,#######
Apo,Abuja,penthouse,4,3,729,no,yes,6800000,12/08/2026,#######
Wuse 1,Abuja,bungalow,2,3,144,not stated,no,2800000,07/08/2026,#######
Gwarinpa,Abuja,terrace,6,6,471,not stated,not stated,8400000,05/08/2026,#######
Ojodu Berger,Lagos,flat,2,2,109,yes,not stated,3700000,01/08/2026,#######
Jahi,Abuja,mansion,6,5,711,not stated,not stated,15300000,04/08/2026,#######
Sangotedo,Lagos,penthouse,2,1,,no,no,5000000,07/08/2026,#######
Maitama,Abuja,terrace,5,4,,not stated,no,7000000,13/08/2026,#######
Ikeja GRA,Lagos,flat,4,5,,not stated,not stated,5000000,08/08/2026,#######
Katampe,Abuja,terrace,4,4,621,not stated,not stated,4600000,07/08/2026,#######
Wuse 1,Abuja,penthouse,4,3,726,no,not stated,5400000,03/08/2026,#######
Lugbe,Abuja,duplex,2,3,,no,yes,2300000,17/08/2026,#######
Amuwo Odofin,Lagos,bungalow,2,3,70,no,no,3000000,06/08/2026,#######
Maitama,Abuja,mansion,2,2,653,yes,not stated,15400000,15/08/2026,#######
Ikeja GRA,Lagos,bungalow,1,1,92,yes,not stated,3800000,15/08/2026,#######
Amuwo Odofin,Lagos,terrace,3,3,610,no,yes,3500000,10/08/2026,#######
Lekki Phase 2,Lagos,penthouse,2,3,,yes,no,4600000,05/08/2026,#######
Ajah,Lagos,duplex,4,3,,yes,no,4800000,05/08/2026,#######
Maitama,Abuja,duplex,1,1,,no,yes,4900000,09/08/2026,#######
Gwarinpa,Abuja,self-contain,0,1,107,no,no,700000,12/08/2026,#######
Lekki Phase 1,Lagos,mansion,2,1,637,not stated,yes,14000000,08/08/2026,#######
Garki,Abuja,mansion,3,4,558,yes,not stated,7300000,06/08/2026,#######
Lekki Phase 2,Lagos,mansion,1,1,886,no,not stated,5600000,17/08/2026,#######
Festac,Lagos,mansion,2,1,689,not stated,not stated,6600000,06/08/2026,#######
Maryland,Lagos,penthouse,3,3,653,not stated,no,5200000,16/08/2026,#######
Magodo,Lagos,flat,3,2,462,no,yes,4900000,15/08/2026,#######
Wuse 1,Abuja,duplex,3,2,654,not stated,yes,3500000,17/08/2026,#######
Mabushi,Abuja,flat,4,3,,yes,yes,4100000,12/08/2026,#######
Lokogoma,Abuja,duplex,2,3,78,yes,no,2800000,18/08/2026,#######
Mabushi,Abuja,bungalow,4,5,376,yes,not stated,5200000,12/08/2026,#######
Apo,Abuja,penthouse,3,4,319,no,no,4400000,15/08/2026,#######
Lekki Phase 1,Lagos,penthouse,2,2,117,yes,yes,10100000,09/08/2026,#######
Gwarinpa,Abuja,mansion,3,4,980,yes,no,13600000,11/08/2026,#######
Gwarinpa,Abuja,flat,2,1,,not stated,not stated,4000000,05/08/2026,#######
Dutse,Abuja,self-contain,0,1,,no,not stated,-100000,17/08/2026,#######
Amuwo Odofin,Lagos,mansion,4,5,581,no,no,7100000,16/08/2026,#######
Dutse,Abuja,self-contain,0,1,42,not stated,not stated,1300000,02/08/2026,#######
Ajah,Lagos,terrace,2,3,55,not stated,yes,2400000,14/08/2026,#######
Wuse 1,Abuja,flat,2,2,93,yes,no,2500000,14/08/2026,#######
Festac,Lagos,duplex,3,2,192,not stated,no,3600000,18/08/2026,#######
Allen,Lagos,penthouse,3,3,,yes,yes,5300000,07/08/2026,#######
Apo,Abuja,bungalow,2,1,125,no,yes,2400000,04/08/2026,#######
Mabushi,Abuja,terrace,4,5,400,no,yes,4000000,03/08/2026,#######
Mabushi,Abuja,bungalow,1,2,127,no,yes,2700000,15/08/2026,#######
Ikeja,Lagos,bungalow,1,1,,not stated,no,2900000,15/08/2026,#######
Surulere,Lagos,duplex,3,2,356,not stated,no,4600000,02/08/2026,#######
Wuse 1,Abuja,mansion,1,1,708,yes,yes,5900000,03/08/2026,#######
Asokoro,Abuja,bungalow,5,6,301,yes,not stated,7900000,09/08/2026,#######
Ikeja,Lagos,flat,2,2,145,yes,no,3300000,11/08/2026,#######
Yaba,Lagos,mansion,4,3,,no,not stated,8300000,12/08/2026,#######
Wuse 2,Abuja,terrace,4,3,716,not stated,yes,6400000,03/08/2026,#######
Gwarinpa,Abuja,terrace,2,3,91,not stated,yes,3600000,17/08/2026,#######
Wuse 1,Abuja,mansion,1,1,661,no,yes,5500000,02/08/2026,#######
VGC,Lagos,penthouse,3,3,348,no,not stated,8600000,16/08/2026,#######
Jahi,Abuja,bungalow,3,2,359,yes,no,6100000,12/08/2026,#######
Garki,Abuja,terrace,3,4,,not stated,no,4800000,08/08/2026,#######
Sangotedo,Lagos,penthouse,5,5,505,not stated,not stated,7500000,11/08/2026,#######
Asokoro,Abuja,penthouse,1,1,,not stated,no,9600000,14/08/2026,#######
Mabushi,Abuja,terrace,5,4,480,no,no,6400000,03/08/2026,#######
Opebi,Lagos,mansion,2,2,550,yes,no,5800000,09/08/2026,#######
Jahi,Abuja,bungalow,3,3,,yes,yes,6200000,11/08/2026,#######
Maitama,Abuja,mansion,2,3,952,not stated,not stated,16400000,07/08/2026,#######
Lekki Phase 2,Lagos,flat,3,4,,no,not stated,4200000,11/08/2026,#######
Ikoyi,Lagos,flat,3,2,273,yes,yes,5700000,07/08/2026,#######
Lekki Phase 1,Lagos,self-contain,0,1,87,no,yes,2000000,08/08/2026,#######
Wuse 1,Abuja,self-contain,0,1,77,no,yes,400000,13/08/2026,#######
Maryland,Lagos,duplex,1,1,73,yes,yes,2200000,09/08/2026,#######
Apo,Abuja,self-contain,0,1,66,not stated,not stated,900000,13/08/2026,#######
Katampe,Abuja,flat,2,3,132,yes,no,2800000,10/08/2026,#######
Katampe,Abuja,flat,3,3,475,not stated,no,4100000,16/08/2026,#######
Gwarinpa,Abuja,terrace,2,3,,yes,no,5400000,04/08/2026,#######
Maryland,Lagos,terrace,4,3,235,not stated,not stated,5400000,13/08/2026,#######
Lokogoma,Abuja,bungalow,2,3,84,not stated,not stated,2600000,04/08/2026,#######
Gwarinpa,Abuja,penthouse,4,5,,yes,no,9400000,02/08/2026,#######
Asokoro,Abuja,duplex,2,1,144,not stated,no,6300000,06/08/2026,#######
Surulere,Lagos,bungalow,1,1,,no,not stated,3000000,02/08/2026,#######
Jahi,Abuja,flat,2,3,102,no,not stated,4300000,09/08/2026,#######
Yaba,Lagos,self-contain,0,1,,not stated,no,-100000,06/08/2026,#######
Festac,Lagos,mansion,3,4,977,not stated,not stated,6400000,02/08/2026,#######
Gwarinpa,Abuja,terrace,1,2,,no,not stated,3500000,13/08/2026,#######
Maitama,Abuja,self-contain,0,1,69,not stated,yes,700000,02/08/2026,#######
VGC,Lagos,penthouse,2,3,113,not stated,yes,7300000,01/08/2026,#######
Sangotedo,Lagos,penthouse,5,5,604,no,not stated,6400000,06/08/2026,#######
Magodo,Lagos,terrace,2,3,,yes,not stated,4200000,04/08/2026,#######
Gwarinpa,Abuja,bungalow,2,3,123,not stated,yes,4000000,08/08/2026,#######
Surulere,Lagos,duplex,3,2,,not stated,not stated,3100000,18/08/2026,#######
Wuse 1,Abuja,bungalow,2,3,103,yes,not stated,3900000,07/08/2026,#######
Lugbe,Abuja,terrace,1,1,116,no,yes,2400000,07/08/2026,#######
Wuse 2,Abuja,mansion,5,5,613,yes,yes,17600000,02/08/2026,#######
Ikeja,Lagos,bungalow,3,3,,no,no,4300000,07/08/2026,#######
Victoria Island,Lagos,penthouse,2,3,123,not stated,not stated,9800000,11/08/2026,#######
Gwarinpa,Abuja,duplex,4,4,411,not stated,not stated,5800000,03/08/2026,#######
Lekki Phase 2,Lagos,terrace,3,4,277,not stated,no,3500000,08/08/2026,#######
Festac,Lagos,bungalow,2,1,82,not stated,not stated,2300000,18/08/2026,#######
Wuse 2,Abuja,bungalow,1,1,60,yes,no,5700000,06/08/2026,#######
Mabushi,Abuja,duplex,4,3,347,yes,yes,5200000,04/08/2026,#######
Lokogoma,Abuja,flat,3,4,,yes,not stated,4200000,18/08/2026,#######
Wuse 1,Abuja,terrace,3,3,358,no,yes,4700000,08/08/2026,#######
Magodo,Lagos,terrace,3,4,,no,no,4900000,10/08/2026,#######
Lugbe,Abuja,mansion,4,5,506,not stated,yes,6900000,06/08/2026,#######
Lokogoma,Abuja,mansion,1,2,644,no,yes,5200000,15/08/2026,#######
Katampe,Abuja,self-contain,0,1,,not stated,yes,1600000,06/08/2026,#######
Festac,Lagos,flat,2,1,63,yes,not stated,2500000,11/08/2026,#######
Ilupeju,Lagos,flat,1,1,62,not stated,not stated,2500000,04/08/2026,#######
Garki,Abuja,mansion,2,3,1042,yes,yes,6200000,12/08/2026,#######
Apo,Abuja,duplex,2,3,70,not stated,not stated,3000000,07/08/2026,#######
Magodo,Lagos,bungalow,2,3,,yes,no,3400000,03/08/2026,#######
Allen,Lagos,penthouse,1,2,68,no,not stated,3800000,16/08/2026,#######
Gbagada,Lagos,mansion,2,2,757,no,yes,6200000,08/08/2026,#######
Sangotedo,Lagos,terrace,4,4,186,no,yes,4200000,05/08/2026,#######
Yaba,Lagos,bungalow,2,2,51,yes,yes,3100000,16/08/2026,#######
Lekki Phase 1,Lagos,duplex,2,3,89,no,not stated,5700000,11/08/2026,#######
Maitama,Abuja,flat,2,2,,no,yes,6000000,13/08/2026,#######
Allen,Lagos,flat,2,2,,not stated,yes,2400000,10/08/2026,#######
Lokogoma,Abuja,flat,2,2,52,not stated,not stated,2200000,17/08/2026,#######
Ikeja GRA,Lagos,flat,3,2,726,not stated,yes,5300000,12/08/2026,#######
Surulere,Lagos,self-contain,0,1,,not stated,not stated,1100000,15/08/2026,#######
Lugbe,Abuja,terrace,2,1,71,yes,not stated,2600000,12/08/2026,#######
Ikoyi,Lagos,self-contain,0,1,81,no,no,1400000,02/08/2026,#######
Jahi,Abuja,duplex,2,1,103,yes,not stated,4700000,15/08/2026,#######
Asokoro,Abuja,mansion,4,5,886,not stated,no,18400000,08/08/2026,#######
Maitama,Abuja,duplex,2,3,,not stated,yes,4700000,08/08/2026,#######
Jahi,Abuja,penthouse,2,1,50,no,no,7300000,09/08/2026,#######
Lekki Phase 2,Lagos,penthouse,4,5,626,not stated,not stated,6500000,08/08/2026,#######
Lokogoma,Abuja,duplex,4,4,195,not stated,yes,4900000,05/08/2026,#######
Dutse,Abuja,terrace,6,5,783,no,not stated,5400000,01/08/2026,#######
Ikoyi,Lagos,penthouse,1,2,,no,not stated,8600000,12/08/2026,#######
Lugbe,Abuja,terrace,2,1,,not stated,no,3300000,06/08/2026,#######
Ikeja GRA,Lagos,bungalow,2,1,122,yes,not stated,4500000,13/08/2026,#######
Ikeja GRA,Lagos,terrace,5,4,201,no,yes,6600000,09/08/2026,#######
Wuse 1,Abuja,mansion,2,2,930,not stated,not stated,5500000,15/08/2026,#######
Amuwo Odofin,Lagos,self-contain,0,1,145,not stated,yes,900000,11/08/2026,#######
Wuse 1,Abuja,penthouse,4,3,,yes,yes,5300000,04/08/2026,#######
Victoria Island,Lagos,flat,3,2,,yes,not stated,6100000,04/08/2026,#######
Garki,Abuja,mansion,5,4,,not stated,no,9200000,16/08/2026,#######
Katampe,Abuja,bungalow,3,3,761,no,not stated,3500000,15/08/2026,#######
Lokogoma,Abuja,bungalow,4,4,171,not stated,no,4400000,18/08/2026,#######
Maryland,Lagos,self-contain,0,1,104,not stated,not stated,-100000,09/08/2026,#######
Dutse,Abuja,flat,1,1,,yes,not stated,1800000,18/08/2026,#######
Opebi,Lagos,bungalow,2,1,110,no,no,2600000,03/08/2026,#######
Katampe,Abuja,penthouse,2,1,,yes,yes,5300000,13/08/2026,#######
Yaba,Lagos,bungalow,5,4,607,not stated,no,4800000,04/08/2026,#######
Katampe,Abuja,flat,5,5,292,not stated,not stated,5500000,01/08/2026,#######
Sangotedo,Lagos,mansion,2,2,845,not stated,no,5400000,07/08/2026,#######
Ilupeju,Lagos,terrace,4,3,240,not stated,yes,5600000,16/08/2026,#######
Amuwo Odofin,Lagos,flat,3,2,656,yes,yes,4200000,08/08/2026,#######
Lugbe,Abuja,penthouse,3,2,583,yes,yes,6300000,03/08/2026,#######
Asokoro,Abuja,terrace,3,3,566,no,no,5800000,04/08/2026,#######
Guzape,Abuja,mansion,1,1,1026,yes,yes,11100000,17/08/2026,#######
Life Camp,Abuja,self-contain,0,1,,not stated,no,200000,01/08/2026,#######
Lekki Phase 1,Lagos,flat,3,2,784,yes,no,6300000,08/08/2026,#######
Gwarinpa,Abuja,terrace,5,6,,no,not stated,6700000,05/08/2026,#######
Surulere,Lagos,terrace,5,6,687,yes,yes,5800000,17/08/2026,#######
Maryland,Lagos,duplex,2,2,63,yes,not stated,2200000,16/08/2026,#######
Dutse,Abuja,penthouse,2,3,73,yes,no,4400000,05/08/2026,#######
Ajah,Lagos,bungalow,2,3,70,not stated,yes,2200000,16/08/2026,#######
Lekki Phase 1,Lagos,penthouse,6,6,,no,not stated,13100000,15/08/2026,#######
Maryland,Lagos,self-contain,0,1,,no,yes,1600000,02/08/2026,#######
Opebi,Lagos,duplex,2,2,59,no,not stated,3700000,15/08/2026,#######
Garki,Abuja,flat,3,2,177,yes,no,2900000,01/08/2026,#######
Festac,Lagos,self-contain,0,1,,not stated,yes,-100000,10/08/2026,#######
Lugbe,Abuja,flat,3,3,,yes,no,2900000,01/08/2026,#######
Maitama,Abuja,mansion,3,3,1067,yes,not stated,16400000,01/08/2026,#######
Lugbe,Abuja,bungalow,1,2,122,no,not stated,2900000,17/08/2026,#######
Ajah,Lagos,self-contain,0,1,106,yes,no,200000,09/08/2026,#######
Jahi,Abuja,flat,2,1,71,yes,not stated,5500000,10/08/2026,#######
Asokoro,Abuja,bungalow,6,7,317,no,yes,8000000,07/08/2026,#######
Life Camp,Abuja,mansion,1,1,,yes,no,6100000,01/08/2026,#######
Yaba,Lagos,penthouse,2,2,124,no,not stated,5300000,10/08/2026,#######
Guzape,Abuja,mansion,2,3,,not stated,not stated,11900000,06/08/2026,#######
Garki,Abuja,bungalow,6,6,,yes,yes,5700000,16/08/2026,#######
Maryland,Lagos,self-contain,0,1,,not stated,no,500000,12/08/2026,#######
Life Camp,Abuja,duplex,2,2,74,yes,no,3000000,06/08/2026,#######
Garki,Abuja,bungalow,2,1,83,yes,yes,3400000,10/08/2026,#######
Asokoro,Abuja,duplex,4,3,532,no,yes,7500000,10/08/2026,#######
Wuse 2,Abuja,terrace,2,2,129,no,no,5900000,13/08/2026,#######
Sangotedo,Lagos,bungalow,1,1,52,no,no,1700000,01/08/2026,#######
Wuse 1,Abuja,flat,1,1,61,no,no,2200000,08/08/2026,#######
Ojodu Berger,Lagos,flat,2,2,95,not stated,not stated,2700000,16/08/2026,#######
Surulere,Lagos,duplex,3,2,,not stated,not stated,4500000,04/08/2026,#######
Ilupeju,Lagos,duplex,4,3,209,no,yes,3800000,10/08/2026,#######
Apo,Abuja,mansion,3,4,578,yes,no,7800000,15/08/2026,#######
Allen,Lagos,bungalow,2,3,126,yes,not stated,2200000,11/08/2026,#######
Garki,Abuja,flat,5,5,727,yes,yes,4800000,04/08/2026,#######
Gwarinpa,Abuja,bungalow,2,3,150,not stated,not stated,4400000,07/08/2026,#######
Ikeja,Lagos,mansion,1,2,1012,not stated,yes,5800000,09/08/2026,#######
Wuse 2,Abuja,bungalow,3,3,644,not stated,yes,6600000,08/08/2026,#######
Life Camp,Abuja,terrace,2,1,69,no,no,4000000,04/08/2026,#######
Ikeja,Lagos,terrace,4,5,,yes,yes,4400000,02/08/2026,#######
Wuse 2,Abuja,terrace,4,5,646,yes,not stated,6300000,16/08/2026,#######
Gbagada,Lagos,bungalow,2,3,127,no,yes,2800000,01/08/2026,#######
Lokogoma,Abuja,mansion,2,2,757,not stated,not stated,5400000,16/08/2026,#######
Allen,Lagos,flat,2,3,49,yes,yes,2500000,07/08/2026,#######
Asokoro,Abuja,terrace,2,1,,not stated,no,5800000,13/08/2026,#######
Lokogoma,Abuja,self-contain,0,1,76,not stated,not stated,1400000,04/08/2026,#######
Victoria Island,Lagos,flat,1,1,44,yes,yes,3600000,08/08/2026,#######
Wuse 2,Abuja,penthouse,6,7,247,yes,no,13000000,18/08/2026,#######
Lekki Phase 1,Lagos,flat,4,4,191,yes,yes,7400000,18/08/2026,#######
Wuse 2,Abuja,flat,2,3,105,not stated,yes,4600000,02/08/2026,#######
Maryland,Lagos,duplex,1,1,150,no,no,2800000,01/08/2026,#######
Wuse 2,Abuja,self-contain,0,1,69,no,yes,1700000,13/08/2026,#######
Jahi,Abuja,self-contain,0,1,136,no,not stated,1500000,17/08/2026,#######
Gwarinpa,Abuja,flat,3,2,790,no,not stated,5100000,07/08/2026,#######
Lokogoma,Abuja,mansion,3,2,,not stated,yes,7800000,06/08/2026,#######
Allen,Lagos,flat,3,2,742,no,yes,2900000,18/08/2026,#######
Gwarinpa,Abuja,penthouse,3,4,,no,yes,8900000,07/08/2026,#######
VGC,Lagos,terrace,3,2,614,yes,no,5500000,12/08/2026,#######
Apo,Abuja,penthouse,4,5,,yes,not stated,6600000,09/08/2026,#######
Sangotedo,Lagos,mansion,2,2,,no,no,6300000,04/08/2026,#######
Amuwo Odofin,Lagos,terrace,3,3,,no,not stated,4200000,04/08/2026,#######
Asokoro,Abuja,mansion,3,2,879,no,no,16400000,13/08/2026,#######
Dutse,Abuja,penthouse,4,3,214,no,not stated,6100000,18/08/2026,#######
Festac,Lagos,bungalow,3,3,,yes,not stated,4300000,18/08/2026,#######
Jahi,Abuja,self-contain,0,1,48,no,no,1900000,13/08/2026,#######
Lekki Phase 1,Lagos,flat,5,6,,yes,not stated,8200000,08/08/2026,#######
Mabushi,Abuja,bungalow,2,2,111,yes,not stated,2500000,14/08/2026,#######
Wuse 1,Abuja,duplex,3,2,742,yes,yes,3200000,11/08/2026,#######
Jahi,Abuja,bungalow,2,3,,no,no,5200000,18/08/2026,#######
Lugbe,Abuja,self-contain,0,1,40,not stated,yes,200000,09/08/2026,#######
Lekki Phase 1,Lagos,terrace,4,5,,not stated,not stated,7400000,03/08/2026,#######
VGC,Lagos,self-contain,0,1,,yes,yes,1000000,18/08/2026,#######
VGC,Lagos,flat,5,4,217,no,yes,7300000,04/08/2026,#######
Apo,Abuja,self-contain,0,1,,not stated,no,200000,12/08/2026,#######
Guzape,Abuja,self-contain,0,1,56,no,not stated,1900000,03/08/2026,#######
Sangotedo,Lagos,flat,2,2,,no,no,3900000,16/08/2026,#######
Lokogoma,Abuja,penthouse,2,2,73,yes,not stated,4000000,13/08/2026,#######
Life Camp,Abuja,self-contain,0,1,95,yes,not stated,1000000,02/08/2026,#######
Katampe,Abuja,mansion,2,1,1123,not stated,no,5400000,15/08/2026,#######
Amuwo Odofin,Lagos,mansion,1,1,,not stated,yes,5500000,05/08/2026,#######
Guzape,Abuja,terrace,3,3,,no,no,4500000,17/08/2026,#######
Garki,Abuja,duplex,5,4,686,no,no,5600000,10/08/2026,#######
Asokoro,Abuja,terrace,1,1,113,yes,no,5700000,08/08/2026,#######
Allen,Lagos,duplex,6,5,,yes,no,6600000,18/08/2026,#######
Lekki Phase 2,Lagos,mansion,2,3,703,not stated,yes,5200000,10/08/2026,#######
Allen,Lagos,bungalow,2,3,136,not stated,yes,3600000,14/08/2026,#######
Guzape,Abuja,duplex,3,2,,no,yes,5600000,10/08/2026,#######
Allen,Lagos,self-contain,0,1,,no,no,300000,02/08/2026,#######
Wuse 2,Abuja,flat,6,5,,no,no,9300000,16/08/2026,#######
Ojodu Berger,Lagos,bungalow,3,2,,no,yes,3900000,18/08/2026,#######
Surulere,Lagos,self-contain,0,1,,not stated,yes,1500000,18/08/2026,#######
Wuse 2,Abuja,penthouse,3,4,734,yes,not stated,12300000,10/08/2026,#######
Ikeja,Lagos,penthouse,3,3,,no,yes,4800000,11/08/2026,#######
Katampe,Abuja,self-contain,0,1,41,yes,no,900000,18/08/2026,#######
Garki,Abuja,self-contain,0,1,104,no,no,-100000,03/08/2026,#######
Jahi,Abuja,duplex,3,3,,no,yes,5800000,07/08/2026,#######
Mabushi,Abuja,self-contain,0,1,,not stated,yes,1200000,06/08/2026,#######
Ikeja,Lagos,bungalow,1,2,,yes,no,3000000,15/08/2026,#######
Victoria Island,Lagos,terrace,6,7,446,yes,not stated,8000000,01/08/2026,#######
Surulere,Lagos,flat,2,1,119,no,yes,3800000,15/08/2026,#######
Festac,Lagos,flat,3,4,530,not stated,not stated,3900000,06/08/2026,#######
Dutse,Abuja,bungalow,5,4,,yes,no,4800000,05/08/2026,#######
Garki,Abuja,bungalow,3,3,,yes,no,4400000,05/08/2026,#######
Ajah,Lagos,flat,2,3,84,no,yes,2500000,01/08/2026,#######
Ilupeju,Lagos,penthouse,4,3,746,no,no,6400000,06/08/2026,#######
Dutse,Abuja,penthouse,2,3,142,not stated,not stated,4600000,06/08/2026,#######
Jahi,Abuja,penthouse,3,3,,yes,no,8900000,18/08/2026,#######
Gbagada,Lagos,penthouse,3,3,758,yes,yes,4900000,11/08/2026,#######
Guzape,Abuja,duplex,5,4,257,yes,no,6400000,11/08/2026,#######
Surulere,Lagos,self-contain,0,1,104,no,not stated,1100000,04/08/2026,#######
Ilupeju,Lagos,bungalow,4,3,268,not stated,yes,5000000,16/08/2026,#######
Lekki Phase 2,Lagos,flat,3,2,789,not stated,no,3700000,02/08/2026,#######
Lekki Phase 2,Lagos,mansion,2,2,1017,not stated,no,5200000,06/08/2026,#######
Asokoro,Abuja,penthouse,3,3,518,yes,yes,10800000,13/08/2026,#######
Gwarinpa,Abuja,penthouse,3,3,,no,no,8300000,02/08/2026,#######
Maryland,Lagos,terrace,2,2,113,not stated,no,3100000,14/08/2026,#######
Gwarinpa,Abuja,penthouse,3,4,797,not stated,not stated,8900000,02/08/2026,#######
Yaba,Lagos,flat,2,2,144,not stated,no,3700000,18/08/2026,#######
Ojodu Berger,Lagos,bungalow,6,6,,yes,no,6700000,10/08/2026,#######
Apo,Abuja,terrace,2,2,56,yes,no,2600000,16/08/2026,#######
Katampe,Abuja,terrace,3,3,163,yes,not stated,3200000,02/08/2026,#######
Ikeja GRA,Lagos,flat,1,1,106,yes,yes,4000000,06/08/2026,#######
Wuse 2,Abuja,mansion,3,3,826,not stated,not stated,16200000,07/08/2026,#######
Dutse,Abuja,penthouse,3,2,195,not stated,not stated,4900000,01/08/2026,#######
Victoria Island,Lagos,duplex,3,3,569,not stated,yes,6100000,01/08/2026,#######
Jahi,Abuja,self-contain,0,1,47,no,no,500000,04/08/2026,#######
Maitama,Abuja,self-contain,0,1,,no,yes,900000,13/08/2026,#######
Maitama,Abuja,duplex,4,3,,no,not stated,6200000,15/08/2026,#######
Ojodu Berger,Lagos,terrace,1,1,78,not stated,yes,2100000,07/08/2026,#######
Guzape,Abuja,penthouse,5,5,184,not stated,yes,11100000,11/08/2026,#######
Opebi,Lagos,flat,4,3,529,not stated,not stated,3900000,17/08/2026,#######
Ajah,Lagos,penthouse,2,1,69,not stated,not stated,5200000,03/08/2026,#######
Gwarinpa,Abuja,duplex,4,4,300,yes,no,5400000,18/08/2026,#######
Lugbe,Abuja,duplex,3,4,275,not stated,no,2900000,16/08/2026,#######
Gwarinpa,Abuja,duplex,4,4,703,yes,yes,6500000,09/08/2026,#######
Wuse 2,Abuja,penthouse,4,3,444,yes,not stated,11500000,13/08/2026,#######
Yaba,Lagos,penthouse,5,4,,yes,yes,7600000,11/08/2026,#######
Lugbe,Abuja,bungalow,4,3,421,yes,not stated,4400000,18/08/2026,#######
VGC,Lagos,bungalow,2,2,102,yes,yes,4600000,14/08/2026,#######
Maitama,Abuja,terrace,3,2,,no,no,5600000,17/08/2026,#######
Victoria Island,Lagos,mansion,2,1,789,not stated,yes,13600000,03/08/2026,#######
Life Camp,Abuja,self-contain,0,1,74,yes,no,0,07/08/2026,#######
Asokoro,Abuja,mansion,6,7,767,yes,yes,19300000,04/08/2026,#######
Gbagada,Lagos,bungalow,3,4,,yes,not stated,4500000,09/08/2026,#######
Gwarinpa,Abuja,penthouse,2,3,104,yes,yes,8000000,02/08/2026,#######
Wuse 1,Abuja,flat,2,2,72,not stated,no,2600000,04/08/2026,#######
Apo,Abuja,mansion,3,4,1067,yes,yes,6700000,18/08/2026,#######
Lugbe,Abuja,penthouse,5,5,517,not stated,not stated,7800000,06/08/2026,#######
VGC,Lagos,self-contain,0,1,126,yes,no,1100000,09/08/2026,#######
Lokogoma,Abuja,flat,1,1,,not stated,yes,2600000,01/08/2026,#######
Lekki Phase 2,Lagos,self-contain,0,1,107,not stated,yes,400000,16/08/2026,#######
Maitama,Abuja,duplex,5,6,431,not stated,yes,8800000,17/08/2026,#######
Life Camp,Abuja,self-contain,0,1,55,no,no,1000000,09/08/2026,#######
Asokoro,Abuja,duplex,1,1,41,not stated,not stated,4900000,04/08/2026,#######
Maitama,Abuja,bungalow,5,5,204,yes,yes,8000000,17/08/2026,#######
Gwarinpa,Abuja,mansion,3,2,791,not stated,not stated,12700000,08/08/2026,#######
Yaba,Lagos,flat,2,3,136,not stated,no,3600000,01/08/2026,#######
Life Camp,Abuja,penthouse,2,2,118,no,no,3900000,09/08/2026,#######
Ikoyi,Lagos,self-contain,0,1,89,no,not stated,1600000,12/08/2026,#######
Lokogoma,Abuja,self-contain,0,1,68,no,yes,1000000,01/08/2026,#######
Surulere,Lagos,penthouse,3,2,257,yes,not stated,6300000,10/08/2026,#######
Apo,Abuja,bungalow,2,2,134,not stated,yes,3300000,06/08/2026,#######
Gbagada,Lagos,penthouse,2,1,,no,no,5200000,02/08/2026,#######
Festac,Lagos,self-contain,0,1,129,not stated,not stated,1300000,02/08/2026,#######
Wuse 1,Abuja,penthouse,4,5,427,not stated,not stated,6800000,06/08/2026,#######
Dutse,Abuja,mansion,6,5,795,yes,no,8800000,07/08/2026,#######
Opebi,Lagos,flat,3,3,,no,yes,3000000,15/08/2026,#######
Apo,Abuja,mansion,5,4,882,no,not stated,9200000,12/08/2026,#######
Dutse,Abuja,mansion,5,4,,not stated,yes,7600000,14/08/2026,#######
Lekki Phase 2,Lagos,duplex,2,2,52,yes,no,2900000,18/08/2026,#######
Ikeja,Lagos,self-contain,0,1,94,not stated,no,1200000,12/08/2026,#######
Festac,Lagos,penthouse,3,4,370,not stated,not stated,5200000,01/08/2026,#######
Asokoro,Abuja,penthouse,2,3,125,yes,no,10700000,11/08/2026,#######
Jahi,Abuja,penthouse,5,4,568,no,yes,11200000,09/08/2026,#######
Yaba,Lagos,self-contain,0,1,127,yes,yes,0,01/08/2026,#######
Wuse 2,Abuja,bungalow,1,1,,no,not stated,5000000,14/08/2026,#######
Ikeja,Lagos,flat,4,5,530,yes,not stated,5500000,07/08/2026,#######
Yaba,Lagos,flat,5,5,277,yes,no,4500000,03/08/2026,#######
VGC,Lagos,bungalow,4,3,260,no,not stated,5700000,18/08/2026,#######
Amuwo Odofin,Lagos,duplex,4,4,336,no,no,5300000,06/08/2026,#######
Ikeja GRA,Lagos,penthouse,2,3,,yes,not stated,7000000,02/08/2026,#######
Ojodu Berger,Lagos,mansion,3,3,760,yes,not stated,7200000,10/08/2026,#######
Guzape,Abuja,duplex,5,5,,not stated,yes,6500000,16/08/2026,#######
Mabushi,Abuja,penthouse,2,2,111,not stated,yes,4700000,17/08/2026,#######
Life Camp,Abuja,self-contain,0,1,112,yes,no,1100000,10/08/2026,#######
Garki,Abuja,penthouse,6,6,651,no,not stated,8400000,13/08/2026,#######
Ajah,Lagos,penthouse,2,1,,no,not stated,4500000,09/08/2026,#######
Gwarinpa,Abuja,self-contain,0,1,128,yes,not stated,400000,12/08/2026,#######
Opebi,Lagos,terrace,6,5,316,not stated,yes,6700000,17/08/2026,#######
Ikeja GRA,Lagos,terrace,3,3,354,not stated,no,5700000,07/08/2026,#######
Guzape,Abuja,terrace,3,2,157,no,yes,5700000,05/08/2026,#######
Life Camp,Abuja,duplex,3,4,446,no,no,4700000,01/08/2026,#######
Amuwo Odofin,Lagos,mansion,2,1,,yes,no,7000000,13/08/2026,#######
Yaba,Lagos,self-contain,0,1,57,no,yes,-100000,17/08/2026,#######
Ilupeju,Lagos,penthouse,3,4,433,no,yes,5700000,15/08/2026,#######
Ikeja,Lagos,mansion,2,3,,yes,yes,6600000,05/08/2026,#######
Surulere,Lagos,self-contain,0,1,119,yes,not stated,1000000,18/08/2026,#######
Ikeja GRA,Lagos,self-contain,0,1,141,no,not stated,500000,16/08/2026,#######
Maitama,Abuja,penthouse,1,2,130,not stated,not stated,9800000,15/08/2026,#######
Wuse 1,Abuja,duplex,2,2,45,no,yes,4000000,18/08/2026,#######
Asokoro,Abuja,self-contain,0,1,,not stated,no,1800000,07/08/2026,#######
Magodo,Lagos,bungalow,2,2,,yes,not stated,4600000,03/08/2026,#######
Ikeja,Lagos,terrace,4,4,448,no,yes,3900000,08/08/2026,#######
Ojodu Berger,Lagos,flat,3,3,353,yes,no,3500000,08/08/2026,#######
Sangotedo,Lagos,flat,3,2,605,no,no,3400000,11/08/2026,#######
Surulere,Lagos,terrace,1,1,,not stated,not stated,3000000,06/08/2026,#######
Lokogoma,Abuja,terrace,4,5,,no,yes,4800000,17/08/2026,#######
Garki,Abuja,penthouse,2,3,72,not stated,no,4200000,08/08/2026,#######
Ikoyi,Lagos,flat,4,3,304,yes,yes,6300000,14/08/2026,#######
Jahi,Abuja,self-contain,0,1,,no,yes,1200000,11/08/2026,#######
Ojodu Berger,Lagos,bungalow,3,3,,yes,yes,3700000,07/08/2026,#######
Guzape,Abuja,mansion,2,3,1017,not stated,no,11100000,03/08/2026,#######
Lugbe,Abuja,duplex,5,6,385,no,no,6100000,10/08/2026,#######
Katampe,Abuja,penthouse,2,3,,not stated,yes,4700000,08/08/2026,#######
Ikeja,Lagos,duplex,5,6,230,no,yes,5400000,18/08/2026,#######
Maitama,Abuja,penthouse,5,4,645,no,no,14000000,17/08/2026,#######
Ilupeju,Lagos,flat,4,4,,yes,yes,5200000,16/08/2026,#######
VGC,Lagos,flat,4,5,,yes,not stated,4700000,02/08/2026,#######
Lugbe,Abuja,flat,6,7,157,not stated,no,5800000,17/08/2026,#######
Wuse 1,Abuja,duplex,4,5,,yes,no,4200000,17/08/2026,#######
Ajah,Lagos,self-contain,0,1,130,not stated,not stated,800000,12/08/2026,#######
Ikeja,Lagos,terrace,5,4,,yes,not stated,5000000,17/08/2026,#######
Garki,Abuja,penthouse,2,1,92,no,not stated,4700000,03/08/2026,#######
Wuse 2,Abuja,self-contain,0,1,46,yes,yes,900000,04/08/2026,#######
Apo,Abuja,flat,2,3,,no,no,2400000,12/08/2026,#######
Gbagada,Lagos,duplex,2,2,148,yes,not stated,2700000,04/08/2026,#######
Surulere,Lagos,bungalow,3,2,264,not stated,no,3800000,15/08/2026,#######
Maryland,Lagos,mansion,1,2,1185,not stated,no,4700000,15/08/2026,#######
Festac,Lagos,flat,2,2,40,yes,not stated,2100000,02/08/2026,#######
Lokogoma,Abuja,flat,4,3,526,no,no,5100000,18/08/2026,#######
Lekki Phase 1,Lagos,terrace,3,4,,not stated,no,5300000,13/08/2026,#######
Lekki Phase 1,Lagos,penthouse,2,3,126,not stated,not stated,10000000,08/08/2026,#######
Lekki Phase 1,Lagos,mansion,2,3,969,yes,no,13100000,08/08/2026,#######
Asokoro,Abuja,self-contain,0,1,52,yes,no,1600000,03/08/2026,#######
Amuwo Odofin,Lagos,self-contain,0,1,135,yes,yes,1600000,12/08/2026,#######
Gwarinpa,Abuja,self-contain,0,1,,not stated,no,900000,13/08/2026,#######
Festac,Lagos,self-contain,0,1,138,not stated,no,1700000,17/08/2026,#######
Ajah,Lagos,self-contain,0,1,99,yes,yes,0,09/08/2026,#######
Ojodu Berger,Lagos,bungalow,3,3,463,not stated,yes,4100000,07/08/2026,#######
Gwarinpa,Abuja,terrace,4,4,415,yes,yes,6400000,10/08/2026,#######
Apo,Abuja,flat,4,4,511,not stated,no,4500000,10/08/2026,#######
Victoria Island,Lagos,self-contain,0,1,,no,no,1600000,01/08/2026,#######
Lokogoma,Abuja,flat,4,4,193,not stated,no,4900000,16/08/2026,#######
Maryland,Lagos,mansion,3,3,681,yes,no,6500000,08/08/2026,#######
Gwarinpa,Abuja,penthouse,3,3,655,yes,not stated,8500000,17/08/2026,#######
Ikeja,Lagos,mansion,1,1,562,yes,yes,5300000,16/08/2026,#######
Dutse,Abuja,terrace,2,1,49,no,not stated,3400000,17/08/2026,#######
Magodo,Lagos,duplex,5,4,,yes,not stated,6300000,09/08/2026,#######
Jahi,Abuja,penthouse,3,4,,not stated,no,8400000,01/08/2026,#######
Mabushi,Abuja,terrace,6,7,,no,no,5900000,01/08/2026,#######
Katampe,Abuja,terrace,3,2,,yes,yes,4200000,09/08/2026,#######
Festac,Lagos,mansion,4,3,,no,no,7700000,05/08/2026,#######
Maryland,Lagos,penthouse,4,3,,not stated,yes,5200000,18/08/2026,#######
Gbagada,Lagos,penthouse,2,1,116,not stated,yes,5100000,05/08/2026,#######
Yaba,Lagos,self-contain,0,1,124,no,yes,0,05/08/2026,#######
Lekki Phase 1,Lagos,duplex,3,3,247,no,not stated,5800000,15/08/2026,#######
Amuwo Odofin,Lagos,duplex,3,4,588,not stated,yes,4400000,01/08/2026,#######
Lugbe,Abuja,self-contain,0,1,129,not stated,no,0,10/08/2026,#######
Surulere,Lagos,duplex,2,3,86,not stated,yes,3500000,09/08/2026,#######
Asokoro,Abuja,duplex,1,1,44,no,not stated,5200000,08/08/2026,#######
Opebi,Lagos,flat,4,4,493,no,no,4900000,04/08/2026,#######
Mabushi,Abuja,bungalow,3,2,,not stated,yes,3400000,16/08/2026,#######
Ajah,Lagos,bungalow,5,4,,no,not stated,5200000,12/08/2026,#######
Yaba,Lagos,penthouse,4,4,652,not stated,no,5300000,14/08/2026,#######
Sangotedo,Lagos,bungalow,5,5,,yes,no,4800000,09/08/2026,#######
Dutse,Abuja,bungalow,2,1,60,yes,not stated,3500000,09/08/2026,#######
Mabushi,Abuja,terrace,1,1,,not stated,not stated,1400000,03/08/2026,#######
Maryland,Lagos,self-contain,0,1,91,no,no,0,17/08/2026,#######
Ilupeju,Lagos,terrace,5,5,352,no,not stated,4600000,18/08/2026,#######
Dutse,Abuja,duplex,1,1,120,no,not stated,2800000,04/08/2026,#######
Lugbe,Abuja,bungalow,2,3,,not stated,yes,2500000,18/08/2026,#######
Lekki Phase 2,Lagos,duplex,5,5,,yes,not stated,5600000,17/08/2026,#######
Maryland,Lagos,self-contain,0,1,59,yes,not stated,500000,13/08/2026,#######
Surulere,Lagos,flat,5,6,,not stated,yes,4900000,07/08/2026,#######
Wuse 2,Abuja,bungalow,3,2,682,no,no,7300000,14/08/2026,#######
Jahi,Abuja,duplex,2,3,150,not stated,no,4300000,06/08/2026,#######
Amuwo Odofin,Lagos,flat,3,4,,yes,yes,4700000,15/08/2026,#######
Mabushi,Abuja,flat,2,2,108,yes,not stated,3500000,03/08/2026,#######
Asokoro,Abuja,flat,3,3,622,yes,no,5600000,14/08/2026,#######
Maitama,Abuja,bungalow,5,6,,yes,no,8400000,02/08/2026,#######
Lekki Phase 2,Lagos,self-contain,0,1,146,not stated,yes,0,11/08/2026,#######
Asokoro,Abuja,self-contain,0,1,55,no,yes,600000,08/08/2026,#######
Amuwo Odofin,Lagos,mansion,4,5,589,not stated,no,7400000,15/08/2026,#######
Wuse 2,Abuja,duplex,5,6,,no,no,7500000,18/08/2026,#######
Lokogoma,Abuja,penthouse,4,3,799,yes,not stated,6500000,17/08/2026,#######
Garki,Abuja,mansion,5,4,550,no,not stated,8700000,12/08/2026,#######
Surulere,Lagos,duplex,4,4,497,yes,not stated,5500000,12/08/2026,#######
Ikeja,Lagos,penthouse,6,7,265,no,not stated,8400000,01/08/2026,#######
Wuse 2,Abuja,penthouse,3,3,,not stated,yes,11900000,14/08/2026,#######
Asokoro,Abuja,flat,6,7,,no,not stated,8800000,07/08/2026,#######
Wuse 2,Abuja,duplex,2,1,63,yes,no,5100000,09/08/2026,#######
Ikoyi,Lagos,mansion,2,1,767,no,not stated,14100000,16/08/2026,#######
Dutse,Abuja,self-contain,0,1,78,yes,not stated,1500000,18/08/2026,#######
Allen,Lagos,duplex,3,2,336,yes,not stated,2900000,07/08/2026,#######
Apo,Abuja,mansion,1,1,878,not stated,yes,4900000,09/08/2026,#######
Amuwo Odofin,Lagos,duplex,1,1,42,not stated,not stated,1300000,15/08/2026,#######
Ikeja GRA,Lagos,bungalow,1,2,,yes,yes,3100000,07/08/2026,#######
Life Camp,Abuja,penthouse,2,1,,not stated,no,4600000,03/08/2026,#######
Jahi,Abuja,flat,3,4,785,yes,no,5200000,07/08/2026,#######
Magodo,Lagos,penthouse,3,2,277,no,yes,7200000,17/08/2026,#######
Ikoyi,Lagos,duplex,1,1,141,not stated,yes,5000000,11/08/2026,#######
Ikeja,Lagos,penthouse,4,5,594,no,not stated,6800000,12/08/2026,#######
Sangotedo,Lagos,penthouse,3,4,414,yes,not stated,4500000,15/08/2026,#######
Sangotedo,Lagos,bungalow,2,1,102,yes,no,3100000,04/08/2026,#######
Garki,Abuja,flat,2,1,102,no,no,3600000,18/08/2026,#######
Maryland,Lagos,mansion,1,1,761,not stated,no,5800000,04/08/2026,#######
Ikeja GRA,Lagos,duplex,4,5,643,yes,yes,5000000,09/08/2026,#######
Asokoro,Abuja,mansion,3,4,532,not stated,yes,16100000,12/08/2026,#######
Ikoyi,Lagos,bungalow,4,3,562,yes,no,5800000,10/08/2026,#######
Lekki Phase 1,Lagos,bungalow,2,3,123,yes,no,5600000,02/08/2026,#######
VGC,Lagos,mansion,2,3,737,yes,not stated,9300000,12/08/2026,#######
Festac,Lagos,self-contain,0,1,60,yes,not stated,600000,02/08/2026,#######
Maryland,Lagos,flat,4,4,254,no,no,5300000,08/08/2026,#######
Allen,Lagos,duplex,5,5,634,not stated,not stated,4600000,14/08/2026,#######
Gbagada,Lagos,self-contain,0,1,111,yes,no,1000000,01/08/2026,#######
Victoria Island,Lagos,bungalow,4,4,,no,not stated,7500000,09/08/2026,#######
Gbagada,Lagos,terrace,3,2,448,no,not stated,3200000,09/08/2026,#######
Dutse,Abuja,self-contain,0,1,44,not stated,no,500000,07/08/2026,#######
Wuse 2,Abuja,bungalow,3,3,359,yes,no,5900000,14/08/2026,#######
Ikoyi,Lagos,self-contain,0,1,74,no,no,1300000,04/08/2026,#######
Amuwo Odofin,Lagos,terrace,2,3,,no,yes,2800000,10/08/2026,#######
Victoria Island,Lagos,bungalow,2,2,,no,yes,5300000,14/08/2026,#######
Gwarinpa,Abuja,bungalow,6,6,267,yes,no,7300000,06/08/2026,#######
Magodo,Lagos,penthouse,2,2,,yes,not stated,6300000,01/08/2026,#######
Lugbe,Abuja,duplex,3,4,582,no,no,3300000,10/08/2026,#######
Garki,Abuja,terrace,3,2,794,yes,yes,3300000,09/08/2026,#######
Maryland,Lagos,penthouse,3,3,,no,no,4700000,09/08/2026,#######
Gwarinpa,Abuja,mansion,1,2,856,no,not stated,10900000,06/08/2026,#######
Allen,Lagos,terrace,3,2,342,not stated,no,4600000,17/08/2026,#######
Magodo,Lagos,flat,5,5,649,no,yes,6400000,14/08/2026,#######
Dutse,Abuja,flat,3,2,710,yes,no,3700000,07/08/2026,#######
Festac,Lagos,bungalow,4,5,745,no,not stated,4900000,08/08/2026,#######
Ikeja GRA,Lagos,bungalow,3,3,296,not stated,no,4800000,03/08/2026,#######
Lugbe,Abuja,bungalow,2,2,139,yes,not stated,3000000,11/08/2026,#######
Jahi,Abuja,duplex,2,1,137,no,no,4900000,07/08/2026,#######
Lekki Phase 2,Lagos,mansion,3,4,805,not stated,yes,7100000,17/08/2026,#######
Apo,Abuja,flat,1,1,43,no,no,2500000,13/08/2026,#######
Wuse 1,Abuja,mansion,5,4,941,yes,not stated,8600000,06/08/2026,#######
Lokogoma,Abuja,bungalow,4,3,,not stated,no,5600000,11/08/2026,#######
Lokogoma,Abuja,penthouse,4,3,236,no,yes,5600000,07/08/2026,#######
Life Camp,Abuja,flat,5,5,278,yes,yes,4900000,17/08/2026,#######
Mabushi,Abuja,bungalow,5,6,702,no,no,5900000,09/08/2026,#######
Festac,Lagos,penthouse,3,2,696,yes,yes,4400000,08/08/2026,#######
Maryland,Lagos,penthouse,4,5,,no,yes,5200000,18/08/2026,#######
Garki,Abuja,duplex,3,4,,not stated,yes,2900000,17/08/2026,#######
Surulere,Lagos,terrace,3,4,,no,not stated,3500000,12/08/2026,#######
Ikeja GRA,Lagos,self-contain,0,1,149,not stated,yes,2000000,18/08/2026,#######
Ikeja GRA,Lagos,flat,5,6,,no,no,6400000,10/08/2026,#######
Sangotedo,Lagos,self-contain,0,1,94,yes,yes,1500000,13/08/2026,#######
Maitama,Abuja,bungalow,2,1,81,yes,no,5500000,02/08/2026,#######
Allen,Lagos,terrace,6,5,697,not stated,not stated,5900000,18/08/2026,#######
Maitama,Abuja,penthouse,1,1,,yes,not stated,10800000,02/08/2026,#######
Maitama,Abuja,flat,4,5,,not stated,not stated,7200000,13/08/2026,#######
Apo,Abuja,terrace,4,4,426,yes,no,4400000,10/08/2026,#######
Wuse 1,Abuja,duplex,3,4,485,yes,no,4300000,12/08/2026,#######
Life Camp,Abuja,self-contain,0,1,94,yes,not stated,1600000,16/08/2026,#######
Lokogoma,Abuja,self-contain,0,1,74,yes,no,300000,14/08/2026,#######
Gwarinpa,Abuja,duplex,3,4,,no,yes,5600000,01/08/2026,#######
Guzape,Abuja,duplex,3,3,174,not stated,not stated,5400000,05/08/2026,#######
Maitama,Abuja,mansion,5,6,,no,not stated,19000000,18/08/2026,#######
Lekki Phase 1,Lagos,flat,3,2,,no,yes,6300000,01/08/2026,#######
Wuse 2,Abuja,flat,1,1,79,no,yes,5300000,02/08/2026,#######
Ilupeju,Lagos,terrace,3,4,292,yes,yes,4000000,08/08/2026,#######
Apo,Abuja,penthouse,2,3,123,not stated,not stated,4200000,02/08/2026,#######
Ikoyi,Lagos,bungalow,3,2,,no,not stated,6100000,16/08/2026,#######
Lokogoma,Abuja,penthouse,6,5,,not stated,yes,8100000,07/08/2026,#######
Lekki Phase 2,Lagos,duplex,1,1,44,not stated,yes,2800000,17/08/2026,#######
Gwarinpa,Abuja,terrace,2,1,82,no,yes,4900000,01/08/2026,#######
Lugbe,Abuja,bungalow,1,1,124,no,no,2700000,03/08/2026,#######
Magodo,Lagos,duplex,4,4,264,no,no,6100000,15/08/2026,#######
Sangotedo,Lagos,flat,3,4,682,yes,not stated,4800000,01/08/2026,#######
Ojodu Berger,Lagos,penthouse,5,6,,not stated,no,6600000,03/08/2026,#######
Asokoro,Abuja,duplex,2,2,55,yes,yes,5900000,14/08/2026,#######
Gbagada,Lagos,flat,3,3,,no,not stated,3700000,02/08/2026,#######
Asokoro,Abuja,penthouse,4,4,,no,no,12300000,07/08/2026,#######
Wuse 1,Abuja,flat,3,3,,yes,no,4500000,05/08/2026,#######
Wuse 2,Abuja,flat,3,4,308,not stated,no,5600000,17/08/2026,#######
Lugbe,Abuja,self-contain,0,1,47,yes,yes,1200000,11/08/2026,#######
Katampe,Abuja,flat,3,4,561,not stated,yes,3300000,13/08/2026,#######
Gwarinpa,Abuja,bungalow,2,3,134,not stated,not stated,4100000,09/08/2026,#######
Gwarinpa,Abuja,duplex,2,1,,no,no,5500000,05/08/2026,#######
Guzape,Abuja,bungalow,2,3,90,yes,yes,3900000,08/08/2026,#######
Maryland,Lagos,penthouse,4,3,334,no,yes,6900000,09/08/2026,#######
Sangotedo,Lagos,self-contain,0,1,,no,no,-100000,05/08/2026,#######
Lokogoma,Abuja,mansion,2,1,,not stated,no,6700000,16/08/2026,#######
Jahi,Abuja,duplex,2,3,116,yes,no,5000000,14/08/2026,#######
Lugbe,Abuja,duplex,3,4,406,not stated,not stated,4100000,09/08/2026,#######
Asokoro,Abuja,bungalow,4,4,,no,yes,6400000,03/08/2026,#######
Apo,Abuja,duplex,3,3,410,not stated,yes,3500000,14/08/2026,#######
Dutse,Abuja,mansion,2,2,1035,not stated,no,5900000,09/08/2026,#######
Maryland,Lagos,mansion,4,3,,yes,no,8100000,01/08/2026,#######
Ikeja GRA,Lagos,mansion,6,5,1122,yes,yes,14100000,01/08/2026,#######
Katampe,Abuja,mansion,2,2,,yes,no,6800000,08/08/2026,#######
Gbagada,Lagos,mansion,3,2,980,not stated,yes,6800000,09/08/2026,#######
Festac,Lagos,terrace,1,1,117,yes,yes,2600000,14/08/2026,#######
Sangotedo,Lagos,penthouse,2,1,69,not stated,yes,4000000,07/08/2026,#######
Lekki Phase 1,Lagos,flat,3,3,247,yes,no,6400000,18/08/2026,#######
Wuse 1,Abuja,penthouse,2,2,,yes,not stated,5500000,11/08/2026,#######
Guzape,Abuja,flat,5,4,625,no,not stated,6000000,12/08/2026,#######
Ikeja,Lagos,flat,2,2,,yes,not stated,3400000,06/08/2026,#######
Garki,Abuja,penthouse,2,1,,yes,not stated,4500000,14/08/2026,#######
Lokogoma,Abuja,mansion,2,1,1077,no,no,5200000,16/08/2026,#######
Surulere,Lagos,penthouse,3,4,304,not stated,yes,5700000,08/08/2026,#######
Ajah,Lagos,penthouse,4,5,,no,not stated,6100000,06/08/2026,#######
Guzape,Abuja,penthouse,5,5,,not stated,not stated,10000000,05/08/2026,#######
Gbagada,Lagos,flat,3,4,522,not stated,yes,3500000,06/08/2026,#######
Dutse,Abuja,mansion,2,1,1013,not stated,no,6600000,11/08/2026,#######
Ikoyi,Lagos,terrace,2,1,146,yes,yes,5300000,05/08/2026,#######
Ikeja,Lagos,flat,3,2,206,no,not stated,4100000,06/08/2026,#######
Maryland,Lagos,mansion,3,4,616,no,yes,5900000,04/08/2026,#######
Opebi,Lagos,flat,4,3,554,yes,no,4200000,07/08/2026,#######
Magodo,Lagos,bungalow,3,3,159,yes,no,5600000,06/08/2026,#######
Katampe,Abuja,penthouse,1,1,,no,no,3500000,05/08/2026,#######
Ikeja GRA,Lagos,flat,4,4,,not stated,not stated,5200000,11/08/2026,#######
Wuse 1,Abuja,flat,5,5,767,yes,not stated,4600000,18/08/2026,#######
Life Camp,Abuja,terrace,4,3,395,no,no,5200000,06/08/2026,#######
Ojodu Berger,Lagos,penthouse,6,7,162,no,not stated,8000000,13/08/2026,#######
Jahi,Abuja,penthouse,2,1,,not stated,no,8500000,03/08/2026,#######
Dutse,Abuja,duplex,2,1,,yes,yes,2300000,10/08/2026,#######
Magodo,Lagos,self-contain,0,1,106,not stated,not stated,100000,17/08/2026,#######
Guzape,Abuja,flat,3,4,477,yes,yes,4600000,12/08/2026,#######
Lekki Phase 2,Lagos,duplex,2,1,109,not stated,no,2600000,07/08/2026,#######
Yaba,Lagos,terrace,3,2,,no,yes,3000000,03/08/2026,#######
Ikeja,Lagos,flat,3,4,462,yes,yes,4700000,18/08/2026,#######
Ikeja GRA,Lagos,flat,3,4,427,not stated,no,4500000,15/08/2026,#######
Lugbe,Abuja,mansion,5,4,1138,not stated,not stated,8700000,16/08/2026,#######
Ikoyi,Lagos,mansion,1,1,1083,not stated,no,12300000,05/08/2026,#######
Allen,Lagos,mansion,4,5,,no,yes,6900000,01/08/2026,#######
Maryland,Lagos,flat,3,2,600,yes,no,3800000,13/08/2026,#######
Lokogoma,Abuja,terrace,2,1,,no,no,3500000,13/08/2026,#######
Victoria Island,Lagos,penthouse,3,3,714,not stated,no,11300000,16/08/2026,#######
Katampe,Abuja,self-contain,0,1,103,yes,not stated,700000,05/08/2026,#######
Wuse 2,Abuja,bungalow,1,2,47,not stated,not stated,5300000,16/08/2026,#######
Jahi,Abuja,penthouse,2,1,86,yes,not stated,7300000,13/08/2026,#######
Maitama,Abuja,self-contain,0,1,,not stated,not stated,2100000,14/08/2026,#######
Garki,Abuja,self-contain,0,1,117,no,yes,400000,10/08/2026,#######
Ikoyi,Lagos,terrace,4,3,428,no,no,6700000,05/08/2026,#######
Guzape,Abuja,bungalow,4,5,403,no,not stated,6000000,17/08/2026,#######
Lugbe,Abuja,self-contain,0,1,135,no,not stated,1000000,05/08/2026,#######
Garki,Abuja,duplex,4,5,628,no,no,5500000,01/08/2026,#######
Lokogoma,Abuja,mansion,3,4,,no,no,6700000,02/08/2026,#######
Asokoro,Abuja,mansion,2,3,1184,not stated,no,16800000,09/08/2026,#######
Lekki Phase 1,Lagos,bungalow,2,1,61,not stated,yes,4200000,02/08/2026,#######
Magodo,Lagos,flat,3,3,351,not stated,not stated,5200000,16/08/2026,#######
Lekki Phase 2,Lagos,mansion,5,5,1042,yes,no,8100000,07/08/2026,#######
Ojodu Berger,Lagos,flat,3,2,740,not stated,not stated,3900000,15/08/2026,#######
Opebi,Lagos,bungalow,5,4,300,no,no,5800000,13/08/2026,#######
Mabushi,Abuja,penthouse,2,2,42,no,yes,4800000,15/08/2026,#######
Surulere,Lagos,self-contain,0,1,64,no,not stated,500000,01/08/2026,#######
Garki,Abuja,duplex,2,3,72,yes,no,2500000,10/08/2026,#######
Lekki Phase 2,Lagos,mansion,2,3,931,not stated,no,6700000,04/08/2026,#######
Ikeja GRA,Lagos,flat,3,3,303,yes,not stated,5100000,15/08/2026,#######
Gwarinpa,Abuja,terrace,2,1,123,no,yes,3600000,11/08/2026,#######
Lokogoma,Abuja,bungalow,1,1,107,not stated,not stated,3100000,10/08/2026,#######
Sangotedo,Lagos,bungalow,3,4,715,yes,yes,4600000,16/08/2026,#######
Ilupeju,Lagos,penthouse,6,7,178,not stated,yes,8700000,16/08/2026,#######
Lekki Phase 1,Lagos,self-contain,0,1,51,not stated,yes,500000,03/08/2026,#######
Ikoyi,Lagos,bungalow,3,4,206,not stated,yes,4900000,13/08/2026,#######
Wuse 1,Abuja,terrace,2,2,148,not stated,yes,2700000,02/08/2026,#######
Opebi,Lagos,penthouse,3,2,691,yes,no,4500000,13/08/2026,#######
Maryland,Lagos,penthouse,3,2,631,no,no,4700000,09/08/2026,#######
Wuse 1,Abuja,bungalow,2,2,55,no,no,2800000,02/08/2026,#######
Opebi,Lagos,penthouse,2,3,,not stated,not stated,4300000,04/08/2026,#######
Mabushi,Abuja,duplex,5,5,352,no,no,4500000,13/08/2026,#######
Ikeja GRA,Lagos,terrace,1,2,,yes,not stated,2900000,12/08/2026,#######
Apo,Abuja,self-contain,0,1,92,yes,no,600000,07/08/2026,#######
Gwarinpa,Abuja,self-contain,0,1,,not stated,not stated,1500000,18/08/2026,#######
Ajah,Lagos,flat,3,2,703,not stated,yes,3400000,01/08/2026,#######
Sangotedo,Lagos,mansion,3,4,845,not stated,yes,6800000,02/08/2026,#######
Maitama,Abuja,self-contain,0,1,,yes,yes,2400000,07/08/2026,#######
Mabushi,Abuja,penthouse,4,4,274,yes,yes,6900000,09/08/2026,#######
Guzape,Abuja,penthouse,3,4,321,no,yes,9100000,17/08/2026,#######
Apo,Abuja,flat,4,3,774,not stated,not stated,5000000,02/08/2026,#######
Amuwo Odofin,Lagos,flat,2,1,50,yes,no,2100000,02/08/2026,#######
Garki,Abuja,mansion,3,3,,no,no,6100000,18/08/2026,#######
Garki,Abuja,duplex,2,3,66,no,no,2700000,13/08/2026,#######
Allen,Lagos,terrace,4,3,298,no,no,4600000,10/08/2026,#######
Victoria Island,Lagos,penthouse,3,3,689,yes,no,9900000,16/08/2026,#######
Yaba,Lagos,duplex,1,2,,not stated,not stated,2600000,08/08/2026,#######
Sangotedo,Lagos,duplex,5,6,773,no,not stated,4600000,11/08/2026,#######
Gbagada,Lagos,self-contain,0,1,,yes,not stated,1300000,05/08/2026,#######
Garki,Abuja,flat,5,6,286,not stated,no,5300000,03/08/2026,#######
Allen,Lagos,mansion,2,3,704,no,not stated,5900000,03/08/2026,#######
Ikeja GRA,Lagos,mansion,6,7,656,not stated,no,13200000,08/08/2026,#######
Lekki Phase 1,Lagos,duplex,2,3,81,yes,not stated,5900000,09/08/2026,#######
Jahi,Abuja,flat,6,6,,no,yes,7500000,09/08/2026,#######
Maryland,Lagos,duplex,2,1,75,no,not stated,3900000,03/08/2026,#######
Mabushi,Abuja,flat,3,3,588,yes,no,4200000,15/08/2026,#######
Allen,Lagos,duplex,3,2,,no,no,3000000,06/08/2026,#######
Allen,Lagos,penthouse,5,6,,yes,yes,6600000,13/08/2026,#######
Surulere,Lagos,penthouse,3,4,256,yes,not stated,4900000,17/08/2026,#######
Asokoro,Abuja,self-contain,0,1,130,no,no,1300000,08/08/2026,#######
Katampe,Abuja,terrace,5,5,359,yes,no,4900000,12/08/2026,#######
Garki,Abuja,penthouse,3,3,,no,no,4600000,06/08/2026,#######
Katampe,Abuja,terrace,3,3,190,no,yes,3800000,06/08/2026,#######
Lokogoma,Abuja,penthouse,3,3,609,no,not stated,5200000,13/08/2026,#######
Sangotedo,Lagos,flat,4,5,,no,not stated,4900000,14/08/2026,#######
Festac,Lagos,terrace,5,6,,yes,yes,4700000,16/08/2026,#######
Jahi,Abuja,bungalow,2,1,101,no,not stated,3600000,01/08/2026,#######
Ajah,Lagos,bungalow,2,1,145,no,not stated,3200000,08/08/2026,#######
Apo,Abuja,bungalow,2,3,,not stated,yes,3300000,10/08/2026,#######
Gbagada,Lagos,mansion,4,4,,not stated,not stated,7200000,13/08/2026,#######
Gwarinpa,Abuja,self-contain,0,1,,no,no,2000000,09/08/2026,#######
Amuwo Odofin,Lagos,mansion,4,5,1036,no,not stated,6700000,04/08/2026,#######
Maryland,Lagos,penthouse,5,6,,no,no,7500000,17/08/2026,#######
Lekki Phase 1,Lagos,flat,2,2,89,yes,yes,5500000,04/08/2026,#######
Wuse 1,Abuja,mansion,3,2,1175,no,not stated,6400000,12/08/2026,#######
Lekki Phase 1,Lagos,penthouse,2,2,101,no,yes,10200000,14/08/2026,#######
Magodo,Lagos,penthouse,1,2,,not stated,yes,6200000,01/08/2026,#######
Dutse,Abuja,mansion,6,5,973,no,no,9000000,02/08/2026,#######
Guzape,Abuja,mansion,6,5,706,yes,yes,16100000,13/08/2026,#######
Asokoro,Abuja,duplex,5,5,793,not stated,no,8300000,11/08/2026,#######
Gwarinpa,Abuja,bungalow,3,2,640,yes,no,5100000,18/08/2026,#######
Apo,Abuja,penthouse,3,3,175,not stated,no,5400000,03/08/2026,#######
Lekki Phase 1,Lagos,mansion,2,2,1063,no,no,13200000,17/08/2026,#######
Apo,Abuja,bungalow,1,2,140,not stated,not stated,2900000,09/08/2026,#######
Mabushi,Abuja,terrace,1,1,,no,not stated,2600000,18/08/2026,#######
Lekki Phase 1,Lagos,mansion,3,2,,no,no,15400000,14/08/2026,#######
Festac,Lagos,flat,3,4,,no,not stated,3900000,14/08/2026,#######
Yaba,Lagos,flat,2,2,43,not stated,yes,3900000,14/08/2026,#######
Lugbe,Abuja,mansion,6,7,,no,not stated,8300000,01/08/2026,#######
Ikoyi,Lagos,terrace,1,1,,yes,no,4300000,17/08/2026,#######
Ilupeju,Lagos,bungalow,5,6,399,not stated,no,5100000,04/08/2026,#######
Life Camp,Abuja,duplex,3,2,569,not stated,no,3200000,05/08/2026,#######
Dutse,Abuja,bungalow,1,1,,yes,not stated,2100000,10/08/2026,#######
Opebi,Lagos,flat,2,1,63,no,yes,2300000,01/08/2026,#######
Guzape,Abuja,flat,3,3,,no,not stated,6100000,05/08/2026,#######
Apo,Abuja,self-contain,0,1,44,not stated,not stated,1000000,09/08/2026,#######
Allen,Lagos,bungalow,2,1,83,not stated,yes,3000000,17/08/2026,#######
Allen,Lagos,penthouse,3,2,,not stated,yes,5400000,17/08/2026,#######
Ikeja,Lagos,mansion,2,3,835,no,not stated,6500000,03/08/2026,#######
Guzape,Abuja,flat,2,1,133,no,yes,4900000,08/08/2026,#######
Ajah,Lagos,self-contain,0,1,134,yes,not stated,900000,10/08/2026,#######
Ikeja,Lagos,mansion,4,3,,not stated,yes,6700000,16/08/2026,#######
Wuse 1,Abuja,duplex,3,3,750,no,yes,4000000,02/08/2026,#######
Gbagada,Lagos,mansion,2,2,1159,not stated,not stated,5700000,12/08/2026,#######
Wuse 2,Abuja,self-contain,0,1,127,no,not stated,1200000,03/08/2026,#######
VGC,Lagos,duplex,3,2,246,not stated,no,5200000,14/08/2026,#######
Surulere,Lagos,flat,2,3,,yes,yes,2400000,01/08/2026,#######
Lekki Phase 2,Lagos,flat,6,6,372,yes,no,7000000,11/08/2026,#######
Maryland,Lagos,duplex,2,2,148,not stated,yes,3900000,04/08/2026,#######
Allen,Lagos,duplex,3,3,193,not stated,no,4200000,12/08/2026,#######
Apo,Abuja,self-contain,0,1,64,no,no,1700000,09/08/2026,#######
Surulere,Lagos,mansion,6,7,1032,not stated,not stated,9300000,02/08/2026,#######
Magodo,Lagos,penthouse,2,2,59,not stated,yes,6900000,18/08/2026,#######
Victoria Island,Lagos,self-contain,0,1,,no,yes,700000,11/08/2026,#######
Ikeja,Lagos,terrace,4,5,662,yes,yes,3900000,14/08/2026,#######
Ajah,Lagos,mansion,2,3,,not stated,not stated,5500000,07/08/2026,#######
Surulere,Lagos,bungalow,2,3,58,not stated,not stated,4000000,01/08/2026,#######
Ilupeju,Lagos,bungalow,4,3,769,no,yes,4300000,17/08/2026,#######
Gbagada,Lagos,bungalow,2,1,59,yes,no,3900000,02/08/2026,#######
Maitama,Abuja,duplex,2,3,54,yes,not stated,6200000,06/08/2026,#######
Asokoro,Abuja,flat,5,4,270,no,not stated,7500000,02/08/2026,#######
Magodo,Lagos,flat,3,4,575,no,not stated,4900000,08/08/2026,#######
Ikoyi,Lagos,self-contain,0,1,145,yes,no,1400000,14/08/2026,#######
Opebi,Lagos,self-contain,0,1,67,not stated,not stated,1700000,08/08/2026,#######
Allen,Lagos,duplex,3,3,776,no,yes,4600000,02/08/2026,#######
Asokoro,Abuja,terrace,3,3,,yes,yes,5400000,12/08/2026,#######
Surulere,Lagos,mansion,5,6,,yes,yes,9100000,12/08/2026,#######
Asokoro,Abuja,duplex,3,3,532,yes,yes,6200000,18/08/2026,#######
Magodo,Lagos,self-contain,0,1,125,no,no,1600000,18/08/2026,#######
Mabushi,Abuja,flat,2,3,126,yes,no,3200000,15/08/2026,#######
Katampe,Abuja,self-contain,0,1,,no,not stated,400000,11/08/2026,#######
Ikeja,Lagos,self-contain,0,1,63,no,no,1400000,11/08/2026,#######
Ajah,Lagos,flat,2,3,98,no,not stated,4000000,04/08/2026,#######
Ilupeju,Lagos,mansion,1,1,949,yes,yes,5900000,03/08/2026,#######
Maitama,Abuja,mansion,2,3,,yes,not stated,15700000,01/08/2026,#######
Lokogoma,Abuja,mansion,4,5,1192,no,not stated,8300000,12/08/2026,#######
Ikeja GRA,Lagos,terrace,2,3,99,yes,not stated,3700000,07/08/2026,#######
Ikoyi,Lagos,flat,4,3,484,no,not stated,7200000,16/08/2026,#######
Garki,Abuja,bungalow,2,1,,not stated,no,4000000,14/08/2026,#######
Apo,Abuja,duplex,3,3,498,yes,no,3900000,12/08/2026,#######
Guzape,Abuja,bungalow,3,3,637,no,no,6200000,14/08/2026,#######
Maryland,Lagos,terrace,3,3,220,yes,no,3000000,01/08/2026,#######
Gwarinpa,Abuja,duplex,5,6,514,no,not stated,7300000,03/08/2026,#######
Garki,Abuja,mansion,3,2,,not stated,no,6700000,02/08/2026,#######
Wuse 2,Abuja,penthouse,2,2,83,no,yes,11200000,14/08/2026,#######
Wuse 1,Abuja,penthouse,4,5,,not stated,no,5900000,08/08/2026,#######
Amuwo Odofin,Lagos,mansion,3,2,,not stated,not stated,7800000,16/08/2026,#######
VGC,Lagos,bungalow,4,3,598,no,not stated,6000000,09/08/2026,#######
Ilupeju,Lagos,flat,1,1,139,yes,yes,2600000,18/08/2026,#######
Lekki Phase 2,Lagos,duplex,2,2,80,no,not stated,3100000,18/08/2026,#######
Asokoro,Abuja,self-contain,0,1,,no,not stated,2000000,17/08/2026,#######
Maitama,Abuja,penthouse,5,4,176,no,no,12500000,16/08/2026,#######
Guzape,Abuja,mansion,4,3,521,not stated,not stated,13000000,13/08/2026,#######
Katampe,Abuja,flat,2,3,124,yes,no,3000000,02/08/2026,#######
Dutse,Abuja,terrace,2,1,98,no,not stated,3500000,02/08/2026,#######
Asokoro,Abuja,terrace,4,3,432,no,no,7100000,11/08/2026,#######
Guzape,Abuja,bungalow,3,3,,yes,yes,4500000,12/08/2026,#######
Mabushi,Abuja,flat,5,6,500,no,no,4500000,16/08/2026,#######
Sangotedo,Lagos,self-contain,0,1,,not stated,not stated,300000,09/08/2026,#######
Asokoro,Abuja,mansion,2,1,1083,yes,yes,16800000,02/08/2026,#######
Lugbe,Abuja,flat,3,2,,no,yes,4200000,08/08/2026,#######
Festac,Lagos,flat,2,2,85,yes,not stated,3800000,02/08/2026,#######
Festac,Lagos,mansion,3,4,801,no,yes,7800000,03/08/2026,#######
Katampe,Abuja,terrace,4,3,642,no,not stated,5000000,05/08/2026,#######
Ikeja,Lagos,terrace,2,3,,not stated,yes,3900000,16/08/2026,#######
VGC,Lagos,terrace,2,2,,yes,not stated,3400000,02/08/2026,#######
Lokogoma,Abuja,flat,2,2,103,not stated,yes,2700000,16/08/2026,#######
Katampe,Abuja,bungalow,2,3,,not stated,no,2600000,17/08/2026,#######
Ikeja GRA,Lagos,mansion,2,3,996,no,no,9400000,07/08/2026,#######
Wuse 1,Abuja,bungalow,2,2,84,not stated,yes,3200000,10/08/2026,#######
Asokoro,Abuja,duplex,4,4,693,not stated,not stated,7100000,16/08/2026,#######
Magodo,Lagos,penthouse,2,2,,no,not stated,7800000,14/08/2026,#######
Lekki Phase 1,Lagos,bungalow,2,1,75,not stated,no,5700000,12/08/2026,#######
Lokogoma,Abuja,flat,2,3,,no,yes,3300000,08/08/2026,#######
Lokogoma,Abuja,penthouse,5,5,,no,not stated,6900000,11/08/2026,#######
Amuwo Odofin,Lagos,self-contain,0,1,132,yes,yes,1700000,09/08/2026,#######
Katampe,Abuja,penthouse,4,4,297,yes,not stated,5400000,16/08/2026,#######
Mabushi,Abuja,flat,5,5,558,not stated,not stated,6000000,16/08/2026,#######
Maitama,Abuja,bungalow,1,1,142,not stated,yes,4200000,16/08/2026,#######
Allen,Lagos,duplex,2,2,79,yes,no,3500000,16/08/2026,#######
Lekki Phase 1,Lagos,bungalow,6,5,,not stated,not stated,8000000,16/08/2026,#######
Ajah,Lagos,terrace,4,3,,no,no,5000000,09/08/2026,#######
Allen,Lagos,penthouse,1,2,114,yes,no,3500000,08/08/2026,#######
Maryland,Lagos,penthouse,4,3,,yes,yes,5700000,04/08/2026,#######
Lekki Phase 1,Lagos,bungalow,4,4,677,no,not stated,7500000,04/08/2026,#######
Guzape,Abuja,mansion,4,5,675,yes,no,13500000,02/08/2026,#######
Victoria Island,Lagos,bungalow,3,2,230,not stated,no,5100000,04/08/2026,#######
Ikeja GRA,Lagos,mansion,2,2,,no,yes,9300000,03/08/2026,#######
Gwarinpa,Abuja,mansion,1,1,,not stated,no,11900000,17/08/2026,#######
Surulere,Lagos,terrace,2,3,47,yes,no,3700000,17/08/2026,#######
Festac,Lagos,flat,3,3,762,yes,yes,4200000,09/08/2026,#######
Lugbe,Abuja,bungalow,5,4,632,no,yes,5700000,04/08/2026,#######
Asokoro,Abuja,bungalow,5,6,,not stated,no,8900000,07/08/2026,#######
Lekki Phase 2,Lagos,terrace,1,1,48,not stated,not stated,2900000,18/08/2026,#######
Apo,Abuja,penthouse,4,5,208,not stated,no,6900000,08/08/2026,#######
Gbagada,Lagos,penthouse,3,4,188,yes,not stated,5500000,07/08/2026,#######
Apo,Abuja,terrace,1,1,,yes,no,2300000,16/08/2026,#######
Ikoyi,Lagos,mansion,1,1,890,yes,yes,12600000,03/08/2026,#######
Katampe,Abuja,terrace,3,2,419,no,yes,4200000,02/08/2026,#######
Lokogoma,Abuja,self-contain,0,1,68,no,not stated,400000,09/08/2026,#######
Lekki Phase 1,Lagos,bungalow,1,1,147,no,not stated,4200000,13/08/2026,#######
Magodo,Lagos,terrace,4,3,,not stated,not stated,5200000,11/08/2026,#######
Surulere,Lagos,penthouse,6,5,353,no,no,7900000,03/08/2026,#######
Guzape,Abuja,mansion,4,5,586,not stated,yes,14100000,13/08/2026,#######
Opebi,Lagos,bungalow,4,5,752,no,not stated,4400000,18/08/2026,#######
Magodo,Lagos,penthouse,1,1,147,not stated,yes,7200000,15/08/2026,#######
VGC,Lagos,penthouse,5,4,698,no,not stated,9400000,10/08/2026,#######
VGC,Lagos,mansion,6,6,1069,yes,no,13700000,09/08/2026,#######
Dutse,Abuja,terrace,4,5,,yes,not stated,4000000,10/08/2026,#######
Maryland,Lagos,penthouse,3,3,,no,no,6200000,07/08/2026,#######
Dutse,Abuja,flat,2,3,92,not stated,yes,2300000,16/08/2026,#######
Sangotedo,Lagos,flat,2,2,133,no,no,3100000,04/08/2026,#######
Apo,Abuja,mansion,6,6,998,yes,not stated,9800000,01/08/2026,#######
Apo,Abuja,penthouse,2,3,42,yes,no,5100000,06/08/2026,#######
Magodo,Lagos,terrace,4,3,422,not stated,not stated,4800000,10/08/2026,#######
Life Camp,Abuja,penthouse,5,6,272,not stated,yes,7500000,07/08/2026,#######
Sangotedo,Lagos,self-contain,0,1,91,no,yes,-100000,08/08/2026,#######
Gbagada,Lagos,self-contain,0,1,109,no,yes,-100000,01/08/2026,#######
Festac,Lagos,self-contain,0,1,64,yes,no,100000,11/08/2026,#######
Garki,Abuja,terrace,2,1,123,not stated,no,2500000,18/08/2026,#######
Mabushi,Abuja,flat,2,1,112,yes,no,2700000,16/08/2026,#######
VGC,Lagos,duplex,3,2,,no,no,4300000,12/08/2026,#######
Ilupeju,Lagos,terrace,3,3,326,not stated,no,3200000,04/08/2026,#######
Mabushi,Abuja,penthouse,1,1,54,not stated,no,3800000,03/08/2026,#######
Lokogoma,Abuja,mansion,3,4,791,no,not stated,7300000,17/08/2026,#######
Mabushi,Abuja,duplex,4,3,569,not stated,yes,4100000,08/08/2026,#######
Jahi,Abuja,self-contain,0,1,145,not stated,not stated,700000,06/08/2026,#######
Lekki Phase 1,Lagos,terrace,5,5,,no,no,7400000,08/08/2026,#######
Guzape,Abuja,mansion,2,2,832,yes,yes,12100000,17/08/2026,#######
VGC,Lagos,self-contain,0,1,43,yes,no,1000000,05/08/2026,#######
Katampe,Abuja,terrace,2,2,150,not stated,not stated,2700000,17/08/2026,#######
Ikoyi,Lagos,bungalow,2,1,108,not stated,yes,4800000,16/08/2026,#######
Gwarinpa,Abuja,self-contain,0,1,127,not stated,not stated,1300000,05/08/2026,#######
Gwarinpa,Abuja,duplex,3,3,402,not stated,yes,5500000,12/08/2026,#######
Life Camp,Abuja,flat,2,2,79,yes,not stated,3100000,13/08/2026,#######
Wuse 1,Abuja,duplex,3,2,267,yes,not stated,3000000,07/08/2026,#######
Life Camp,Abuja,duplex,3,2,,yes,not stated,4600000,13/08/2026,#######
Gbagada,Lagos,terrace,4,5,188,no,not stated,4000000,05/08/2026,#######
Jahi,Abuja,duplex,2,1,,yes,no,4100000,08/08/2026,#######
Amuwo Odofin,Lagos,mansion,3,4,933,not stated,yes,7700000,07/08/2026,#######
Sangotedo,Lagos,bungalow,2,2,,yes,not stated,3100000,12/08/2026,#######
Amuwo Odofin,Lagos,flat,5,4,789,no,yes,5000000,10/08/2026,#######
Jahi,Abuja,self-contain,0,1,,yes,yes,800000,07/08/2026,#######
Wuse 2,Abuja,flat,3,4,522,not stated,no,6700000,15/08/2026,#######
Mabushi,Abuja,flat,6,6,,not stated,no,7000000,17/08/2026,#######
Maitama,Abuja,penthouse,2,1,,yes,no,11100000,13/08/2026,#######
Wuse 1,Abuja,terrace,5,4,,not stated,no,5700000,08/08/2026,#######
Amuwo Odofin,Lagos,duplex,2,3,66,yes,no,2200000,06/08/2026,#######
Lekki Phase 1,Lagos,self-contain,0,1,47,yes,yes,1200000,05/08/2026,#######
Lekki Phase 2,Lagos,terrace,3,3,,yes,no,3200000,02/08/2026,#######
Wuse 2,Abuja,penthouse,2,1,105,not stated,yes,10600000,01/08/2026,#######
Wuse 2,Abuja,mansion,2,1,510,yes,not stated,15100000,13/08/2026,#######
Wuse 2,Abuja,bungalow,3,2,701,no,yes,7000000,08/08/2026,#######
VGC,Lagos,mansion,2,3,1180,not stated,yes,10200000,16/08/2026,#######
VGC,Lagos,flat,4,5,,yes,no,6500000,07/08/2026,#######
Ikoyi,Lagos,flat,2,1,79,no,not stated,4300000,07/08/2026,#######
Lekki Phase 1,Lagos,terrace,3,2,731,yes,yes,5900000,05/08/2026,#######
Asokoro,Abuja,penthouse,4,3,365,not stated,yes,11400000,13/08/2026,#######
VGC,Lagos,terrace,2,2,138,yes,yes,4500000,04/08/2026,#######
Ilupeju,Lagos,terrace,6,7,415,yes,not stated,6600000,06/08/2026,#######
Magodo,Lagos,mansion,4,5,548,yes,not stated,12100000,05/08/2026,#######
Opebi,Lagos,flat,2,2,134,no,no,2700000,07/08/2026,#######
Maitama,Abuja,terrace,5,6,621,yes,no,8600000,02/08/2026,#######
Opebi,Lagos,duplex,1,2,,yes,no,3000000,17/08/2026,#######
Festac,Lagos,penthouse,3,2,323,not stated,not stated,5500000,05/08/2026,#######
Wuse 2,Abuja,penthouse,3,3,322,no,no,11800000,03/08/2026,#######
Lugbe,Abuja,flat,3,4,344,yes,not stated,3400000,05/08/2026,#######
Allen,Lagos,mansion,3,2,916,no,no,7000000,14/08/2026,#######
Ikeja GRA,Lagos,terrace,2,3,90,yes,no,3100000,11/08/2026,#######
Ilupeju,Lagos,self-contain,0,1,,yes,not stated,1300000,06/08/2026,#######
Ilupeju,Lagos,self-contain,0,1,53,not stated,yes,700000,09/08/2026,#######
Ikeja,Lagos,flat,2,3,79,not stated,no,3900000,01/08/2026,#######
Apo,Abuja,penthouse,5,4,563,not stated,no,6900000,03/08/2026,#######
Maryland,Lagos,mansion,3,3,,no,no,6500000,06/08/2026,#######
VGC,Lagos,penthouse,2,2,104,not stated,not stated,6300000,07/08/2026,#######
Apo,Abuja,duplex,4,3,545,yes,no,4000000,06/08/2026,#######
Guzape,Abuja,mansion,2,2,1089,yes,not stated,12700000,05/08/2026,#######
Allen,Lagos,terrace,2,2,72,no,no,2700000,06/08/2026,#######
Ikeja,Lagos,flat,5,4,495,not stated,not stated,4700000,03/08/2026,#######
Dutse,Abuja,mansion,2,3,823,no,no,6200000,15/08/2026,#######
Gwarinpa,Abuja,terrace,3,2,202,no,no,6300000,12/08/2026,#######
Lekki Phase 2,Lagos,terrace,3,2,229,no,yes,3500000,05/08/2026,#######
Katampe,Abuja,terrace,5,5,543,not stated,yes,4500000,11/08/2026,#######
Gbagada,Lagos,mansion,1,2,,no,yes,6100000,10/08/2026,#######
Life Camp,Abuja,duplex,4,3,741,yes,no,4200000,15/08/2026,#######
Garki,Abuja,bungalow,4,5,613,no,no,4400000,06/08/2026,#######
Life Camp,Abuja,duplex,1,1,129,yes,yes,2900000,13/08/2026,#######
Katampe,Abuja,terrace,3,4,,not stated,no,3900000,02/08/2026,#######
Wuse 2,Abuja,terrace,1,1,71,not stated,yes,3900000,11/08/2026,#######
Amuwo Odofin,Lagos,mansion,3,2,598,not stated,yes,7600000,02/08/2026,#######
Ikoyi,Lagos,bungalow,1,2,138,no,yes,5200000,18/08/2026,#######
Asokoro,Abuja,self-contain,0,1,96,no,yes,1500000,01/08/2026,#######
Wuse 2,Abuja,flat,3,2,760,no,not stated,7100000,10/08/2026,#######
Amuwo Odofin,Lagos,bungalow,1,2,71,no,yes,3200000,09/08/2026,#######
Garki,Abuja,duplex,2,2,55,not stated,not stated,3800000,15/08/2026,#######
Life Camp,Abuja,penthouse,3,3,,no,yes,5100000,18/08/2026,#######
Dutse,Abuja,mansion,5,5,,no,not stated,7800000,04/08/2026,#######
Mabushi,Abuja,penthouse,3,3,,not stated,no,4600000,07/08/2026,#######
Jahi,Abuja,self-contain,0,1,,yes,yes,2000000,10/08/2026,#######
Sangotedo,Lagos,self-contain,0,1,113,yes,not stated,1300000,14/08/2026,#######
Wuse 2,Abuja,flat,2,1,118,yes,no,6100000,08/08/2026,#######
Garki,Abuja,flat,4,5,171,yes,yes,5600000,07/08/2026,#######
Maitama,Abuja,terrace,6,7,782,not stated,not stated,9200000,14/08/2026,#######
Jahi,Abuja,duplex,3,3,288,no,not stated,5300000,14/08/2026,#######
Mabushi,Abuja,penthouse,2,3,95,no,no,4900000,03/08/2026,#######
Ajah,Lagos,self-contain,0,1,142,no,no,-100000,18/08/2026,#######
Jahi,Abuja,bungalow,3,4,448,not stated,yes,5600000,15/08/2026,#######
Gbagada,Lagos,mansion,4,3,1187,yes,not stated,7700000,17/08/2026,#######
Apo,Abuja,self-contain,0,1,146,not stated,yes,400000,14/08/2026,#######
Asokoro,Abuja,terrace,4,5,534,not stated,yes,6600000,06/08/2026,#######
Festac,Lagos,flat,3,4,699,yes,yes,4100000,17/08/2026,#######
Festac,Lagos,duplex,2,2,92,no,no,3200000,13/08/2026,#######
Lugbe,Abuja,self-contain,0,1,131,no,no,0,03/08/2026,#######
Jahi,Abuja,terrace,4,5,671,no,yes,6200000,18/08/2026,#######
Wuse 1,Abuja,bungalow,6,5,353,not stated,yes,5500000,13/08/2026,#######
Maryland,Lagos,bungalow,4,5,800,yes,not stated,4400000,04/08/2026,#######
Katampe,Abuja,bungalow,1,1,60,yes,not stated,1500000,14/08/2026,#######
Lugbe,Abuja,duplex,1,2,118,yes,no,2600000,13/08/2026,#######
Wuse 2,Abuja,bungalow,1,1,132,yes,not stated,4300000,01/08/2026,#######
Dutse,Abuja,penthouse,4,5,,no,yes,5600000,10/08/2026,#######
Wuse 2,Abuja,terrace,4,4,,no,not stated,7000000,16/08/2026,#######
Sangotedo,Lagos,duplex,3,3,,no,yes,3100000,02/08/2026,#######
Surulere,Lagos,flat,2,1,,no,no,3200000,18/08/2026,#######
Festac,Lagos,penthouse,4,4,,not stated,no,6600000,06/08/2026,#######
Ajah,Lagos,mansion,4,3,1026,not stated,no,7900000,12/08/2026,#######
Maitama,Abuja,duplex,2,1,,no,not stated,5800000,08/08/2026,#######
Lekki Phase 1,Lagos,flat,1,2,143,no,no,4100000,11/08/2026,#######
Gbagada,Lagos,duplex,3,4,431,yes,no,4700000,08/08/2026,#######
Opebi,Lagos,self-contain,0,1,83,yes,not stated,-100000,09/08/2026,#######
Dutse,Abuja,penthouse,2,1,,no,no,4700000,17/08/2026,#######
Magodo,Lagos,self-contain,0,1,103,no,yes,1700000,08/08/2026,#######
Lokogoma,Abuja,flat,3,4,,not stated,no,4400000,12/08/2026,#######
Mabushi,Abuja,terrace,3,2,790,yes,yes,3400000,12/08/2026,#######
Lekki Phase 1,Lagos,self-contain,0,1,,yes,yes,2200000,08/08/2026,#######
Garki,Abuja,flat,6,5,245,yes,not stated,6500000,05/08/2026,#######
Dutse,Abuja,penthouse,3,3,783,not stated,yes,5900000,10/08/2026,#######
Gbagada,Lagos,flat,5,4,605,yes,no,4500000,02/08/2026,#######
Garki,Abuja,terrace,3,4,791,yes,not stated,3200000,05/08/2026,#######
Ajah,Lagos,flat,2,2,55,not stated,not stated,3600000,06/08/2026,#######
Asokoro,Abuja,penthouse,3,2,772,no,no,11800000,07/08/2026,#######
Surulere,Lagos,mansion,3,3,589,no,no,7600000,01/08/2026,#######
Maitama,Abuja,self-contain,0,1,101,yes,no,2500000,16/08/2026,#######
VGC,Lagos,mansion,5,6,1196,yes,not stated,12600000,06/08/2026,#######
Asokoro,Abuja,penthouse,2,2,98,not stated,not stated,11700000,14/08/2026,#######
Lokogoma,Abuja,terrace,5,6,314,not stated,no,5500000,07/08/2026,#######
Asokoro,Abuja,penthouse,3,2,,no,no,10800000,03/08/2026,#######
Surulere,Lagos,mansion,6,5,,yes,no,8900000,11/08/2026,#######
Amuwo Odofin,Lagos,mansion,3,4,780,not stated,yes,6000000,04/08/2026,#######
Dutse,Abuja,bungalow,3,4,,yes,no,4800000,06/08/2026,#######
Garki,Abuja,duplex,2,3,96,no,yes,2700000,16/08/2026,#######
Dutse,Abuja,mansion,5,5,1112,no,yes,8100000,11/08/2026,#######
Dutse,Abuja,flat,1,1,,not stated,yes,2400000,12/08/2026,#######
Maitama,Abuja,self-contain,0,1,,yes,no,2000000,03/08/2026,#######
Gbagada,Lagos,terrace,2,2,46,no,yes,3100000,09/08/2026,#######
Lugbe,Abuja,duplex,3,4,164,yes,no,3400000,07/08/2026,#######
Magodo,Lagos,mansion,2,3,843,yes,no,10200000,13/08/2026,#######
Lugbe,Abuja,self-contain,0,1,83,no,yes,1200000,09/08/2026,#######
Mabushi,Abuja,self-contain,0,1,104,no,not stated,900000,05/08/2026,#######
Allen,Lagos,flat,1,1,71,yes,yes,1700000,10/08/2026,#######
Katampe,Abuja,bungalow,1,1,,yes,not stated,1800000,12/08/2026,#######
Gwarinpa,Abuja,terrace,3,2,568,no,yes,6200000,12/08/2026,#######
Mabushi,Abuja,penthouse,2,3,66,yes,not stated,4700000,02/08/2026,#######
Jahi,Abuja,self-contain,0,1,114,yes,yes,1500000,16/08/2026,#######
Guzape,Abuja,duplex,5,6,509,yes,yes,6700000,08/08/2026,#######
Wuse 2,Abuja,flat,2,3,52,no,not stated,4700000,11/08/2026,#######
Victoria Island,Lagos,duplex,3,2,,not stated,no,5100000,06/08/2026,#######
Allen,Lagos,self-contain,0,1,50,no,no,1700000,07/08/2026,#######
Ikoyi,Lagos,mansion,1,2,,no,no,12700000,01/08/2026,#######
Yaba,Lagos,flat,3,3,768,yes,not stated,3600000,05/08/2026,#######
Life Camp,Abuja,penthouse,4,5,,no,not stated,7000000,18/08/2026,#######
Lokogoma,Abuja,flat,2,2,53,yes,yes,3000000,10/08/2026,#######
Wuse 1,Abuja,bungalow,4,4,,not stated,no,4100000,08/08/2026,#######
Ilupeju,Lagos,terrace,4,3,456,no,no,5100000,05/08/2026,#######
Ojodu Berger,Lagos,terrace,3,4,,yes,yes,3500000,01/08/2026,#######
Lugbe,Abuja,duplex,6,5,,not stated,no,6400000,05/08/2026,#######
Life Camp,Abuja,bungalow,2,2,54,yes,yes,3300000,02/08/2026,#######
Guzape,Abuja,bungalow,3,2,764,yes,no,5900000,03/08/2026,#######
Maryland,Lagos,duplex,3,3,298,not stated,no,3100000,16/08/2026,#######
Ilupeju,Lagos,flat,1,2,127,yes,yes,2500000,07/08/2026,#######
Asokoro,Abuja,flat,1,2,138,not stated,not stated,4300000,14/08/2026,#######
Lekki Phase 2,Lagos,duplex,6,5,688,not stated,not stated,6500000,16/08/2026,#######
Mabushi,Abuja,mansion,3,3,923,not stated,no,6900000,17/08/2026,#######
Asokoro,Abuja,duplex,3,4,346,no,not stated,5400000,10/08/2026,#######
Mabushi,Abuja,bungalow,2,1,132,no,not stated,2400000,05/08/2026,#######
Ikeja GRA,Lagos,self-contain,0,1,89,no,no,200000,15/08/2026,#######
Dutse,Abuja,flat,6,5,747,no,not stated,6400000,08/08/2026,#######
Lekki Phase 1,Lagos,penthouse,6,5,553,no,no,13400000,11/08/2026,#######
Lokogoma,Abuja,bungalow,2,3,,not stated,not stated,3400000,11/08/2026,#######
Maryland,Lagos,terrace,3,3,,no,no,3000000,09/08/2026,#######
Asokoro,Abuja,bungalow,4,5,457,yes,not stated,7300000,02/08/2026,#######
Opebi,Lagos,mansion,2,1,985,yes,not stated,5200000,06/08/2026,#######
Mabushi,Abuja,bungalow,4,4,370,not stated,yes,3900000,16/08/2026,#######
Lekki Phase 2,Lagos,self-contain,0,1,147,no,no,900000,18/08/2026,#######
Jahi,Abuja,terrace,1,2,107,not stated,not stated,2800000,04/08/2026,#######
Ikoyi,Lagos,duplex,4,3,,yes,no,6100000,05/08/2026,#######
Amuwo Odofin,Lagos,duplex,2,2,139,not stated,yes,3200000,06/08/2026,#######
Dutse,Abuja,terrace,5,5,326,not stated,no,5500000,02/08/2026,#######
Amuwo Odofin,Lagos,bungalow,5,6,764,yes,not stated,6400000,18/08/2026,#######
VGC,Lagos,bungalow,3,3,,not stated,no,4800000,15/08/2026,#######
Ilupeju,Lagos,bungalow,1,1,,not stated,no,2300000,14/08/2026,#######
Opebi,Lagos,mansion,4,5,780,not stated,no,8400000,03/08/2026,#######
Wuse 2,Abuja,terrace,4,3,716,not stated,yes,6900000,10/08/2026,#######
Lugbe,Abuja,duplex,2,3,84,not stated,not stated,2600000,05/08/2026,#######
Magodo,Lagos,duplex,4,3,,not stated,yes,5700000,18/08/2026,#######
Mabushi,Abuja,duplex,3,4,323,yes,not stated,4600000,08/08/2026,#######
Life Camp,Abuja,flat,1,2,112,yes,yes,2500000,17/08/2026,#######
Katampe,Abuja,duplex,6,5,615,not stated,no,6900000,01/08/2026,#######
Yaba,Lagos,mansion,2,2,1089,no,no,6600000,18/08/2026,#######
Maitama,Abuja,mansion,1,1,700,yes,no,14700000,10/08/2026,#######
Dutse,Abuja,mansion,6,6,943,not stated,not stated,9900000,15/08/2026,#######
Ikeja,Lagos,mansion,2,2,760,no,no,6000000,10/08/2026,#######
Guzape,Abuja,bungalow,1,1,148,yes,yes,3300000,16/08/2026,#######
Yaba,Lagos,self-contain,0,1,146,yes,not stated,300000,06/08/2026,#######
Maryland,Lagos,self-contain,0,1,,not stated,yes,1100000,08/08/2026,#######
Opebi,Lagos,self-contain,0,1,116,not stated,no,1200000,04/08/2026,#######
VGC,Lagos,penthouse,3,2,434,yes,no,7200000,14/08/2026,#######
Ikeja,Lagos,self-contain,0,1,43,not stated,no,1000000,02/08/2026,#######
Surulere,Lagos,self-contain,0,1,104,no,yes,1000000,13/08/2026,#######
Gwarinpa,Abuja,duplex,2,1,128,no,yes,4900000,04/08/2026,#######
VGC,Lagos,self-contain,0,1,94,not stated,no,100000,04/08/2026,#######
Apo,Abuja,duplex,3,4,459,yes,yes,2900000,07/08/2026,#######
Lekki Phase 1,Lagos,flat,3,4,174,no,yes,5100000,18/08/2026,#######
Mabushi,Abuja,penthouse,3,3,342,no,not stated,5200000,07/08/2026,#######
Magodo,Lagos,self-contain,0,1,131,no,yes,300000,06/08/2026,#######
Ikeja GRA,Lagos,flat,4,3,442,yes,not stated,4900000,04/08/2026,#######
Garki,Abuja,flat,5,5,,yes,yes,6100000,16/08/2026,#######
Ajah,Lagos,terrace,3,4,164,yes,no,3200000,17/08/2026,#######
Ikoyi,Lagos,flat,2,3,54,yes,yes,4900000,03/08/2026,#######
Garki,Abuja,mansion,1,2,,yes,no,4900000,08/08/2026,#######
Ajah,Lagos,duplex,3,2,384,no,no,4500000,14/08/2026,#######
Katampe,Abuja,mansion,1,1,,no,yes,4800000,03/08/2026,#######
Sangotedo,Lagos,duplex,2,3,122,yes,no,3200000,03/08/2026,#######
Katampe,Abuja,flat,2,1,95,no,no,3500000,05/08/2026,#######
Lekki Phase 1,Lagos,flat,4,3,,no,no,6200000,18/08/2026,#######
Maitama,Abuja,self-contain,0,1,96,yes,not stated,2300000,10/08/2026,#######
Mabushi,Abuja,penthouse,5,6,,yes,no,7600000,09/08/2026,#######
Ajah,Lagos,penthouse,3,4,,yes,not stated,6300000,03/08/2026,#######
Maitama,Abuja,flat,2,3,123,yes,no,6200000,10/08/2026,#######
VGC,Lagos,penthouse,5,5,528,yes,not stated,8900000,04/08/2026,#######
Ikeja GRA,Lagos,terrace,3,4,,not stated,no,5300000,11/08/2026,#######
Guzape,Abuja,terrace,2,2,100,not stated,yes,4400000,15/08/2026,#######
Sangotedo,Lagos,self-contain,0,1,,yes,no,1600000,09/08/2026,#######
Dutse,Abuja,terrace,2,2,106,not stated,not stated,2900000,04/08/2026,#######
Surulere,Lagos,flat,4,4,156,no,no,5400000,17/08/2026,#######
Lugbe,Abuja,mansion,2,1,794,not stated,yes,5300000,03/08/2026,#######
Wuse 2,Abuja,self-contain,0,1,55,no,no,1500000,08/08/2026,#######
Yaba,Lagos,terrace,2,3,52,no,yes,2300000,06/08/2026,#######
Wuse 2,Abuja,self-contain,0,1,59,not stated,not stated,1200000,16/08/2026,#######
Jahi,Abuja,bungalow,2,1,149,no,no,4300000,16/08/2026,#######
Ojodu Berger,Lagos,self-contain,0,1,96,no,not stated,600000,07/08/2026,#######
Life Camp,Abuja,bungalow,2,2,51,yes,not stated,3800000,09/08/2026,#######
Maitama,Abuja,terrace,3,3,478,not stated,yes,7100000,11/08/2026,#######
Lekki Phase 2,Lagos,penthouse,4,4,,not stated,no,5500000,06/08/2026,#######
Maryland,Lagos,mansion,5,4,1041,not stated,no,8000000,11/08/2026,#######
Life Camp,Abuja,terrace,3,3,,no,no,4600000,07/08/2026,#######
Lekki Phase 2,Lagos,bungalow,4,3,518,no,not stated,4000000,16/08/2026,#######
Dutse,Abuja,bungalow,2,3,94,yes,not stated,3700000,02/08/2026,#######
Lekki Phase 2,Lagos,penthouse,3,2,295,not stated,yes,4400000,03/08/2026,#######
Ikeja,Lagos,self-contain,0,1,100,not stated,not stated,100000,17/08/2026,#######
Lekki Phase 1,Lagos,bungalow,5,6,,yes,yes,7400000,18/08/2026,#######
Ikeja,Lagos,terrace,3,2,645,yes,not stated,3800000,12/08/2026,#######
Garki,Abuja,terrace,3,3,473,not stated,no,4700000,09/08/2026,#######
Ikoyi,Lagos,bungalow,2,2,41,no,not stated,5400000,06/08/2026,#######
Victoria Island,Lagos,duplex,3,3,,yes,no,5100000,01/08/2026,#######
Mabushi,Abuja,flat,2,1,41,not stated,not stated,3800000,07/08/2026,#######
Ikeja GRA,Lagos,terrace,5,6,,not stated,no,7100000,05/08/2026,#######
Ikeja,Lagos,flat,1,2,51,no,yes,1800000,15/08/2026,#######
Victoria Island,Lagos,bungalow,6,5,222,no,not stated,7500000,08/08/2026,#######
Ojodu Berger,Lagos,duplex,2,3,125,not stated,no,3800000,08/08/2026,#######
Wuse 2,Abuja,mansion,4,3,659,yes,not stated,16700000,08/08/2026,#######
Wuse 2,Abuja,self-contain,0,1,,not stated,yes,2400000,08/08/2026,#######
Gwarinpa,Abuja,bungalow,2,2,,yes,yes,4700000,07/08/2026,#######
Gbagada,Lagos,penthouse,2,3,,no,no,4900000,02/08/2026,#######
Maitama,Abuja,self-contain,0,1,,no,yes,1500000,17/08/2026,#######
Allen,Lagos,bungalow,3,3,566,not stated,yes,3600000,09/08/2026,#######
Yaba,Lagos,terrace,2,3,67,not stated,not stated,2200000,16/08/2026,#######
Victoria Island,Lagos,terrace,2,2,46,not stated,yes,5300000,17/08/2026,#######
Ajah,Lagos,mansion,4,4,521,no,no,7700000,11/08/2026,#######
Ikoyi,Lagos,self-contain,0,1,,yes,not stated,1500000,03/08/2026,#######
Ilupeju,Lagos,mansion,4,5,905,no,no,6700000,03/08/2026,#######
Allen,Lagos,bungalow,4,4,,yes,no,3700000,04/08/2026,#######
Ilupeju,Lagos,penthouse,1,1,142,not stated,no,3600000,02/08/2026,#######
Garki,Abuja,self-contain,0,1,,yes,not stated,800000,07/08/2026,#######
Lugbe,Abuja,self-contain,0,1,116,no,no,1400000,06/08/2026,#######
Wuse 2,Abuja,bungalow,5,6,,no,no,8500000,02/08/2026,#######
Wuse 2,Abuja,bungalow,2,3,55,yes,no,5300000,15/08/2026,#######
Amuwo Odofin,Lagos,self-contain,0,1,102,yes,yes,1300000,11/08/2026,#######
Guzape,Abuja,mansion,2,1,,not stated,not stated,11500000,06/08/2026,#######
Lekki Phase 1,Lagos,terrace,1,2,114,no,yes,4700000,06/08/2026,#######
Dutse,Abuja,bungalow,4,4,,not stated,not stated,4800000,07/08/2026,#######
Ilupeju,Lagos,terrace,4,5,207,not stated,no,5600000,13/08/2026,#######
Gbagada,Lagos,flat,3,2,638,yes,not stated,3300000,12/08/2026,#######
Yaba,Lagos,duplex,4,3,619,yes,not stated,5500000,01/08/2026,#######
Wuse 1,Abuja,penthouse,2,1,115,not stated,no,5500000,09/08/2026,#######
Ikoyi,Lagos,flat,6,7,,yes,not stated,8800000,12/08/2026,#######
Opebi,Lagos,self-contain,0,1,53,yes,no,0,08/08/2026,#######
Life Camp,Abuja,penthouse,5,4,548,not stated,yes,6400000,11/08/2026,#######
Ilupeju,Lagos,penthouse,2,2,69,no,no,4600000,05/08/2026,#######
VGC,Lagos,flat,2,2,58,not stated,no,4900000,16/08/2026,#######
Allen,Lagos,bungalow,3,2,449,no,no,2900000,04/08/2026,#######
Wuse 2,Abuja,self-contain,0,1,89,not stated,no,1600000,03/08/2026,#######
Dutse,Abuja,penthouse,4,4,420,not stated,not stated,5300000,16/08/2026,#######
Ajah,Lagos,duplex,2,2,103,not stated,no,2400000,08/08/2026,#######
Lokogoma,Abuja,self-contain,0,1,,no,yes,900000,17/08/2026,#######
Katampe,Abuja,bungalow,5,6,182,no,not stated,4600000,02/08/2026,#######
Jahi,Abuja,bungalow,2,3,,not stated,no,4500000,11/08/2026,#######
Ilupeju,Lagos,self-contain,0,1,51,not stated,not stated,900000,13/08/2026,#######
Life Camp,Abuja,self-contain,0,1,58,yes,not stated,1100000,02/08/2026,#######
Festac,Lagos,mansion,3,4,667,no,no,7300000,18/08/2026,#######
Life Camp,Abuja,flat,2,3,79,no,no,2400000,04/08/2026,#######
Festac,Lagos,terrace,3,4,264,no,not stated,3700000,17/08/2026,#######
Sangotedo,Lagos,penthouse,2,3,130,yes,yes,5200000,18/08/2026,#######
Lokogoma,Abuja,bungalow,3,4,668,no,not stated,3500000,06/08/2026,#######
Katampe,Abuja,flat,6,7,,not stated,not stated,6100000,09/08/2026,#######
Lekki Phase 1,Lagos,penthouse,3,3,550,yes,no,10200000,12/08/2026,#######
Ikeja GRA,Lagos,bungalow,3,3,,yes,no,4900000,06/08/2026,#######
Maryland,Lagos,duplex,5,5,,yes,no,5000000,01/08/2026,#######
Ikeja,Lagos,terrace,4,5,706,not stated,no,3800000,11/08/2026,#######
Maitama,Abuja,terrace,2,2,140,not stated,no,6400000,18/08/2026,#######
Dutse,Abuja,flat,3,3,564,not stated,not stated,4800000,18/08/2026,#######
Dutse,Abuja,mansion,3,3,568,not stated,yes,6100000,09/08/2026,#######
Maitama,Abuja,terrace,2,3,104,not stated,no,6000000,07/08/2026,#######
Asokoro,Abuja,flat,4,3,618,no,yes,6200000,12/08/2026,#######
Yaba,Lagos,self-contain,0,1,116,no,yes,1500000,15/08/2026,#######
Sangotedo,Lagos,terrace,3,2,296,yes,not stated,3500000,15/08/2026,#######
Life Camp,Abuja,penthouse,5,6,,not stated,no,7200000,04/08/2026,#######
Yaba,Lagos,penthouse,4,5,485,yes,yes,5900000,02/08/2026,#######
Gbagada,Lagos,self-contain,0,1,75,yes,no,1600000,02/08/2026,#######
Ikeja GRA,Lagos,flat,4,5,370,no,not stated,4800000,06/08/2026,#######
VGC,Lagos,terrace,4,4,635,not stated,yes,6200000,16/08/2026,#######
Garki,Abuja,mansion,1,1,,yes,not stated,5000000,14/08/2026,#######
Dutse,Abuja,duplex,4,4,367,not stated,not stated,4300000,14/08/2026,#######
Lekki Phase 2,Lagos,duplex,3,3,640,not stated,not stated,4000000,03/08/2026,#######
Amuwo Odofin,Lagos,penthouse,5,5,,not stated,no,7700000,16/08/2026,#######
Asokoro,Abuja,self-contain,0,1,,not stated,no,1500000,08/08/2026,#######
Mabushi,Abuja,flat,2,2,127,not stated,not stated,3200000,01/08/2026,#######
Amuwo Odofin,Lagos,penthouse,2,3,,not stated,no,4700000,18/08/2026,#######
Festac,Lagos,self-contain,0,1,,not stated,no,1100000,18/08/2026,#######
Asokoro,Abuja,terrace,3,4,506,yes,yes,5700000,11/08/2026,#######
Opebi,Lagos,terrace,2,2,80,no,not stated,3800000,16/08/2026,#######
Guzape,Abuja,self-contain,0,1,90,not stated,not stated,200000,04/08/2026,#######
Yaba,Lagos,self-contain,0,1,72,not stated,not stated,-100000,07/08/2026,#######
Surulere,Lagos,self-contain,0,1,48,not stated,yes,200000,08/08/2026,#######
Apo,Abuja,penthouse,1,2,141,not stated,no,4000000,09/08/2026,#######
Magodo,Lagos,duplex,2,3,82,yes,yes,3200000,18/08/2026,#######
Asokoro,Abuja,flat,5,6,,no,yes,7000000,08/08/2026,#######
Maitama,Abuja,penthouse,2,3,67,yes,no,10800000,10/08/2026,#######
Ajah,Lagos,penthouse,3,2,391,not stated,yes,5800000,03/08/2026,#######
Amuwo Odofin,Lagos,duplex,2,2,142,no,yes,3900000,17/08/2026,#######
Festac,Lagos,penthouse,5,4,241,no,yes,7000000,16/08/2026,#######
Yaba,Lagos,mansion,3,4,,no,no,6400000,02/08/2026,#######
Lokogoma,Abuja,mansion,3,2,1044,yes,no,7300000,14/08/2026,#######
Guzape,Abuja,terrace,2,1,56,no,no,5400000,12/08/2026,#######
Maryland,Lagos,mansion,2,2,815,yes,yes,6000000,11/08/2026,#######
Lokogoma,Abuja,flat,2,3,57,yes,no,3300000,17/08/2026,#######
Surulere,Lagos,flat,5,5,248,no,not stated,6300000,18/08/2026,#######
Festac,Lagos,self-contain,0,1,,no,yes,100000,08/08/2026,#######
VGC,Lagos,duplex,3,4,,no,no,5600000,05/08/2026,#######
Life Camp,Abuja,mansion,5,4,,no,not stated,9000000,12/08/2026,#######
Yaba,Lagos,penthouse,2,2,58,not stated,yes,4800000,18/08/2026,#######
Gwarinpa,Abuja,bungalow,5,4,718,not stated,not stated,6500000,15/08/2026,#######
Lekki Phase 1,Lagos,mansion,3,3,703,yes,no,13900000,15/08/2026,#######
Ikoyi,Lagos,self-contain,0,1,,yes,not stated,2300000,16/08/2026,#######
Jahi,Abuja,self-contain,0,1,,yes,no,700000,07/08/2026,#######
Lokogoma,Abuja,self-contain,0,1,,no,yes,-100000,09/08/2026,#######
Jahi,Abuja,self-contain,0,1,,no,not stated,1100000,02/08/2026,#######
Lekki Phase 2,Lagos,terrace,2,3,,not stated,no,3900000,10/08/2026,#######
Sangotedo,Lagos,bungalow,3,4,,no,no,4100000,03/08/2026,#######
Wuse 2,Abuja,mansion,2,3,874,yes,not stated,16800000,16/08/2026,#######
Ikoyi,Lagos,penthouse,2,3,53,not stated,not stated,9900000,09/08/2026,#######
Garki,Abuja,terrace,3,3,160,yes,yes,4200000,10/08/2026,#######
Maryland,Lagos,bungalow,3,2,,not stated,no,3100000,03/08/2026,#######
Wuse 1,Abuja,terrace,2,3,81,no,yes,3000000,07/08/2026,#######
Maitama,Abuja,self-contain,0,1,,not stated,yes,1700000,03/08/2026,#######
Amuwo Odofin,Lagos,bungalow,5,6,671,no,yes,5100000,11/08/2026,#######
Victoria Island,Lagos,penthouse,1,2,138,yes,no,8700000,17/08/2026,#######
Gbagada,Lagos,penthouse,3,2,,no,not stated,5100000,18/08/2026,#######
Gwarinpa,Abuja,flat,3,2,487,yes,yes,5000000,09/08/2026,#######
Asokoro,Abuja,mansion,3,3,1130,no,not stated,16100000,04/08/2026,#######
Dutse,Abuja,flat,3,4,782,no,not stated,4300000,02/08/2026,#######
Gbagada,Lagos,penthouse,2,1,136,no,yes,5400000,08/08/2026,#######
Gwarinpa,Abuja,mansion,2,3,845,no,no,12800000,11/08/2026,#######
Ilupeju,Lagos,duplex,4,4,469,not stated,no,3700000,01/08/2026,#######
Maitama,Abuja,penthouse,2,1,118,not stated,not stated,11100000,01/08/2026,#######
Katampe,Abuja,duplex,3,2,726,yes,yes,2900000,10/08/2026,#######
Maryland,Lagos,penthouse,2,3,132,yes,not stated,3800000,11/08/2026,#######
Ilupeju,Lagos,flat,4,5,728,not stated,not stated,5400000,11/08/2026,#######
Victoria Island,Lagos,terrace,3,4,720,not stated,yes,6400000,02/08/2026,#######
Victoria Island,Lagos,terrace,2,3,107,yes,no,5200000,02/08/2026,#######
VGC,Lagos,self-contain,0,1,136,not stated,yes,400000,05/08/2026,#######
Wuse 2,Abuja,terrace,2,3,,yes,yes,5900000,14/08/2026,#######
Asokoro,Abuja,mansion,3,2,679,yes,not stated,17000000,18/08/2026,#######
Surulere,Lagos,duplex,2,2,121,no,no,3200000,03/08/2026,#######
Guzape,Abuja,duplex,4,4,752,no,not stated,5500000,02/08/2026,#######
VGC,Lagos,duplex,2,2,127,no,no,4300000,16/08/2026,#######
Lekki Phase 2,Lagos,terrace,1,1,,no,yes,2500000,11/08/2026,#######
Wuse 2,Abuja,self-contain,0,1,,no,not stated,2000000,12/08/2026,#######
Magodo,Lagos,flat,2,1,,no,no,3400000,17/08/2026,#######
Ajah,Lagos,mansion,2,2,,no,no,5300000,04/08/2026,#######
Maitama,Abuja,terrace,2,2,54,not stated,yes,5000000,07/08/2026,#######
Opebi,Lagos,bungalow,4,5,304,not stated,no,5000000,08/08/2026,#######
Asokoro,Abuja,bungalow,1,1,65,no,not stated,4700000,06/08/2026,#######
Ikeja,Lagos,mansion,5,6,,not stated,no,7700000,12/08/2026,#######
Life Camp,Abuja,terrace,2,2,42,yes,yes,3800000,12/08/2026,#######
Lugbe,Abuja,mansion,2,1,864,yes,not stated,6200000,14/08/2026,#######
Life Camp,Abuja,mansion,2,1,715,not stated,no,6600000,10/08/2026,#######
Wuse 1,Abuja,mansion,3,3,706,no,no,7700000,02/08/2026,#######
Lokogoma,Abuja,mansion,2,3,660,no,not stated,6600000,18/08/2026,#######
Gbagada,Lagos,self-contain,0,1,,not stated,no,400000,17/08/2026,#######
Maryland,Lagos,mansion,5,4,,not stated,yes,8800000,05/08/2026,#######
Lekki Phase 1,Lagos,bungalow,6,6,581,yes,yes,8800000,13/08/2026,#######
Wuse 1,Abuja,flat,2,1,146,yes,no,2400000,16/08/2026,#######
Jahi,Abuja,terrace,3,2,,yes,yes,5400000,12/08/2026,#######
Gwarinpa,Abuja,penthouse,2,2,,yes,not stated,8800000,02/08/2026,#######
Ikoyi,Lagos,terrace,2,3,82,no,no,5100000,09/08/2026,#######
Ikeja,Lagos,penthouse,4,4,282,yes,no,6600000,16/08/2026,#######
Opebi,Lagos,duplex,5,4,,yes,not stated,5500000,18/08/2026,#######
Katampe,Abuja,flat,2,3,148,no,yes,3200000,17/08/2026,#######
Lekki Phase 1,Lagos,mansion,2,2,,not stated,yes,14800000,14/08/2026,#######
Wuse 2,Abuja,penthouse,3,3,,yes,yes,11300000,05/08/2026,#######
Opebi,Lagos,duplex,3,2,,yes,not stated,3500000,18/08/2026,#######
Wuse 1,Abuja,penthouse,4,3,,yes,not stated,5600000,15/08/2026,#######
Maryland,Lagos,flat,4,5,,no,no,5000000,17/08/2026,#######
Gwarinpa,Abuja,duplex,5,4,458,not stated,no,6300000,14/08/2026,#######
Ajah,Lagos,penthouse,3,3,,yes,not stated,5200000,10/08/2026,#######
Ojodu Berger,Lagos,bungalow,5,5,,yes,not stated,6200000,17/08/2026,#######
Yaba,Lagos,terrace,1,2,150,not stated,no,1800000,11/08/2026,#######
Jahi,Abuja,mansion,1,1,784,no,yes,11800000,12/08/2026,#######
Guzape,Abuja,flat,3,4,595,not stated,yes,5100000,01/08/2026,#######
Gwarinpa,Abuja,mansion,2,2,1082,yes,yes,11200000,09/08/2026,#######
Opebi,Lagos,self-contain,0,1,,no,no,600000,14/08/2026,#######
Ajah,Lagos,penthouse,5,4,,yes,not stated,6800000,10/08/2026,#######
Wuse 1,Abuja,flat,4,4,390,no,no,4600000,15/08/2026,#######
Lugbe,Abuja,flat,3,2,427,no,no,3200000,07/08/2026,#######
Lokogoma,Abuja,mansion,1,2,,yes,no,4800000,17/08/2026,#######
Gwarinpa,Abuja,self-contain,0,1,,not stated,not stated,1800000,08/08/2026,#######
Garki,Abuja,self-contain,0,1,,no,no,1300000,08/08/2026,#######
Ikeja GRA,Lagos,penthouse,3,3,,not stated,yes,7200000,10/08/2026,#######
VGC,Lagos,bungalow,4,3,,no,not stated,6100000,11/08/2026,#######
Apo,Abuja,mansion,2,2,,yes,yes,5400000,18/08/2026,#######
Ikoyi,Lagos,bungalow,3,4,598,not stated,no,6600000,08/08/2026,#######
Lokogoma,Abuja,bungalow,5,5,500,yes,yes,5400000,04/08/2026,#######
Wuse 1,Abuja,flat,2,1,57,no,no,2700000,02/08/2026,#######
Maryland,Lagos,bungalow,3,4,,not stated,not stated,3300000,14/08/2026,#######
Katampe,Abuja,flat,5,6,164,not stated,no,5700000,07/08/2026,#######
Surulere,Lagos,mansion,5,5,738,not stated,yes,8500000,03/08/2026,#######
Asokoro,Abuja,self-contain,0,1,,not stated,not stated,2000000,06/08/2026,#######
Wuse 2,Abuja,bungalow,3,3,426,no,no,7200000,14/08/2026,#######
Lokogoma,Abuja,mansion,4,4,539,yes,yes,8000000,11/08/2026,#######
Mabushi,Abuja,mansion,3,2,1171,not stated,yes,7200000,11/08/2026,#######
Surulere,Lagos,self-contain,0,1,49,not stated,not stated,700000,15/08/2026,#######
Magodo,Lagos,terrace,3,3,220,no,not stated,5000000,14/08/2026,#######
Wuse 2,Abuja,flat,3,3,527,not stated,yes,6200000,13/08/2026,#######
Garki,Abuja,self-contain,0,1,123,no,no,1600000,02/08/2026,#######
Sangotedo,Lagos,flat,5,4,353,not stated,yes,4600000,14/08/2026,#######
Dutse,Abuja,flat,4,5,,yes,yes,5200000,17/08/2026,#######
Ilupeju,Lagos,bungalow,6,5,,not stated,not stated,6500000,11/08/2026,#######
Dutse,Abuja,mansion,3,4,943,yes,not stated,6600000,05/08/2026,#######
Maitama,Abuja,penthouse,2,3,133,yes,yes,10500000,03/08/2026,#######
Garki,Abuja,terrace,2,3,143,not stated,not stated,2400000,18/08/2026,#######
Dutse,Abuja,duplex,2,3,40,no,yes,3300000,01/08/2026,#######
Ikoyi,Lagos,bungalow,3,2,325,not stated,yes,6700000,02/08/2026,#######
Lokogoma,Abuja,duplex,2,1,113,no,no,2200000,13/08/2026,#######
Amuwo Odofin,Lagos,flat,2,2,,not stated,not stated,2600000,02/08/2026,#######
Wuse 2,Abuja,mansion,5,5,714,not stated,yes,17900000,03/08/2026,#######
Opebi,Lagos,self-contain,0,1,94,no,not stated,0,18/08/2026,#######
Allen,Lagos,duplex,4,5,,not stated,not stated,4100000,05/08/2026,#######
Guzape,Abuja,bungalow,4,4,,yes,no,6300000,03/08/2026,#######
Ajah,Lagos,bungalow,1,2,,no,no,2700000,15/08/2026,#######
Ikeja,Lagos,duplex,2,1,57,not stated,not stated,3900000,06/08/2026,#######
Ikeja,Lagos,flat,5,4,,no,not stated,5800000,18/08/2026,#######
Jahi,Abuja,mansion,3,4,1149,no,no,13300000,16/08/2026,#######
Surulere,Lagos,self-contain,0,1,42,no,yes,300000,04/08/2026,#######
Ikeja GRA,Lagos,terrace,2,1,94,no,not stated,4800000,18/08/2026,#######
Yaba,Lagos,bungalow,6,5,558,not stated,no,6600000,02/08/2026,#######
Life Camp,Abuja,terrace,6,5,233,yes,no,5700000,09/08/2026,#######
Guzape,Abuja,flat,3,3,366,no,yes,5400000,11/08/2026,#######
Guzape,Abuja,flat,2,1,141,not stated,yes,5500000,04/08/2026,#######
VGC,Lagos,flat,3,4,501,no,yes,4200000,09/08/2026,#######
Wuse 2,Abuja,terrace,3,3,,no,no,6500000,06/08/2026,#######
Ikeja,Lagos,self-contain,0,1,106,no,no,700000,14/08/2026,#######
Apo,Abuja,terrace,4,4,570,no,no,4600000,05/08/2026,#######
Maitama,Abuja,penthouse,2,1,40,no,yes,11000000,15/08/2026,#######
Garki,Abuja,bungalow,6,5,340,yes,no,5500000,11/08/2026,#######
Wuse 2,Abuja,flat,3,2,,yes,yes,7100000,18/08/2026,#######
Garki,Abuja,bungalow,2,1,86,yes,no,2100000,07/08/2026,#######
Yaba,Lagos,mansion,3,2,,not stated,yes,7200000,10/08/2026,#######
Jahi,Abuja,mansion,3,3,,no,not stated,12700000,13/08/2026,#######
Katampe,Abuja,bungalow,3,4,,yes,yes,3200000,05/08/2026,#######
Apo,Abuja,self-contain,0,1,90,no,no,200000,08/08/2026,#######
Amuwo Odofin,Lagos,terrace,2,3,,not stated,yes,2100000,17/08/2026,#######
Ikeja GRA,Lagos,duplex,4,4,,yes,not stated,5800000,11/08/2026,#######
Ilupeju,Lagos,terrace,3,2,232,not stated,no,4200000,15/08/2026,#######
Sangotedo,Lagos,bungalow,2,2,127,not stated,no,3500000,18/08/2026,#######
Magodo,Lagos,duplex,3,3,604,no,not stated,5000000,18/08/2026,#######
Lokogoma,Abuja,mansion,3,3,703,not stated,not stated,7000000,07/08/2026,#######
Mabushi,Abuja,mansion,3,4,,not stated,not stated,7700000,05/08/2026,#######
Jahi,Abuja,bungalow,2,1,59,yes,yes,3800000,15/08/2026,#######
Apo,Abuja,self-contain,0,1,115,yes,no,0,08/08/2026,#######
Ojodu Berger,Lagos,bungalow,3,3,,not stated,no,4300000,03/08/2026,#######
Jahi,Abuja,mansion,2,3,618,not stated,yes,11900000,04/08/2026,#######
Gbagada,Lagos,terrace,6,7,,yes,no,7100000,15/08/2026,#######
Katampe,Abuja,bungalow,1,2,126,no,not stated,2000000,07/08/2026,#######
Dutse,Abuja,duplex,3,3,,yes,no,4400000,03/08/2026,#######
Ilupeju,Lagos,bungalow,3,4,743,not stated,yes,4800000,14/08/2026,#######
Sangotedo,Lagos,duplex,2,1,,yes,not stated,3600000,18/08/2026,#######
Asokoro,Abuja,self-contain,0,1,126,not stated,not stated,1100000,07/08/2026,#######
Festac,Lagos,flat,3,3,,not stated,no,3500000,18/08/2026,#######
Katampe,Abuja,bungalow,3,2,242,not stated,not stated,3400000,12/08/2026,#######
Lugbe,Abuja,duplex,5,5,400,not stated,not stated,4500000,08/08/2026,#######
Lokogoma,Abuja,duplex,3,4,764,yes,no,4600000,04/08/2026,#######
Lekki Phase 2,Lagos,flat,3,3,192,no,no,4400000,18/08/2026,#######
Ikoyi,Lagos,terrace,5,5,415,yes,no,7200000,02/08/2026,#######
Life Camp,Abuja,duplex,3,4,550,no,not stated,4100000,08/08/2026,#######
Lokogoma,Abuja,bungalow,4,4,176,no,yes,4200000,15/08/2026,#######
Victoria Island,Lagos,bungalow,1,1,,no,no,5200000,10/08/2026,#######
Apo,Abuja,duplex,1,1,113,no,yes,2200000,05/08/2026,#######
Lekki Phase 2,Lagos,bungalow,1,1,72,not stated,no,2700000,13/08/2026,#######
Apo,Abuja,penthouse,1,2,91,yes,yes,3400000,06/08/2026,#######
Magodo,Lagos,self-contain,0,1,62,no,not stated,300000,10/08/2026,#######
Maitama,Abuja,flat,4,3,741,not stated,no,7400000,11/08/2026,#######
Ikoyi,Lagos,duplex,3,4,498,no,no,6400000,01/08/2026,#######
Ilupeju,Lagos,terrace,3,4,329,yes,not stated,3600000,05/08/2026,#######
Gbagada,Lagos,self-contain,0,1,,yes,not stated,400000,09/08/2026,#######
Maryland,Lagos,terrace,2,3,40,no,yes,3600000,17/08/2026,#######
Mabushi,Abuja,flat,2,1,113,no,yes,2800000,01/08/2026,#######
Gbagada,Lagos,flat,1,2,136,not stated,not stated,2000000,10/08/2026,#######
VGC,Lagos,penthouse,2,2,66,not stated,yes,6900000,10/08/2026,#######
Ikeja,Lagos,mansion,2,1,1141,not stated,yes,6200000,03/08/2026,#######
VGC,Lagos,terrace,6,5,577,no,no,6500000,13/08/2026,#######
Wuse 1,Abuja,mansion,4,5,1153,yes,yes,6900000,06/08/2026,#######
Amuwo Odofin,Lagos,mansion,3,4,951,no,yes,7100000,03/08/2026,#######
Garki,Abuja,terrace,2,1,,not stated,no,2200000,15/08/2026,#######
Maitama,Abuja,mansion,3,4,886,not stated,yes,17800000,16/08/2026,#######
Magodo,Lagos,bungalow,1,2,,yes,not stated,2300000,05/08/2026,#######
Ajah,Lagos,flat,3,4,724,not stated,not stated,3100000,05/08/2026,#######
Garki,Abuja,penthouse,3,3,613,not stated,no,6100000,03/08/2026,#######
Lokogoma,Abuja,penthouse,2,2,79,yes,no,4800000,18/08/2026,#######
Sangotedo,Lagos,duplex,3,4,,yes,no,3600000,09/08/2026,#######
Lugbe,Abuja,mansion,6,6,,yes,yes,9100000,08/08/2026,#######
Apo,Abuja,bungalow,1,1,51,not stated,no,2500000,05/08/2026,#######
Jahi,Abuja,penthouse,3,4,,no,yes,8700000,03/08/2026,#######
Lokogoma,Abuja,duplex,3,4,622,yes,not stated,3500000,15/08/2026,#######
Lekki Phase 2,Lagos,mansion,2,1,658,not stated,not stated,6700000,14/08/2026,#######
Mabushi,Abuja,terrace,1,2,91,no,yes,2700000,06/08/2026,#######
Ikeja GRA,Lagos,bungalow,3,2,,yes,not stated,5000000,17/08/2026,#######
Mabushi,Abuja,penthouse,3,3,212,yes,no,5400000,12/08/2026,#######
Garki,Abuja,flat,3,4,239,no,no,3300000,13/08/2026,#######
Life Camp,Abuja,bungalow,3,4,657,yes,not stated,4200000,04/08/2026,#######
Ikoyi,Lagos,bungalow,2,1,53,not stated,no,5800000,02/08/2026,#######
Guzape,Abuja,bungalow,4,3,781,yes,yes,5900000,14/08/2026,#######
Festac,Lagos,penthouse,1,2,140,yes,yes,3200000,05/08/2026,#######
Ikeja,Lagos,flat,2,2,,yes,no,3500000,06/08/2026,#######
Asokoro,Abuja,mansion,2,1,1111,not stated,yes,15100000,11/08/2026,#######
Maitama,Abuja,duplex,1,1,58,yes,yes,4800000,10/08/2026,#######
Sangotedo,Lagos,mansion,1,1,,yes,yes,4300000,04/08/2026,#######
Lekki Phase 2,Lagos,mansion,2,1,926,not stated,yes,5500000,12/08/2026,#######
Ikoyi,Lagos,self-contain,0,1,66,no,no,2100000,15/08/2026,#######
Ojodu Berger,Lagos,mansion,3,2,,no,no,6100000,04/08/2026,#######
Ajah,Lagos,penthouse,5,5,156,no,no,6400000,01/08/2026,#######
VGC,Lagos,bungalow,3,2,609,yes,no,5700000,01/08/2026,#######
Surulere,Lagos,self-contain,0,1,66,no,yes,100000,09/08/2026,#######
Ojodu Berger,Lagos,flat,3,2,282,not stated,yes,4100000,06/08/2026,#######
Wuse 2,Abuja,flat,3,3,365,yes,not stated,6000000,03/08/2026,#######
Mabushi,Abuja,self-contain,0,1,,not stated,not stated,100000,11/08/2026,#######
Sangotedo,Lagos,flat,4,5,,not stated,not stated,4400000,13/08/2026,#######
Magodo,Lagos,terrace,2,2,120,yes,yes,3300000,02/08/2026,#######
Lokogoma,Abuja,terrace,2,3,48,no,not stated,3300000,08/08/2026,#######
Ilupeju,Lagos,flat,6,7,643,not stated,yes,5800000,01/08/2026,#######
Life Camp,Abuja,penthouse,6,6,,no,no,6900000,04/08/2026,#######
Garki,Abuja,bungalow,3,4,737,yes,not stated,3400000,12/08/2026,#######
Surulere,Lagos,bungalow,3,4,503,not stated,not stated,4000000,15/08/2026,#######
Garki,Abuja,penthouse,3,3,359,no,no,5500000,17/08/2026,#######
Katampe,Abuja,terrace,5,5,,no,not stated,6000000,18/08/2026,#######
Maitama,Abuja,duplex,3,2,,no,yes,7100000,01/08/2026,#######
Lekki Phase 2,Lagos,penthouse,3,4,220,not stated,yes,5000000,07/08/2026,#######
Guzape,Abuja,mansion,3,2,612,no,yes,12500000,14/08/2026,#######
Ajah,Lagos,terrace,1,1,109,not stated,not stated,2100000,10/08/2026,#######
Festac,Lagos,penthouse,4,5,,not stated,yes,5500000,17/08/2026,#######
Lekki Phase 2,Lagos,duplex,4,5,,yes,no,4300000,13/08/2026,#######
Yaba,Lagos,self-contain,0,1,116,not stated,not stated,1400000,09/08/2026,#######
Jahi,Abuja,penthouse,3,3,401,no,not stated,9500000,12/08/2026,#######
Yaba,Lagos,penthouse,3,4,204,no,no,4400000,10/08/2026,#######
Ikoyi,Lagos,terrace,1,1,,yes,not stated,4800000,17/08/2026,#######
Lekki Phase 1,Lagos,self-contain,0,1,,yes,not stated,600000,14/08/2026,#######
Gbagada,Lagos,self-contain,0,1,,yes,no,300000,11/08/2026,#######
Lekki Phase 2,Lagos,mansion,5,5,,no,yes,9400000,16/08/2026,#######
Katampe,Abuja,bungalow,2,1,84,not stated,not stated,3000000,07/08/2026,#######
Katampe,Abuja,duplex,4,4,213,yes,yes,5600000,15/08/2026,#######
Allen,Lagos,penthouse,3,2,206,not stated,yes,6000000,06/08/2026,#######
Lokogoma,Abuja,mansion,6,7,874,not stated,yes,9500000,10/08/2026,#######
Asokoro,Abuja,bungalow,6,6,,yes,yes,9400000,12/08/2026,#######
Gbagada,Lagos,bungalow,2,3,69,yes,not stated,3100000,17/08/2026,#######
Lokogoma,Abuja,flat,4,5,,not stated,yes,5000000,03/08/2026,#######
Maitama,Abuja,flat,3,4,707,yes,yes,6200000,17/08/2026,#######
Lokogoma,Abuja,duplex,2,2,125,yes,not stated,3800000,15/08/2026,#######
Opebi,Lagos,terrace,2,3,130,no,not stated,3300000,09/08/2026,#######
Lugbe,Abuja,flat,2,3,90,not stated,not stated,2400000,16/08/2026,#######
Magodo,Lagos,duplex,5,6,443,not stated,yes,6500000,15/08/2026,#######
Ikeja,Lagos,self-contain,0,1,108,yes,not stated,1500000,01/08/2026,#######
Life Camp,Abuja,flat,5,4,329,not stated,yes,6300000,17/08/2026,#######
Lekki Phase 2,Lagos,duplex,2,2,128,not stated,not stated,3000000,12/08/2026,#######
Lekki Phase 1,Lagos,mansion,6,6,1083,no,no,17800000,18/08/2026,#######
Magodo,Lagos,mansion,2,3,835,yes,yes,9300000,14/08/2026,#######
Gbagada,Lagos,bungalow,5,5,276,not stated,no,4800000,14/08/2026,#######
Wuse 1,Abuja,penthouse,2,1,146,yes,not stated,4900000,16/08/2026,#######
Ikeja GRA,Lagos,mansion,6,5,1123,yes,no,12300000,06/08/2026,#######
Lekki Phase 2,Lagos,penthouse,2,1,53,no,not stated,4600000,10/08/2026,#######
Wuse 1,Abuja,penthouse,2,2,46,no,not stated,4900000,07/08/2026,#######
Lugbe,Abuja,flat,4,5,,no,not stated,4800000,04/08/2026,#######
Mabushi,Abuja,terrace,2,2,147,not stated,not stated,3300000,01/08/2026,#######
Life Camp,Abuja,mansion,1,1,,no,yes,6000000,13/08/2026,#######
Ilupeju,Lagos,flat,6,6,618,no,not stated,5500000,06/08/2026,#######
VGC,Lagos,terrace,6,6,603,yes,yes,7500000,11/08/2026,#######
Ojodu Berger,Lagos,self-contain,0,1,140,yes,yes,1600000,08/08/2026,#######
Lugbe,Abuja,terrace,5,5,254,no,no,5200000,17/08/2026,#######
Ikeja GRA,Lagos,mansion,2,1,1064,yes,no,9800000,02/08/2026,#######
Asokoro,Abuja,penthouse,5,6,691,not stated,yes,12500000,17/08/2026,#######
Asokoro,Abuja,bungalow,3,3,279,yes,no,6900000,17/08/2026,#######
Ojodu Berger,Lagos,mansion,1,2,601,no,no,4900000,17/08/2026,#######
Sangotedo,Lagos,terrace,2,2,,no,yes,2500000,07/08/2026,#######
Festac,Lagos,bungalow,2,3,133,not stated,yes,4000000,13/08/2026,#######
Ojodu Berger,Lagos,penthouse,2,1,70,no,no,3900000,12/08/2026,#######
Ajah,Lagos,self-contain,0,1,92,yes,no,1200000,15/08/2026,#######
Surulere,Lagos,self-contain,0,1,,yes,yes,700000,09/08/2026,#######
Opebi,Lagos,mansion,1,2,858,not stated,not stated,5300000,05/08/2026,#######
Gwarinpa,Abuja,mansion,3,4,541,no,no,12900000,02/08/2026,#######
Life Camp,Abuja,terrace,2,2,91,yes,yes,2200000,04/08/2026,#######
Jahi,Abuja,mansion,2,3,957,no,no,12100000,14/08/2026,#######
Jahi,Abuja,mansion,2,2,857,not stated,yes,11800000,09/08/2026,#######
Victoria Island,Lagos,flat,1,2,112,yes,yes,4100000,13/08/2026,#######
Wuse 1,Abuja,duplex,2,1,111,yes,not stated,3900000,18/08/2026,#######
Sangotedo,Lagos,self-contain,0,1,,yes,not stated,1700000,10/08/2026,#######
Gbagada,Lagos,flat,3,2,640,yes,no,3600000,03/08/2026,#######
Gwarinpa,Abuja,bungalow,4,5,663,not stated,yes,5600000,17/08/2026,#######
Ikoyi,Lagos,mansion,5,5,516,no,not stated,17100000,12/08/2026,#######
Dutse,Abuja,terrace,4,5,725,yes,yes,5100000,07/08/2026,#######
Wuse 1,Abuja,bungalow,5,4,567,not stated,yes,4700000,09/08/2026,#######
Wuse 2,Abuja,self-contain,0,1,103,no,not stated,700000,10/08/2026,#######
Amuwo Odofin,Lagos,duplex,2,2,,yes,not stated,2800000,07/08/2026,#######
Lugbe,Abuja,mansion,2,2,678,no,yes,7000000,04/08/2026,#######
Amuwo Odofin,Lagos,flat,1,2,143,not stated,yes,1500000,14/08/2026,#######
Garki,Abuja,terrace,3,2,598,yes,yes,3900000,16/08/2026,#######
Lugbe,Abuja,bungalow,2,1,,yes,yes,4000000,08/08/2026,#######
Life Camp,Abuja,flat,2,3,90,no,yes,3200000,07/08/2026,#######
Ojodu Berger,Lagos,bungalow,2,3,62,no,yes,2400000,09/08/2026,#######
Guzape,Abuja,flat,2,2,68,not stated,not stated,4300000,05/08/2026,#######
Ojodu Berger,Lagos,penthouse,3,2,,no,yes,5900000,13/08/2026,#######
Gbagada,Lagos,duplex,5,6,,no,not stated,6200000,10/08/2026,#######
Dutse,Abuja,bungalow,4,3,,yes,no,4400000,11/08/2026,#######
Magodo,Lagos,terrace,2,1,77,not stated,no,4700000,07/08/2026,#######
Gwarinpa,Abuja,terrace,2,1,89,no,no,5200000,18/08/2026,#######
Gbagada,Lagos,bungalow,4,4,,no,no,4700000,17/08/2026,#######
Jahi,Abuja,bungalow,2,3,112,not stated,no,3600000,04/08/2026,#######
Festac,Lagos,penthouse,3,4,,not stated,yes,4600000,03/08/2026,#######
Maitama,Abuja,terrace,3,3,,not stated,no,6600000,02/08/2026,#######
Dutse,Abuja,self-contain,0,1,98,no,yes,1400000,15/08/2026,#######
Lokogoma,Abuja,mansion,2,1,1170,not stated,not stated,6300000,03/08/2026,#######
Life Camp,Abuja,flat,1,1,107,yes,no,1900000,08/08/2026,#######
Jahi,Abuja,duplex,3,2,,no,no,4500000,13/08/2026,#######
Mabushi,Abuja,terrace,2,2,75,yes,yes,2100000,06/08/2026,#######
Maryland,Lagos,self-contain,0,1,135,not stated,not stated,1400000,17/08/2026,#######
Lekki Phase 1,Lagos,bungalow,3,2,331,yes,not stated,6600000,17/08/2026,#######
Opebi,Lagos,self-contain,0,1,44,not stated,yes,1400000,14/08/2026,#######
Ikeja GRA,Lagos,bungalow,3,3,,no,not stated,4300000,01/08/2026,#######
Garki,Abuja,penthouse,6,7,,yes,no,8100000,04/08/2026,#######
Maitama,Abuja,penthouse,3,4,598,not stated,no,12400000,04/08/2026,#######
Life Camp,Abuja,duplex,2,2,134,yes,no,3200000,04/08/2026,#######
Surulere,Lagos,duplex,4,4,,not stated,no,5500000,02/08/2026,#######
Lekki Phase 2,Lagos,terrace,4,4,,yes,no,3800000,03/08/2026,#######
Apo,Abuja,mansion,2,3,944,not stated,not stated,5900000,04/08/2026,#######
Allen,Lagos,duplex,3,3,661,not stated,no,3200000,01/08/2026,#######
Life Camp,Abuja,flat,2,1,73,not stated,yes,4000000,02/08/2026,#######
Magodo,Lagos,bungalow,2,1,115,no,not stated,4600000,05/08/2026,#######
Lekki Phase 2,Lagos,terrace,5,6,740,no,not stated,5700000,10/08/2026,#######
Maryland,Lagos,self-contain,0,1,111,yes,no,1600000,01/08/2026,#######
Mabushi,Abuja,self-contain,0,1,78,yes,not stated,1200000,14/08/2026,#######
Festac,Lagos,bungalow,3,4,416,no,no,3700000,12/08/2026,#######
Gwarinpa,Abuja,terrace,5,4,253,no,no,7400000,17/08/2026,#######
Ojodu Berger,Lagos,mansion,1,2,552,no,yes,4300000,04/08/2026,#######
Lokogoma,Abuja,self-contain,0,1,107,yes,yes,1300000,02/08/2026,#######
Lugbe,Abuja,penthouse,2,3,89,yes,no,5100000,08/08/2026,#######
Ikeja GRA,Lagos,penthouse,5,6,,not stated,no,9700000,17/08/2026,#######
Guzape,Abuja,penthouse,1,1,,no,not stated,8400000,16/08/2026,#######
Magodo,Lagos,self-contain,0,1,109,no,no,1600000,17/08/2026,#######
Mabushi,Abuja,flat,1,1,147,yes,no,1300000,14/08/2026,#######
Ikeja,Lagos,terrace,3,4,635,yes,yes,3800000,14/08/2026,#######
Apo,Abuja,self-contain,0,1,53,no,no,400000,11/08/2026,#######
Lekki Phase 1,Lagos,self-contain,0,1,,no,yes,2300000,16/08/2026,#######
Magodo,Lagos,bungalow,1,2,,no,not stated,2700000,09/08/2026,#######
Gbagada,Lagos,bungalow,2,2,,no,yes,3600000,17/08/2026,#######
Gwarinpa,Abuja,penthouse,2,2,64,yes,not stated,8700000,02/08/2026,#######
Guzape,Abuja,mansion,3,4,509,yes,yes,12600000,02/08/2026,#######
Surulere,Lagos,bungalow,5,6,542,yes,yes,4900000,03/08/2026,#######
Lugbe,Abuja,terrace,4,4,357,no,yes,5100000,09/08/2026,#######
Gbagada,Lagos,mansion,2,3,1018,no,yes,6000000,04/08/2026,#######
Lokogoma,Abuja,self-contain,0,1,,not stated,no,1700000,16/08/2026,#######
Wuse 2,Abuja,flat,5,4,366,no,no,7900000,18/08/2026,#######
Wuse 2,Abuja,self-contain,0,1,46,no,no,1200000,03/08/2026,#######
Yaba,Lagos,bungalow,3,2,458,yes,yes,4800000,09/08/2026,#######
Lekki Phase 1,Lagos,terrace,3,2,,no,no,6800000,16/08/2026,#######
Gbagada,Lagos,self-contain,0,1,,no,not stated,600000,04/08/2026,#######
Magodo,Lagos,mansion,6,7,1077,not stated,yes,12700000,01/08/2026,#######
Apo,Abuja,bungalow,3,3,279,no,not stated,4400000,09/08/2026,#######
VGC,Lagos,bungalow,5,5,,no,yes,7100000,18/08/2026,#######
Ojodu Berger,Lagos,terrace,3,4,600,yes,no,4300000,09/08/2026,#######
Guzape,Abuja,self-contain,0,1,134,not stated,not stated,1000000,02/08/2026,#######
Magodo,Lagos,terrace,5,5,671,yes,not stated,5900000,04/08/2026,#######
Yaba,Lagos,bungalow,2,1,82,not stated,yes,3700000,03/08/2026,#######
Wuse 2,Abuja,self-contain,0,1,128,no,yes,1000000,08/08/2026,#######
Lekki Phase 2,Lagos,bungalow,3,4,421,no,yes,4400000,11/08/2026,#######
Festac,Lagos,self-contain,0,1,87,not stated,yes,600000,18/08/2026,#######
Garki,Abuja,flat,3,3,707,yes,not stated,4500000,05/08/2026,#######
Katampe,Abuja,terrace,2,1,130,yes,not stated,2800000,11/08/2026,#######
Dutse,Abuja,flat,2,1,48,no,no,3800000,12/08/2026,#######
Allen,Lagos,self-contain,0,1,,yes,yes,-100000,05/08/2026,#######
Lekki Phase 1,Lagos,self-contain,0,1,73,not stated,not stated,500000,13/08/2026,#######
Garki,Abuja,penthouse,3,3,314,yes,no,6100000,11/08/2026,#######
Allen,Lagos,self-contain,0,1,114,yes,no,1400000,14/08/2026,#######
Wuse 1,Abuja,bungalow,3,4,,yes,not stated,4700000,01/08/2026,#######
Asokoro,Abuja,flat,6,7,,yes,no,9100000,15/08/2026,#######
Ikoyi,Lagos,self-contain,0,1,113,no,no,1300000,08/08/2026,#######
Gbagada,Lagos,self-contain,0,1,47,not stated,no,100000,02/08/2026,#######
Lekki Phase 1,Lagos,self-contain,0,1,,no,yes,1300000,07/08/2026,#######
Asokoro,Abuja,self-contain,0,1,119,no,no,800000,09/08/2026,#######
Garki,Abuja,penthouse,5,6,,no,yes,7700000,04/08/2026,#######
Jahi,Abuja,duplex,2,2,,yes,not stated,3800000,09/08/2026,#######
Apo,Abuja,flat,1,2,,yes,no,2500000,05/08/2026,#######
Garki,Abuja,flat,2,3,59,no,yes,3900000,03/08/2026,#######
Asokoro,Abuja,penthouse,5,4,388,not stated,not stated,12700000,18/08/2026,#######
Magodo,Lagos,flat,3,4,,yes,no,5100000,18/08/2026,#######
Apo,Abuja,self-contain,0,1,116,not stated,yes,1000000,16/08/2026,#######
Mabushi,Abuja,flat,3,2,299,not stated,yes,3800000,02/08/2026,#######
Life Camp,Abuja,mansion,2,3,797,no,not stated,5100000,14/08/2026,#######
Garki,Abuja,penthouse,2,2,144,no,not stated,4100000,17/08/2026,#######
Festac,Lagos,flat,3,3,534,yes,not stated,3600000,07/08/2026,#######
Amuwo Odofin,Lagos,penthouse,2,1,82,no,yes,5300000,03/08/2026,#######
Lekki Phase 2,Lagos,terrace,2,3,118,not stated,not stated,3700000,17/08/2026,#######
Ikeja GRA,Lagos,terrace,3,2,,no,yes,4800000,15/08/2026,#######
Ajah,Lagos,bungalow,2,2,138,yes,not stated,3100000,04/08/2026,#######
Lekki Phase 2,Lagos,duplex,5,6,,not stated,no,5900000,16/08/2026,#######
Amuwo Odofin,Lagos,penthouse,2,3,146,yes,no,3700000,02/08/2026,#######
Festac,Lagos,duplex,2,3,66,no,yes,2100000,13/08/2026,#######
Wuse 2,Abuja,duplex,3,2,267,not stated,yes,6500000,06/08/2026,#######
Dutse,Abuja,duplex,4,4,168,yes,not stated,4700000,01/08/2026,#######
Surulere,Lagos,self-contain,0,1,93,yes,yes,1200000,17/08/2026,#######
Apo,Abuja,bungalow,2,2,123,yes,not stated,2100000,09/08/2026,#######
Victoria Island,Lagos,mansion,4,3,912,not stated,yes,15400000,03/08/2026,#######
Sangotedo,Lagos,flat,3,4,719,not stated,yes,3500000,10/08/2026,#######
Asokoro,Abuja,penthouse,5,4,,no,no,12400000,13/08/2026,#######
Lekki Phase 2,Lagos,bungalow,2,3,,not stated,no,3100000,16/08/2026,#######
Gwarinpa,Abuja,duplex,2,3,60,yes,yes,3700000,02/08/2026,#######
Katampe,Abuja,penthouse,2,2,108,yes,yes,4100000,01/08/2026,#######
Jahi,Abuja,terrace,3,3,427,yes,yes,5200000,16/08/2026,#######
Allen,Lagos,bungalow,1,2,133,no,not stated,3000000,15/08/2026,#######
Maitama,Abuja,mansion,1,1,1112,no,no,14700000,17/08/2026,#######
Asokoro,Abuja,terrace,1,1,,no,not stated,4600000,04/08/2026,#######
Yaba,Lagos,duplex,3,2,268,not stated,no,4700000,17/08/2026,#######
Gwarinpa,Abuja,terrace,4,5,158,not stated,no,6500000,17/08/2026,#######
Gwarinpa,Abuja,penthouse,3,4,702,not stated,not stated,8300000,18/08/2026,#######
Gbagada,Lagos,terrace,5,5,624,no,not stated,4700000,02/08/2026,#######
Mabushi,Abuja,self-contain,0,1,101,not stated,yes,1400000,04/08/2026,#######
Ikoyi,Lagos,flat,1,1,,not stated,not stated,3300000,09/08/2026,#######
Life Camp,Abuja,self-contain,0,1,108,no,no,1600000,08/08/2026,#######
Ikeja GRA,Lagos,duplex,3,2,647,yes,yes,3900000,14/08/2026,#######
Asokoro,Abuja,self-contain,0,1,76,not stated,not stated,2300000,06/08/2026,#######
Jahi,Abuja,mansion,5,5,,yes,not stated,13600000,15/08/2026,#######
Maryland,Lagos,mansion,2,3,854,no,yes,6100000,11/08/2026,#######
Asokoro,Abuja,penthouse,3,4,603,yes,not stated,11900000,04/08/2026,#######
Lokogoma,Abuja,terrace,1,2,,yes,not stated,1900000,14/08/2026,#######
Gbagada,Lagos,self-contain,0,1,112,no,no,1000000,18/08/2026,#######
Jahi,Abuja,penthouse,1,1,125,no,not stated,7900000,14/08/2026,#######
Maryland,Lagos,duplex,3,3,636,yes,yes,4100000,06/08/2026,#######
Wuse 1,Abuja,terrace,1,1,102,yes,not stated,1400000,13/08/2026,#######
Gbagada,Lagos,bungalow,4,5,,not stated,no,3900000,11/08/2026,#######
Wuse 1,Abuja,duplex,2,3,61,yes,yes,3700000,16/08/2026,#######
Katampe,Abuja,flat,1,1,47,not stated,not stated,2700000,11/08/2026,#######
Magodo,Lagos,self-contain,0,1,70,no,no,400000,11/08/2026,#######
Guzape,Abuja,flat,2,1,,not stated,no,5300000,03/08/2026,#######
Wuse 1,Abuja,terrace,1,1,135,not stated,not stated,2200000,03/08/2026,#######
Sangotedo,Lagos,duplex,2,1,71,not stated,no,3800000,11/08/2026,#######
Gbagada,Lagos,mansion,3,3,,yes,yes,5900000,11/08/2026,#######
Life Camp,Abuja,terrace,2,3,130,no,not stated,4000000,08/08/2026,#######
Maitama,Abuja,bungalow,2,1,,not stated,yes,4600000,06/08/2026,#######
Ilupeju,Lagos,duplex,3,2,356,yes,not stated,3100000,12/08/2026,#######
Ilupeju,Lagos,flat,1,2,114,not stated,yes,3000000,09/08/2026,#######
Garki,Abuja,flat,2,3,130,not stated,no,2600000,02/08/2026,#######
Ilupeju,Lagos,mansion,2,1,714,not stated,no,7000000,09/08/2026,#######
Ilupeju,Lagos,penthouse,2,3,62,not stated,no,5400000,01/08/2026,#######
Festac,Lagos,flat,3,3,314,no,not stated,4200000,15/08/2026,#######
Sangotedo,Lagos,penthouse,4,4,629,yes,no,6600000,09/08/2026,#######
Apo,Abuja,duplex,5,5,484,not stated,not stated,6000000,07/08/2026,#######
Garki,Abuja,flat,3,3,336,not stated,not stated,4400000,15/08/2026,#######
Mabushi,Abuja,terrace,3,2,317,yes,yes,3800000,06/08/2026,#######
Katampe,Abuja,flat,3,3,166,not stated,no,4700000,15/08/2026,#######
Lokogoma,Abuja,mansion,2,1,718,no,yes,6600000,09/08/2026,#######
Yaba,Lagos,flat,5,5,,yes,no,5200000,10/08/2026,#######
Lugbe,Abuja,bungalow,3,2,,no,no,4000000,11/08/2026,#######
Apo,Abuja,terrace,3,2,776,not stated,no,3400000,13/08/2026,#######
Maitama,Abuja,bungalow,2,3,99,yes,yes,5700000,15/08/2026,#######
Wuse 1,Abuja,flat,3,4,210,yes,yes,4600000,11/08/2026,#######
Life Camp,Abuja,self-contain,0,1,,no,not stated,-100000,09/08/2026,#######
Guzape,Abuja,penthouse,5,6,,yes,no,10700000,17/08/2026,#######
Victoria Island,Lagos,penthouse,3,3,323,no,no,10300000,04/08/2026,#######
Ajah,Lagos,penthouse,2,2,,not stated,yes,4300000,05/08/2026,#######
Gwarinpa,Abuja,duplex,4,3,,no,no,6300000,13/08/2026,#######
Lekki Phase 2,Lagos,bungalow,3,3,,not stated,no,4600000,06/08/2026,#######
Jahi,Abuja,terrace,2,3,,no,yes,5000000,04/08/2026,#######
Gbagada,Lagos,terrace,2,2,,no,no,3700000,15/08/2026,#######
Guzape,Abuja,self-contain,0,1,122,yes,not stated,1100000,06/08/2026,#######
Gbagada,Lagos,penthouse,2,1,59,yes,no,4600000,17/08/2026,#######
Jahi,Abuja,mansion,1,1,,no,not stated,10900000,12/08/2026,#######
Life Camp,Abuja,mansion,3,4,885,not stated,no,6400000,04/08/2026,#######
Ikoyi,Lagos,mansion,4,4,,yes,yes,16100000,12/08/2026,#######
Lugbe,Abuja,self-contain,0,1,68,yes,yes,800000,17/08/2026,#######
Lekki Phase 2,Lagos,mansion,2,3,990,not stated,not stated,6800000,10/08/2026,#######
Ilupeju,Lagos,self-contain,0,1,140,not stated,no,500000,13/08/2026,#######
Mabushi,Abuja,terrace,6,5,301,yes,no,6300000,08/08/2026,#######
VGC,Lagos,bungalow,3,4,195,no,not stated,3900000,18/08/2026,#######
Wuse 2,Abuja,self-contain,0,1,97,not stated,yes,1800000,11/08/2026,#######
Magodo,Lagos,penthouse,4,3,266,not stated,not stated,9300000,12/08/2026,#######
Maitama,Abuja,bungalow,3,3,363,no,no,5700000,02/08/2026,#######
Life Camp,Abuja,mansion,3,3,529,no,no,7700000,01/08/2026,#######
Lokogoma,Abuja,duplex,2,2,96,no,not stated,2600000,15/08/2026,#######
Amuwo Odofin,Lagos,penthouse,3,2,,not stated,not stated,6200000,15/08/2026,#######
Festac,Lagos,bungalow,2,1,102,not stated,yes,3900000,08/08/2026,#######
Dutse,Abuja,terrace,2,2,142,no,yes,2400000,11/08/2026,#######
Maryland,Lagos,bungalow,4,4,,not stated,no,5000000,16/08/2026,#######
Festac,Lagos,penthouse,4,4,,no,yes,7000000,10/08/2026,#######
Ojodu Berger,Lagos,penthouse,1,1,67,yes,not stated,4700000,09/08/2026,#######
Allen,Lagos,duplex,5,6,,not stated,no,4700000,15/08/2026,#######
Asokoro,Abuja,mansion,3,2,931,not stated,yes,17600000,14/08/2026,#######
Lekki Phase 2,Lagos,penthouse,5,4,300,not stated,not stated,7200000,16/08/2026,#######
Apo,Abuja,self-contain,0,1,,yes,no,0,08/08/2026,#######
Asokoro,Abuja,duplex,3,2,,not stated,not stated,6000000,06/08/2026,#######
Ilupeju,Lagos,duplex,2,1,141,yes,no,2400000,05/08/2026,#######
Ajah,Lagos,penthouse,4,4,297,no,yes,7000000,17/08/2026,#######
Lekki Phase 1,Lagos,mansion,3,3,745,not stated,not stated,14300000,05/08/2026,#######
VGC,Lagos,terrace,5,5,682,no,not stated,6400000,14/08/2026,#######
Lokogoma,Abuja,duplex,3,3,,yes,no,4600000,17/08/2026,#######
Asokoro,Abuja,mansion,4,5,,not stated,not stated,16800000,10/08/2026,#######
Maitama,Abuja,terrace,3,4,766,no,not stated,6600000,02/08/2026,#######
Maryland,Lagos,duplex,2,3,59,no,not stated,2800000,05/08/2026,#######
Mabushi,Abuja,bungalow,2,3,80,yes,no,3000000,03/08/2026,#######
Wuse 1,Abuja,mansion,3,4,679,no,no,6600000,05/08/2026,#######
Dutse,Abuja,bungalow,2,3,61,not stated,yes,2500000,12/08/2026,#######
Wuse 1,Abuja,mansion,5,6,,not stated,yes,7800000,04/08/2026,#######
Festac,Lagos,penthouse,2,1,,yes,yes,4100000,06/08/2026,#######
VGC,Lagos,bungalow,4,3,463,not stated,no,4900000,05/08/2026,#######
Opebi,Lagos,penthouse,4,4,159,not stated,no,6600000,14/08/2026,#######
Magodo,Lagos,self-contain,0,1,127,not stated,not stated,800000,08/08/2026,#######
Wuse 1,Abuja,self-contain,0,1,65,no,yes,300000,07/08/2026,#######
Maitama,Abuja,self-contain,0,1,110,not stated,not stated,1800000,18/08/2026,#######
Surulere,Lagos,mansion,3,2,,no,yes,6000000,01/08/2026,#######
Lekki Phase 1,Lagos,penthouse,2,2,97,yes,not stated,9400000,12/08/2026,#######
Ikeja GRA,Lagos,penthouse,3,2,502,not stated,not stated,7500000,08/08/2026,#######
Wuse 2,Abuja,penthouse,2,3,125,yes,no,11000000,13/08/2026,#######
Life Camp,Abuja,bungalow,3,2,609,yes,not stated,3800000,10/08/2026,#######
Gbagada,Lagos,penthouse,2,2,80,yes,no,4500000,13/08/2026,#######
Apo,Abuja,flat,3,2,653,not stated,yes,4700000,05/08/2026,#######
Lekki Phase 2,Lagos,mansion,4,5,1001,not stated,not stated,7100000,11/08/2026,#######
Gbagada,Lagos,terrace,5,6,664,yes,no,4700000,03/08/2026,#######
Maryland,Lagos,bungalow,5,6,408,no,no,5900000,18/08/2026,#######
Amuwo Odofin,Lagos,mansion,1,2,,not stated,not stated,4800000,09/08/2026,#######
Sangotedo,Lagos,penthouse,4,3,570,not stated,yes,6600000,02/08/2026,#######
Opebi,Lagos,terrace,1,1,,not stated,yes,2900000,13/08/2026,#######
Ikeja GRA,Lagos,mansion,2,3,943,not stated,not stated,9400000,09/08/2026,#######
Apo,Abuja,terrace,4,4,248,no,yes,4900000,14/08/2026,#######
Ikeja,Lagos,flat,5,6,614,no,no,6200000,05/08/2026,#######
Lekki Phase 2,Lagos,terrace,2,3,46,no,not stated,3300000,05/08/2026,#######
Surulere,Lagos,penthouse,2,3,101,no,not stated,3600000,01/08/2026,#######
Katampe,Abuja,bungalow,3,2,,yes,not stated,2900000,07/08/2026,#######
Surulere,Lagos,terrace,6,5,305,not stated,not stated,7100000,16/08/2026,#######
Yaba,Lagos,penthouse,3,4,,yes,not stated,4400000,02/08/2026,#######
Lokogoma,Abuja,bungalow,3,2,355,not stated,not stated,4400000,13/08/2026,#######
Gwarinpa,Abuja,flat,3,2,322,yes,no,4600000,07/08/2026,#######
Gwarinpa,Abuja,mansion,1,1,516,not stated,yes,11500000,12/08/2026,#######
Katampe,Abuja,mansion,3,3,1017,not stated,not stated,7100000,08/08/2026,#######
Gwarinpa,Abuja,duplex,2,3,124,not stated,not stated,4700000,11/08/2026,#######
Maryland,Lagos,duplex,6,5,672,no,yes,6800000,06/08/2026,#######
Allen,Lagos,penthouse,3,3,626,no,yes,6000000,07/08/2026,#######
Yaba,Lagos,self-contain,0,1,80,yes,no,1300000,18/08/2026,#######
Asokoro,Abuja,duplex,2,1,84,not stated,yes,4600000,03/08/2026,#######
Ojodu Berger,Lagos,mansion,3,2,524,yes,not stated,6000000,18/08/2026,#######
Lekki Phase 1,Lagos,duplex,1,1,,yes,yes,4900000,04/08/2026,#######
Garki,Abuja,bungalow,2,2,119,yes,no,2700000,17/08/2026,#######
Surulere,Lagos,bungalow,1,1,57,yes,yes,2300000,09/08/2026,#######
Apo,Abuja,penthouse,1,1,,no,yes,3800000,14/08/2026,#######
Magodo,Lagos,duplex,4,5,517,not stated,no,5700000,18/08/2026,#######
Katampe,Abuja,self-contain,0,1,,not stated,not stated,0,09/08/2026,#######
Ikoyi,Lagos,duplex,3,2,,not stated,no,4900000,13/08/2026,#######
Garki,Abuja,bungalow,2,3,99,not stated,yes,4000000,15/08/2026,#######
Gwarinpa,Abuja,terrace,1,2,104,no,not stated,4100000,17/08/2026,#######
Ikoyi,Lagos,self-contain,0,1,81,yes,no,2100000,16/08/2026,#######
Victoria Island,Lagos,penthouse,2,3,121,no,yes,9800000,17/08/2026,#######
Wuse 1,Abuja,self-contain,0,1,110,not stated,not stated,600000,08/08/2026,#######
Ilupeju,Lagos,mansion,1,1,1044,not stated,yes,4300000,01/08/2026,#######
Garki,Abuja,mansion,2,3,627,yes,not stated,5400000,18/08/2026,#######
Lekki Phase 2,Lagos,penthouse,3,2,,yes,yes,4700000,05/08/2026,#######
Maryland,Lagos,self-contain,0,1,110,yes,no,900000,05/08/2026,#######
Surulere,Lagos,penthouse,3,4,332,no,no,6200000,06/08/2026,#######
Gwarinpa,Abuja,self-contain,0,1,80,not stated,not stated,1300000,14/08/2026,#######
Mabushi,Abuja,flat,3,2,,not stated,yes,4100000,04/08/2026,#######
Guzape,Abuja,duplex,2,2,46,yes,not stated,5000000,16/08/2026,#######
Apo,Abuja,bungalow,2,2,,no,no,3000000,04/08/2026,#######
Festac,Lagos,bungalow,4,5,796,no,not stated,3900000,09/08/2026,#######
Garki,Abuja,flat,4,4,227,no,yes,4900000,07/08/2026,#######
Ilupeju,Lagos,terrace,4,4,,no,not stated,3900000,10/08/2026,#######
Garki,Abuja,self-contain,0,1,120,yes,not stated,500000,17/08/2026,#######
Wuse 2,Abuja,terrace,3,3,685,yes,no,5400000,01/08/2026,#######
Jahi,Abuja,penthouse,3,4,,not stated,yes,9800000,05/08/2026,#######
Lugbe,Abuja,terrace,2,1,77,yes,yes,3300000,14/08/2026,#######
Surulere,Lagos,mansion,3,2,1049,no,yes,6900000,03/08/2026,#######
Ojodu Berger,Lagos,duplex,3,3,,yes,no,3100000,11/08/2026,#######
Yaba,Lagos,bungalow,4,3,679,yes,yes,4100000,08/08/2026,#######
Ikeja GRA,Lagos,self-contain,0,1,129,not stated,no,700000,15/08/2026,#######
Gbagada,Lagos,duplex,3,2,,not stated,no,3600000,04/08/2026,#######
Guzape,Abuja,self-contain,0,1,143,not stated,yes,700000,11/08/2026,#######
Katampe,Abuja,terrace,4,4,545,no,yes,5300000,09/08/2026,#######
Gwarinpa,Abuja,penthouse,3,3,767,no,yes,9400000,13/08/2026,#######
Ikeja,Lagos,penthouse,2,1,98,no,no,4900000,15/08/2026,#######
Magodo,Lagos,penthouse,4,5,566,not stated,not stated,8900000,15/08/2026,#######
Victoria Island,Lagos,terrace,2,3,93,no,yes,4300000,18/08/2026,#######
Garki,Abuja,self-contain,0,1,106,no,no,200000,08/08/2026,#######
Dutse,Abuja,self-contain,0,1,,no,not stated,200000,17/08/2026,#######
Life Camp,Abuja,mansion,3,4,,not stated,not stated,6600000,16/08/2026,#######
Life Camp,Abuja,penthouse,2,3,75,yes,not stated,4000000,03/08/2026,#######
Amuwo Odofin,Lagos,bungalow,3,2,464,not stated,not stated,4500000,01/08/2026,#######
Amuwo Odofin,Lagos,mansion,2,1,935,no,no,5800000,09/08/2026,#######
Ikeja,Lagos,penthouse,2,2,64,not stated,not stated,3600000,06/08/2026,#######
Wuse 1,Abuja,self-contain,0,1,40,yes,yes,1000000,11/08/2026,#######
Wuse 2,Abuja,self-contain,0,1,93,yes,yes,600000,14/08/2026,#######
Apo,Abuja,flat,3,2,625,no,not stated,3300000,13/08/2026,#######
Wuse 1,Abuja,duplex,3,3,236,not stated,yes,3600000,16/08/2026,#######
Ikeja,Lagos,terrace,1,1,51,yes,yes,1700000,05/08/2026,#######
Gbagada,Lagos,duplex,6,5,314,not stated,not stated,6000000,08/08/2026,#######
Festac,Lagos,flat,4,5,280,yes,no,5100000,14/08/2026,#######
Ilupeju,Lagos,self-contain,0,1,87,yes,no,200000,15/08/2026,#######
Maryland,Lagos,mansion,5,5,607,yes,yes,8400000,05/08/2026,#######
Opebi,Lagos,duplex,2,1,45,yes,not stated,2300000,18/08/2026,#######
Guzape,Abuja,flat,3,3,663,yes,no,5600000,09/08/2026,#######
Jahi,Abuja,self-contain,0,1,53,not stated,not stated,1400000,06/08/2026,#######
Festac,Lagos,mansion,3,4,859,yes,not stated,5900000,10/08/2026,#######
Lekki Phase 1,Lagos,mansion,2,3,594,yes,yes,14300000,02/08/2026,#######
Maryland,Lagos,terrace,1,1,125,no,no,1600000,05/08/2026,#######
Sangotedo,Lagos,bungalow,5,6,516,not stated,yes,6300000,15/08/2026,#######
Maitama,Abuja,flat,4,4,373,yes,no,7300000,13/08/2026,#######
Allen,Lagos,self-contain,0,1,94,yes,not stated,1200000,16/08/2026,#######
Ajah,Lagos,terrace,2,3,97,no,no,2600000,16/08/2026,#######
Ilupeju,Lagos,self-contain,0,1,112,no,not stated,0,09/08/2026,#######
Ikoyi,Lagos,duplex,2,1,141,yes,yes,5300000,10/08/2026,#######
Ikoyi,Lagos,duplex,3,3,564,not stated,no,6800000,08/08/2026,#######
Wuse 1,Abuja,duplex,3,4,,yes,no,3500000,07/08/2026,#######
Ikoyi,Lagos,mansion,1,2,,not stated,yes,12400000,08/08/2026,#######
Lekki Phase 2,Lagos,bungalow,6,7,703,yes,no,6100000,13/08/2026,#######
Wuse 1,Abuja,penthouse,2,1,75,yes,no,4700000,09/08/2026,#######
Yaba,Lagos,penthouse,4,4,256,yes,yes,7100000,10/08/2026,#######
Ajah,Lagos,self-contain,0,1,,not stated,not stated,400000,15/08/2026,#######
Surulere,Lagos,mansion,1,1,785,yes,not stated,4300000,14/08/2026,#######
Life Camp,Abuja,terrace,3,3,530,no,not stated,4800000,08/08/2026,#######
Dutse,Abuja,self-contain,0,1,141,yes,no,1000000,17/08/2026,#######
Lekki Phase 2,Lagos,flat,5,5,,not stated,no,5500000,17/08/2026,#######
Ikoyi,Lagos,mansion,2,3,740,yes,not stated,14000000,05/08/2026,#######
Apo,Abuja,penthouse,3,4,301,yes,no,5100000,08/08/2026,#######
Wuse 2,Abuja,self-contain,0,1,,no,yes,1800000,05/08/2026,#######
Life Camp,Abuja,mansion,2,2,,not stated,not stated,7000000,03/08/2026,#######
Life Camp,Abuja,duplex,2,2,,not stated,not stated,2300000,08/08/2026,#######
Allen,Lagos,penthouse,3,4,,not stated,yes,4700000,10/08/2026,#######
VGC,Lagos,duplex,2,1,64,yes,yes,3800000,01/08/2026,#######
Wuse 1,Abuja,flat,4,3,,yes,yes,3700000,06/08/2026,#######
Guzape,Abuja,penthouse,4,3,534,not stated,yes,9200000,01/08/2026,#######
Wuse 1,Abuja,bungalow,4,4,546,not stated,not stated,3800000,07/08/2026,#######
Maitama,Abuja,bungalow,5,6,,yes,yes,8200000,05/08/2026,#######
Jahi,Abuja,mansion,3,2,985,yes,no,12700000,08/08/2026,#######
Katampe,Abuja,penthouse,2,1,,no,not stated,3700000,07/08/2026,#######
Opebi,Lagos,self-contain,0,1,,yes,no,200000,04/08/2026,#######
Magodo,Lagos,terrace,4,4,,not stated,not stated,4900000,03/08/2026,#######
Jahi,Abuja,duplex,3,2,,yes,no,5600000,14/08/2026,#######
Guzape,Abuja,terrace,3,2,702,no,yes,4900000,18/08/2026,#######
Apo,Abuja,duplex,2,2,41,not stated,not stated,3200000,13/08/2026,#######
Opebi,Lagos,penthouse,3,2,,not stated,no,5900000,03/08/2026,#######
Wuse 2,Abuja,flat,2,3,113,not stated,no,5300000,15/08/2026,#######
Maryland,Lagos,self-contain,0,1,,not stated,no,1700000,16/08/2026,#######
Amuwo Odofin,Lagos,duplex,3,4,,yes,yes,3400000,13/08/2026,#######
Wuse 1,Abuja,flat,2,2,,no,yes,3100000,08/08/2026,#######
Lugbe,Abuja,flat,4,3,,no,yes,4300000,18/08/2026,#######
Sangotedo,Lagos,duplex,3,2,,no,no,3400000,09/08/2026,#######
Apo,Abuja,penthouse,3,4,277,no,no,5700000,16/08/2026,#######
Maryland,Lagos,bungalow,3,4,,yes,yes,4100000,16/08/2026,#######
Surulere,Lagos,penthouse,4,4,613,no,yes,7000000,12/08/2026,#######
Wuse 2,Abuja,terrace,5,5,218,not stated,not stated,7600000,03/08/2026,#######
Mabushi,Abuja,terrace,3,2,398,not stated,no,3900000,16/08/2026,#######
Ojodu Berger,Lagos,bungalow,3,2,733,no,yes,3100000,05/08/2026,#######
Amuwo Odofin,Lagos,bungalow,4,5,255,not stated,no,3900000,09/08/2026,#######
Gwarinpa,Abuja,terrace,3,4,680,not stated,not stated,4600000,09/08/2026,#######
Dutse,Abuja,mansion,3,4,1040,no,not stated,7700000,16/08/2026,#######
Gwarinpa,Abuja,terrace,4,4,580,not stated,not stated,5500000,09/08/2026,#######
Lekki Phase 1,Lagos,mansion,5,5,653,not stated,yes,16600000,14/08/2026,#######
Apo,Abuja,penthouse,4,4,280,not stated,no,5900000,04/08/2026,#######
Wuse 1,Abuja,duplex,3,3,754,yes,no,4700000,02/08/2026,#######
Lekki Phase 1,Lagos,duplex,4,4,,yes,yes,6300000,07/08/2026,#######
Maryland,Lagos,mansion,4,5,,not stated,not stated,8500000,18/08/2026,#######
Wuse 1,Abuja,penthouse,2,3,59,no,no,3900000,03/08/2026,#######
Ikeja,Lagos,flat,3,2,452,no,not stated,3500000,11/08/2026,#######
Life Camp,Abuja,duplex,3,2,248,yes,no,4400000,10/08/2026,#######
Yaba,Lagos,terrace,1,2,82,yes,not stated,2400000,04/08/2026,#######
Ikoyi,Lagos,self-contain,0,1,68,no,no,2300000,04/08/2026,#######
Jahi,Abuja,bungalow,5,6,204,yes,no,7200000,02/08/2026,#######
Jahi,Abuja,bungalow,1,1,,not stated,no,3300000,10/08/2026,#######
Yaba,Lagos,penthouse,3,4,781,no,no,5000000,03/08/2026,#######
Dutse,Abuja,duplex,1,1,133,not stated,no,3200000,07/08/2026,#######
Garki,Abuja,penthouse,1,2,116,not stated,yes,3500000,15/08/2026,#######
Lugbe,Abuja,duplex,3,4,773,not stated,no,4400000,06/08/2026,#######
Asokoro,Abuja,flat,2,2,140,yes,yes,5200000,05/08/2026,#######
VGC,Lagos,self-contain,0,1,125,no,no,1500000,05/08/2026,#######
Gbagada,Lagos,mansion,3,3,,no,not stated,6200000,04/08/2026,#######
Gwarinpa,Abuja,flat,3,3,610,no,not stated,5400000,03/08/2026,#######
Ikoyi,Lagos,mansion,2,1,,not stated,no,13400000,06/08/2026,#######
Magodo,Lagos,flat,2,3,73,no,not stated,4500000,10/08/2026,#######
Gwarinpa,Abuja,duplex,2,1,,not stated,yes,3800000,13/08/2026,#######
Jahi,Abuja,self-contain,0,1,,yes,no,1600000,09/08/2026,#######
Guzape,Abuja,flat,2,3,85,not stated,no,3700000,09/08/2026,#######
Life Camp,Abuja,duplex,2,1,110,yes,not stated,2500000,01/08/2026,#######
Ikeja,Lagos,terrace,4,5,,not stated,no,4200000,16/08/2026,#######
Opebi,Lagos,penthouse,4,5,349,no,yes,5900000,09/08/2026,#######
Opebi,Lagos,terrace,2,2,76,not stated,yes,2700000,03/08/2026,#######
Wuse 1,Abuja,bungalow,3,2,,no,yes,4700000,13/08/2026,#######
Ikeja GRA,Lagos,terrace,2,1,,no,yes,4100000,11/08/2026,#######
Sangotedo,Lagos,flat,2,1,99,not stated,yes,2200000,17/08/2026,#######
Maryland,Lagos,duplex,2,1,102,not stated,not stated,3500000,05/08/2026,#######
Opebi,Lagos,penthouse,3,2,,yes,no,5500000,18/08/2026,#######
Magodo,Lagos,flat,3,4,217,no,yes,5300000,04/08/2026,#######
Victoria Island,Lagos,duplex,3,2,188,no,not stated,5800000,09/08/2026,#######
Gwarinpa,Abuja,duplex,2,2,81,yes,not stated,4200000,07/08/2026,#######
Yaba,Lagos,penthouse,2,2,134,not stated,no,4100000,12/08/2026,#######
Ajah,Lagos,mansion,3,2,,yes,no,7300000,14/08/2026,#######
Surulere,Lagos,self-contain,0,1,135,not stated,no,0,10/08/2026,#######
Maitama,Abuja,bungalow,1,1,142,no,yes,4700000,11/08/2026,#######
Dutse,Abuja,mansion,1,1,954,no,not stated,5300000,02/08/2026,#######
Lokogoma,Abuja,flat,3,2,713,no,not stated,4700000,12/08/2026,#######
VGC,Lagos,duplex,3,4,245,no,not stated,5100000,18/08/2026,#######
Lugbe,Abuja,terrace,5,6,608,yes,no,4700000,12/08/2026,#######
Opebi,Lagos,terrace,2,3,,no,not stated,2300000,11/08/2026,#######
VGC,Lagos,mansion,2,1,747,yes,yes,9100000,14/08/2026,#######
Allen,Lagos,terrace,4,3,544,yes,no,3900000,01/08/2026,#######
VGC,Lagos,bungalow,2,1,119,yes,no,4400000,12/08/2026,#######
Ikeja,Lagos,mansion,3,3,674,not stated,yes,7600000,03/08/2026,#######
Ikeja GRA,Lagos,self-contain,0,1,,no,yes,100000,02/08/2026,#######
Opebi,Lagos,bungalow,6,6,,not stated,no,6600000,12/08/2026,#######
Surulere,Lagos,flat,2,3,137,yes,yes,3700000,17/08/2026,#######
Gbagada,Lagos,mansion,4,3,835,not stated,yes,8100000,08/08/2026,#######
Gbagada,Lagos,bungalow,1,2,61,no,no,1400000,14/08/2026,#######
Life Camp,Abuja,flat,3,3,629,not stated,yes,2900000,14/08/2026,#######
Apo,Abuja,bungalow,4,5,538,yes,not stated,5200000,17/08/2026,#######
Maitama,Abuja,bungalow,4,5,,yes,yes,7400000,03/08/2026,#######
Life Camp,Abuja,duplex,4,4,,yes,no,5400000,12/08/2026,#######
Allen,Lagos,terrace,5,5,721,not stated,no,5300000,05/08/2026,#######
Sangotedo,Lagos,self-contain,0,1,110,no,not stated,200000,15/08/2026,#######
Lugbe,Abuja,terrace,2,2,128,no,not stated,3000000,14/08/2026,#######
Ajah,Lagos,bungalow,3,4,511,yes,yes,3900000,09/08/2026,#######
VGC,Lagos,flat,2,2,,not stated,not stated,3200000,15/08/2026,#######
Katampe,Abuja,duplex,3,4,,not stated,no,3100000,18/08/2026,#######
Ikoyi,Lagos,flat,4,4,662,yes,not stated,6000000,02/08/2026,#######
Ojodu Berger,Lagos,flat,4,4,535,not stated,no,5200000,13/08/2026,#######
Mabushi,Abuja,penthouse,4,3,497,yes,not stated,5200000,05/08/2026,#######
Lekki Phase 2,Lagos,terrace,3,3,197,no,not stated,3100000,11/08/2026,#######
VGC,Lagos,bungalow,3,2,386,not stated,not stated,5400000,04/08/2026,#######
Wuse 1,Abuja,penthouse,3,4,561,no,no,6000000,13/08/2026,#######
Surulere,Lagos,flat,1,1,107,not stated,not stated,2600000,01/08/2026,#######
Victoria Island,Lagos,terrace,3,2,439,yes,yes,5800000,11/08/2026,#######
Ikoyi,Lagos,duplex,2,1,,not stated,no,5000000,06/08/2026,#######
Amuwo Odofin,Lagos,flat,2,1,100,no,not stated,2400000,08/08/2026,#######
Wuse 1,Abuja,penthouse,4,4,,not stated,not stated,5200000,06/08/2026,#######
Wuse 1,Abuja,bungalow,2,3,136,yes,yes,2200000,16/08/2026,#######
Ikoyi,Lagos,terrace,3,4,733,not stated,not stated,6300000,01/08/2026,#######
Ilupeju,Lagos,flat,2,1,,no,no,2400000,16/08/2026,#######
Asokoro,Abuja,mansion,1,2,,no,not stated,15900000,13/08/2026,#######
Jahi,Abuja,mansion,4,5,,no,yes,13800000,17/08/2026,#######
VGC,Lagos,duplex,4,3,,yes,no,6200000,17/08/2026,#######
Mabushi,Abuja,self-contain,0,1,,not stated,no,400000,09/08/2026,#######
Gwarinpa,Abuja,penthouse,3,3,346,yes,yes,9600000,01/08/2026,#######
Ojodu Berger,Lagos,duplex,3,2,,yes,not stated,3900000,06/08/2026,#######
Lekki Phase 1,Lagos,penthouse,4,3,747,yes,no,11500000,08/08/2026,#######
Surulere,Lagos,self-contain,0,1,87,no,not stated,300000,11/08/2026,#######
Ikeja GRA,Lagos,self-contain,0,1,135,no,no,1200000,12/08/2026,#######
Maitama,Abuja,mansion,2,1,537,yes,yes,15400000,10/08/2026,#######
Ojodu Berger,Lagos,terrace,4,4,,yes,no,4400000,17/08/2026,#######
Wuse 1,Abuja,flat,4,5,209,no,no,5000000,02/08/2026,#######
Asokoro,Abuja,mansion,5,4,969,no,yes,17900000,09/08/2026,#######
Jahi,Abuja,flat,2,2,103,no,yes,4400000,06/08/2026,#######
Lugbe,Abuja,flat,3,2,698,no,yes,3700000,04/08/2026,#######
Ikoyi,Lagos,flat,4,4,442,no,not stated,7100000,08/08/2026,#######
Katampe,Abuja,bungalow,2,3,,yes,yes,2500000,18/08/2026,#######
Mabushi,Abuja,flat,6,7,316,yes,yes,5900000,15/08/2026,#######
Allen,Lagos,duplex,6,5,799,not stated,no,5700000,16/08/2026,#######
Apo,Abuja,duplex,3,3,593,no,not stated,4700000,07/08/2026,#######
Jahi,Abuja,terrace,2,2,75,not stated,yes,5200000,01/08/2026,#######
Amuwo Odofin,Lagos,terrace,2,3,133,yes,not stated,2600000,16/08/2026,#######
Life Camp,Abuja,duplex,2,2,129,not stated,yes,3100000,10/08/2026,#######
Guzape,Abuja,duplex,3,4,568,yes,no,4700000,13/08/2026,#######
Ajah,Lagos,flat,1,2,127,no,no,2600000,06/08/2026,#######
Maitama,Abuja,bungalow,5,5,570,yes,yes,8000000,01/08/2026,#######
Ojodu Berger,Lagos,bungalow,2,3,108,no,no,3400000,06/08/2026,#######
Allen,Lagos,mansion,1,2,,not stated,yes,4500000,05/08/2026,#######
Lekki Phase 1,Lagos,penthouse,3,3,320,no,yes,10900000,16/08/2026,#######
Allen,Lagos,mansion,3,3,906,no,no,7600000,15/08/2026,#######
Katampe,Abuja,bungalow,3,3,542,not stated,no,4300000,08/08/2026,#######
Allen,Lagos,flat,3,2,501,not stated,not stated,4700000,07/08/2026,#######
Lugbe,Abuja,duplex,3,2,263,yes,no,4000000,01/08/2026,#######
Ikeja GRA,Lagos,penthouse,5,6,288,yes,not stated,10200000,01/08/2026,#######
Sangotedo,Lagos,bungalow,2,3,132,not stated,not stated,4000000,12/08/2026,#######
Garki,Abuja,terrace,3,2,756,yes,not stated,3900000,11/08/2026,#######
Lekki Phase 2,Lagos,bungalow,6,6,,yes,yes,6000000,11/08/2026,#######
Apo,Abuja,self-contain,0,1,44,yes,not stated,1100000,01/08/2026,#######
Gwarinpa,Abuja,mansion,2,3,821,not stated,yes,12800000,14/08/2026,#######
Wuse 1,Abuja,bungalow,2,2,150,yes,no,3500000,01/08/2026,#######
Ilupeju,Lagos,self-contain,0,1,78,not stated,not stated,0,16/08/2026,#######
Allen,Lagos,self-contain,0,1,121,no,yes,200000,18/08/2026,#######
Lokogoma,Abuja,self-contain,0,1,121,yes,yes,100000,08/08/2026,#######
Gbagada,Lagos,flat,2,2,141,not stated,yes,2600000,01/08/2026,#######
Festac,Lagos,flat,5,6,386,yes,not stated,5400000,11/08/2026,#######
VGC,Lagos,bungalow,2,1,74,no,no,3200000,12/08/2026,#######
Ajah,Lagos,duplex,4,5,718,yes,not stated,4300000,13/08/2026,#######
Lekki Phase 1,Lagos,mansion,2,3,1065,yes,no,14500000,09/08/2026,#######
Ojodu Berger,Lagos,terrace,5,5,,no,not stated,6300000,10/08/2026,#######
Apo,Abuja,penthouse,4,3,,no,no,5200000,01/08/2026,#######
Apo,Abuja,flat,3,3,790,no,yes,4600000,11/08/2026,#######
Jahi,Abuja,self-contain,0,1,47,not stated,not stated,1000000,13/08/2026,#######
Mabushi,Abuja,mansion,5,6,543,no,not stated,8400000,15/08/2026,#######
Lokogoma,Abuja,terrace,3,4,,yes,not stated,3700000,17/08/2026,#######
Lugbe,Abuja,terrace,2,3,59,no,no,3400000,13/08/2026,#######
Life Camp,Abuja,terrace,1,1,52,not stated,not stated,3100000,17/08/2026,#######
Lekki Phase 1,Lagos,mansion,1,2,1125,no,no,13200000,02/08/2026,#######
Dutse,Abuja,terrace,2,1,,not stated,yes,2100000,13/08/2026,#######
Amuwo Odofin,Lagos,mansion,2,1,948,no,not stated,5300000,01/08/2026,#######
Gwarinpa,Abuja,mansion,2,2,1079,no,not stated,11900000,05/08/2026,#######
Ikeja GRA,Lagos,penthouse,3,4,703,not stated,not stated,7300000,11/08/2026,#######
Allen,Lagos,penthouse,2,1,85,no,no,5200000,06/08/2026,#######
Guzape,Abuja,duplex,4,4,,not stated,no,6900000,03/08/2026,#######
Katampe,Abuja,self-contain,0,1,,not stated,yes,200000,05/08/2026,#######
Asokoro,Abuja,terrace,2,3,,yes,not stated,4600000,12/08/2026,#######
Magodo,Lagos,duplex,3,2,264,yes,yes,3900000,18/08/2026,#######
Asokoro,Abuja,self-contain,0,1,,not stated,not stated,2200000,06/08/2026,#######
Gwarinpa,Abuja,mansion,2,3,641,yes,yes,11600000,05/08/2026,#######
Mabushi,Abuja,self-contain,0,1,,no,not stated,1200000,04/08/2026,#######
Victoria Island,Lagos,self-contain,0,1,,no,no,1100000,18/08/2026,#######
Amuwo Odofin,Lagos,bungalow,3,3,,no,not stated,3200000,10/08/2026,#######
Festac,Lagos,duplex,3,2,377,yes,not stated,4700000,15/08/2026,#######
Surulere,Lagos,bungalow,5,6,693,no,no,4700000,02/08/2026,#######
Mabushi,Abuja,terrace,4,4,475,not stated,yes,4900000,03/08/2026,#######
Amuwo Odofin,Lagos,self-contain,0,1,,no,not stated,1600000,07/08/2026,#######
Yaba,Lagos,self-contain,0,1,,yes,no,-100000,14/08/2026,#######
Asokoro,Abuja,penthouse,6,6,392,no,no,13700000,02/08/2026,#######
Ikeja GRA,Lagos,self-contain,0,1,109,yes,not stated,1100000,14/08/2026,#######
VGC,Lagos,penthouse,2,2,67,yes,not stated,6400000,06/08/2026,#######
Apo,Abuja,flat,1,2,140,no,no,1300000,08/08/2026,#######
Asokoro,Abuja,penthouse,2,2,,not stated,yes,10700000,15/08/2026,#######
Garki,Abuja,flat,5,4,,no,yes,5800000,16/08/2026,#######
Maryland,Lagos,self-contain,0,1,63,not stated,yes,500000,09/08/2026,#######
Garki,Abuja,bungalow,2,3,141,yes,not stated,2700000,14/08/2026,#######
Ikeja GRA,Lagos,terrace,3,2,219,not stated,no,4500000,05/08/2026,#######
Garki,Abuja,bungalow,5,4,615,no,no,5400000,18/08/2026,#######
Festac,Lagos,mansion,2,3,515,not stated,not stated,6800000,07/08/2026,#######
Gbagada,Lagos,mansion,3,2,1067,not stated,no,6400000,11/08/2026,#######
Sangotedo,Lagos,terrace,4,4,531,yes,yes,5400000,08/08/2026,#######
Lugbe,Abuja,penthouse,5,5,,no,yes,6700000,07/08/2026,#######
Garki,Abuja,penthouse,2,1,112,not stated,no,4000000,04/08/2026,#######
Victoria Island,Lagos,mansion,5,6,711,yes,not stated,17300000,07/08/2026,#######
Gwarinpa,Abuja,self-contain,0,1,91,no,not stated,1100000,15/08/2026,#######
Victoria Island,Lagos,bungalow,2,2,96,not stated,not stated,5200000,03/08/2026,#######
Lugbe,Abuja,duplex,3,2,475,no,not stated,4800000,18/08/2026,#######
Ikeja,Lagos,penthouse,5,5,,not stated,yes,6500000,05/08/2026,#######
Yaba,Lagos,flat,1,1,92,yes,yes,2400000,18/08/2026,#######
Lekki Phase 1,Lagos,flat,3,2,383,not stated,no,5000000,18/08/2026,#######
Ikoyi,Lagos,duplex,2,3,73,no,yes,5200000,12/08/2026,#######
Garki,Abuja,duplex,1,1,65,yes,no,2800000,07/08/2026,#######
Garki,Abuja,penthouse,2,3,90,no,no,5100000,08/08/2026,#######
Asokoro,Abuja,terrace,4,3,,yes,not stated,8000000,13/08/2026,#######
Ikoyi,Lagos,self-contain,0,1,46,yes,no,700000,14/08/2026,#######
Katampe,Abuja,flat,3,3,699,yes,no,3900000,10/08/2026,#######
Ojodu Berger,Lagos,flat,2,2,146,not stated,yes,2400000,11/08/2026,#######
Festac,Lagos,flat,4,4,667,yes,no,4800000,13/08/2026,#######
Lekki Phase 1,Lagos,bungalow,1,1,118,no,yes,4900000,09/08/2026,#######
Maitama,Abuja,bungalow,2,2,43,yes,yes,5700000,15/08/2026,#######
Asokoro,Abuja,mansion,1,1,1069,no,not stated,16200000,18/08/2026,#######
Lekki Phase 1,Lagos,flat,1,1,49,yes,no,4200000,06/08/2026,#######
Lokogoma,Abuja,terrace,2,2,114,yes,not stated,2800000,12/08/2026,#######
Garki,Abuja,mansion,2,2,,yes,no,5400000,15/08/2026,#######
Wuse 1,Abuja,duplex,3,3,719,not stated,no,3400000,10/08/2026,#######
Katampe,Abuja,penthouse,1,2,126,yes,yes,3700000,17/08/2026,#######
Maryland,Lagos,terrace,2,2,85,yes,not stated,2400000,16/08/2026,#######
Katampe,Abuja,penthouse,3,4,677,not stated,yes,6200000,03/08/2026,#######
Garki,Abuja,flat,3,3,,no,not stated,3200000,10/08/2026,#######
Allen,Lagos,bungalow,2,3,,not stated,not stated,3900000,09/08/2026,#######
Lugbe,Abuja,mansion,2,1,,no,not stated,6200000,08/08/2026,#######
Lekki Phase 2,Lagos,flat,2,1,,no,yes,3500000,09/08/2026,#######
Ajah,Lagos,mansion,4,5,927,no,not stated,8200000,02/08/2026,#######
Allen,Lagos,mansion,3,2,1099,not stated,yes,7000000,11/08/2026,#######
Lugbe,Abuja,mansion,2,2,1080,yes,no,6300000,17/08/2026,#######
Lekki Phase 1,Lagos,duplex,3,4,610,no,yes,5300000,18/08/2026,#######
Wuse 2,Abuja,mansion,4,4,1164,yes,yes,18000000,12/08/2026,#######
Maitama,Abuja,flat,5,5,351,yes,not stated,8600000,18/08/2026,#######
Asokoro,Abuja,terrace,3,3,350,no,not stated,5600000,04/08/2026,#######
Asokoro,Abuja,flat,2,3,145,not stated,yes,5700000,02/08/2026,#######
Wuse 1,Abuja,penthouse,3,3,,yes,not stated,5700000,15/08/2026,#######
Asokoro,Abuja,terrace,2,3,,yes,yes,5300000,05/08/2026,#######
Ikeja GRA,Lagos,self-contain,0,1,68,no,not stated,1000000,07/08/2026,#######
Guzape,Abuja,bungalow,3,3,718,not stated,yes,5300000,05/08/2026,#######
Victoria Island,Lagos,duplex,2,1,138,yes,yes,6000000,06/08/2026,#######
Ikeja,Lagos,self-contain,0,1,54,yes,not stated,1600000,14/08/2026,#######
Lekki Phase 2,Lagos,flat,1,1,103,yes,yes,3100000,12/08/2026,#######
Ojodu Berger,Lagos,penthouse,3,4,,yes,no,5900000,03/08/2026,#######
Jahi,Abuja,mansion,5,5,,no,yes,15000000,18/08/2026,#######
Dutse,Abuja,terrace,3,2,500,no,no,3100000,12/08/2026,#######
Magodo,Lagos,penthouse,2,1,85,yes,no,7100000,16/08/2026,#######
Gwarinpa,Abuja,duplex,1,2,,not stated,yes,3500000,16/08/2026,#######
Ikoyi,Lagos,self-contain,0,1,88,no,yes,600000,07/08/2026,#######
Maitama,Abuja,flat,4,5,484,no,not stated,6200000,06/08/2026,#######
Lokogoma,Abuja,flat,4,4,,not stated,not stated,5500000,16/08/2026,#######
Allen,Lagos,mansion,2,2,773,no,no,5900000,02/08/2026,#######
Guzape,Abuja,flat,3,2,283,yes,no,4400000,14/08/2026,#######
Guzape,Abuja,terrace,4,3,705,no,no,5300000,04/08/2026,#######
Apo,Abuja,flat,5,4,254,not stated,yes,5400000,13/08/2026,#######
Gwarinpa,Abuja,penthouse,4,3,749,yes,yes,10800000,03/08/2026,#######
Apo,Abuja,terrace,2,2,55,not stated,yes,3200000,08/08/2026,#######
Gwarinpa,Abuja,bungalow,3,3,567,not stated,yes,5700000,10/08/2026,#######
Festac,Lagos,duplex,6,6,,yes,yes,5500000,10/08/2026,#######
Gwarinpa,Abuja,mansion,3,3,591,not stated,yes,12700000,02/08/2026,#######
Yaba,Lagos,terrace,2,1,74,no,no,2600000,12/08/2026,#######
Wuse 2,Abuja,flat,2,2,57,no,not stated,5300000,05/08/2026,#######
Mabushi,Abuja,mansion,4,3,,yes,no,7500000,07/08/2026,#######
Apo,Abuja,flat,4,3,234,no,no,3700000,17/08/2026,#######
Festac,Lagos,flat,5,6,,yes,not stated,5100000,07/08/2026,#######
Mabushi,Abuja,duplex,2,2,57,not stated,yes,2700000,15/08/2026,#######
Yaba,Lagos,flat,4,5,,not stated,yes,5300000,12/08/2026,#######
Garki,Abuja,flat,1,1,125,yes,yes,2900000,01/08/2026,#######
Ajah,Lagos,flat,5,6,524,not stated,no,4800000,04/08/2026,#######
Allen,Lagos,flat,4,5,,not stated,yes,4800000,11/08/2026,#######
Jahi,Abuja,penthouse,5,6,,yes,not stated,11500000,05/08/2026,#######
Yaba,Lagos,terrace,3,3,,yes,not stated,4700000,12/08/2026,#######
Ikoyi,Lagos,flat,5,4,367,not stated,no,7200000,03/08/2026,#######
Surulere,Lagos,mansion,2,2,,not stated,yes,5100000,12/08/2026,#######
Surulere,Lagos,self-contain,0,1,150,not stated,yes,1400000,16/08/2026,#######
Maitama,Abuja,terrace,1,1,131,no,no,5500000,17/08/2026,#######
Guzape,Abuja,self-contain,0,1,54,yes,yes,900000,15/08/2026,#######
Maitama,Abuja,mansion,3,3,553,not stated,yes,16900000,09/08/2026,#######
Yaba,Lagos,self-contain,0,1,48,yes,yes,1400000,08/08/2026,#######
Ikoyi,Lagos,duplex,2,1,,yes,no,4400000,16/08/2026,#######
Sangotedo,Lagos,terrace,4,3,627,no,yes,5300000,16/08/2026,#######
Dutse,Abuja,terrace,4,4,729,yes,not stated,4500000,06/08/2026,#######
Ikeja GRA,Lagos,penthouse,3,3,465,no,not stated,8200000,03/08/2026,#######
Wuse 1,Abuja,penthouse,6,7,545,not stated,not stated,8400000,06/08/2026,#######
Mabushi,Abuja,self-contain,0,1,141,yes,yes,1600000,14/08/2026,#######
Opebi,Lagos,terrace,2,1,112,no,yes,2900000,07/08/2026,#######
Maitama,Abuja,terrace,4,5,268,not stated,yes,6300000,02/08/2026,#######
Maitama,Abuja,mansion,2,1,983,not stated,yes,15700000,05/08/2026,#######
Garki,Abuja,duplex,4,5,552,no,not stated,5400000,16/08/2026,#######
Victoria Island,Lagos,penthouse,2,3,,yes,not stated,9300000,17/08/2026,#######
Sangotedo,Lagos,penthouse,3,2,409,no,not stated,5900000,12/08/2026,#######
Sangotedo,Lagos,penthouse,1,2,,not stated,yes,2900000,01/08/2026,#######
Wuse 1,Abuja,flat,2,3,,yes,not stated,3600000,17/08/2026,#######
Maitama,Abuja,terrace,2,1,68,no,not stated,5300000,06/08/2026,#######
Lugbe,Abuja,terrace,3,2,207,no,no,4000000,18/08/2026,#######
Guzape,Abuja,self-contain,0,1,41,no,not stated,2200000,13/08/2026,#######
Gbagada,Lagos,duplex,4,5,542,not stated,no,5000000,12/08/2026,#######
Lekki Phase 2,Lagos,flat,4,4,310,no,yes,4600000,04/08/2026,#######
Gbagada,Lagos,terrace,4,5,,not stated,no,4700000,06/08/2026,#######
Lekki Phase 2,Lagos,self-contain,0,1,141,yes,yes,1500000,03/08/2026,#######
Lokogoma,Abuja,mansion,1,2,,no,no,5800000,11/08/2026,#######
Dutse,Abuja,bungalow,6,7,,not stated,yes,6800000,01/08/2026,#######
Lugbe,Abuja,mansion,2,2,,not stated,not stated,5200000,04/08/2026,#######
Wuse 2,Abuja,self-contain,0,1,,not stated,yes,1100000,12/08/2026,#######
Opebi,Lagos,mansion,2,3,703,yes,not stated,6800000,10/08/2026,#######
Garki,Abuja,bungalow,4,4,341,not stated,not stated,4800000,06/08/2026,#######
Apo,Abuja,self-contain,0,1,53,not stated,yes,800000,05/08/2026,#######
Jahi,Abuja,penthouse,3,3,,no,no,8600000,08/08/2026,#######
Ilupeju,Lagos,terrace,5,5,503,no,no,5500000,15/08/2026,#######
Lekki Phase 2,Lagos,flat,5,5,761,no,not stated,6400000,04/08/2026,#######
Apo,Abuja,self-contain,0,1,,yes,yes,1400000,08/08/2026,#######
Maitama,Abuja,bungalow,4,4,,no,not stated,7500000,10/08/2026,#######
Ilupeju,Lagos,penthouse,3,3,544,no,yes,4900000,13/08/2026,#######
Maitama,Abuja,bungalow,3,4,526,yes,yes,5400000,05/08/2026,#######
Guzape,Abuja,mansion,4,4,762,not stated,not stated,12700000,14/08/2026,#######
Ikeja GRA,Lagos,mansion,2,2,1025,not stated,no,10000000,07/08/2026,#######
VGC,Lagos,penthouse,3,3,316,yes,not stated,7400000,07/08/2026,#######
Maitama,Abuja,mansion,2,2,1126,not stated,yes,15800000,05/08/2026,#######
Mabushi,Abuja,mansion,4,3,602,yes,not stated,8200000,17/08/2026,#######
Ikoyi,Lagos,flat,3,4,230,no,not stated,5500000,08/08/2026,#######
VGC,Lagos,terrace,2,2,49,no,no,3200000,08/08/2026,#######
Festac,Lagos,self-contain,0,1,84,yes,no,700000,08/08/2026,#######
Ilupeju,Lagos,terrace,5,4,510,yes,no,6400000,16/08/2026,#######
Festac,Lagos,bungalow,4,3,,not stated,no,4500000,13/08/2026,#######
Victoria Island,Lagos,self-contain,0,1,,not stated,yes,2000000,13/08/2026,#######
Life Camp,Abuja,terrace,2,1,,yes,yes,3000000,13/08/2026,#######
Gbagada,Lagos,flat,6,6,581,yes,not stated,5400000,08/08/2026,#######
Jahi,Abuja,self-contain,0,1,65,not stated,not stated,1800000,18/08/2026,#######
Maryland,Lagos,self-contain,0,1,52,not stated,not stated,1200000,12/08/2026,#######
Ikeja GRA,Lagos,duplex,3,3,150,yes,yes,4200000,10/08/2026,#######
Apo,Abuja,terrace,2,3,,no,no,2700000,09/08/2026,#######
Apo,Abuja,mansion,5,5,857,no,no,8700000,01/08/2026,#######
Dutse,Abuja,penthouse,4,3,,not stated,not stated,6200000,08/08/2026,#######
Victoria Island,Lagos,penthouse,2,3,40,not stated,no,9200000,11/08/2026,#######
Maitama,Abuja,terrace,3,2,291,no,no,6000000,11/08/2026,#######
Sangotedo,Lagos,flat,2,3,66,not stated,not stated,3200000,12/08/2026,#######
Maitama,Abuja,penthouse,2,2,107,no,no,10800000,13/08/2026,#######
Jahi,Abuja,self-contain,0,1,135,no,not stated,2100000,04/08/2026,#######
Ikeja,Lagos,terrace,5,4,696,not stated,no,5500000,18/08/2026,#######
Allen,Lagos,bungalow,3,3,294,yes,no,4800000,01/08/2026,#######
Wuse 2,Abuja,duplex,5,6,697,not stated,yes,8900000,13/08/2026,#######
Sangotedo,Lagos,penthouse,1,2,103,no,no,3000000,15/08/2026,#######
Festac,Lagos,terrace,3,4,716,not stated,not stated,3600000,05/08/2026,#######
Maryland,Lagos,mansion,1,1,,not stated,not stated,5300000,16/08/2026,#######
Apo,Abuja,bungalow,3,3,702,yes,no,4400000,06/08/2026,#######
Katampe,Abuja,bungalow,1,2,129,no,no,1600000,12/08/2026,#######
Maitama,Abuja,mansion,3,2,1019,no,yes,16300000,18/08/2026,#######
Lokogoma,Abuja,mansion,1,1,612,no,no,4900000,18/08/2026,#######
Ojodu Berger,Lagos,penthouse,2,2,148,not stated,not stated,3700000,11/08/2026,#######
Garki,Abuja,duplex,2,2,133,no,no,3900000,11/08/2026,#######
Amuwo Odofin,Lagos,penthouse,3,2,795,yes,not stated,5700000,17/08/2026,#######
Yaba,Lagos,self-contain,0,1,82,yes,not stated,700000,05/08/2026,#######
Yaba,Lagos,mansion,5,5,904,not stated,no,7700000,17/08/2026,#######
Surulere,Lagos,terrace,2,1,113,no,not stated,4000000,11/08/2026,#######
Katampe,Abuja,bungalow,4,5,183,no,yes,3900000,18/08/2026,#######
Ajah,Lagos,bungalow,3,2,,not stated,no,3400000,18/08/2026,#######
Festac,Lagos,bungalow,1,1,115,yes,not stated,1800000,02/08/2026,#######
Surulere,Lagos,self-contain,0,1,85,yes,not stated,1600000,10/08/2026,#######
Ikeja GRA,Lagos,terrace,6,7,474,yes,not stated,6700000,14/08/2026,#######
Lugbe,Abuja,mansion,4,4,1011,no,yes,8100000,16/08/2026,#######
Gwarinpa,Abuja,bungalow,2,1,59,not stated,no,5100000,12/08/2026,#######
Jahi,Abuja,flat,2,3,149,no,not stated,4200000,16/08/2026,#######
Asokoro,Abuja,penthouse,2,2,149,yes,no,11000000,06/08/2026,#######
Life Camp,Abuja,duplex,2,1,91,yes,not stated,3100000,12/08/2026,#######
Gbagada,Lagos,flat,3,4,462,no,not stated,3500000,12/08/2026,#######
Life Camp,Abuja,flat,3,2,389,not stated,yes,4400000,03/08/2026,#######
Gwarinpa,Abuja,duplex,2,1,41,no,no,3700000,17/08/2026,#######
Lekki Phase 1,Lagos,self-contain,0,1,,no,no,900000,11/08/2026,#######
Wuse 1,Abuja,self-contain,0,1,42,not stated,no,1400000,10/08/2026,#######
Katampe,Abuja,penthouse,2,2,,yes,no,5100000,12/08/2026,#######
Dutse,Abuja,bungalow,3,2,197,no,no,3700000,07/08/2026,#######
Maryland,Lagos,mansion,3,3,1084,not stated,yes,6400000,13/08/2026,#######
Dutse,Abuja,duplex,3,2,,not stated,not stated,3000000,02/08/2026,#######
Wuse 1,Abuja,flat,1,2,94,no,not stated,1900000,01/08/2026,#######
Ojodu Berger,Lagos,penthouse,2,3,55,not stated,no,4300000,03/08/2026,#######
Jahi,Abuja,duplex,6,5,730,yes,yes,8000000,06/08/2026,#######
Wuse 1,Abuja,mansion,2,2,592,no,yes,5400000,05/08/2026,#######
Guzape,Abuja,terrace,3,2,397,not stated,no,5900000,01/08/2026,#######
Lokogoma,Abuja,terrace,2,1,,no,no,3400000,05/08/2026,#######
Sangotedo,Lagos,penthouse,2,2,,no,yes,4900000,06/08/2026,#######
Lugbe,Abuja,terrace,5,6,203,not stated,no,6000000,09/08/2026,#######
VGC,Lagos,duplex,5,6,,yes,no,6100000,15/08/2026,#######
Garki,Abuja,self-contain,0,1,53,yes,yes,1600000,01/08/2026,#######
Magodo,Lagos,duplex,3,2,777,no,yes,5400000,12/08/2026,#######
Lekki Phase 2,Lagos,flat,3,4,209,not stated,yes,4400000,16/08/2026,#######
Wuse 1,Abuja,mansion,2,2,1096,not stated,no,6700000,17/08/2026,#######
Maryland,Lagos,mansion,4,4,636,not stated,no,8200000,05/08/2026,#######
Victoria Island,Lagos,bungalow,3,4,650,yes,yes,6500000,02/08/2026,#######
Maitama,Abuja,terrace,5,4,286,no,yes,7400000,10/08/2026,#######
Gwarinpa,Abuja,flat,2,1,,not stated,no,3900000,09/08/2026,#######
Wuse 1,Abuja,terrace,2,1,143,yes,yes,2100000,11/08/2026,#######
Gbagada,Lagos,bungalow,2,1,,not stated,yes,2800000,09/08/2026,#######
Ojodu Berger,Lagos,duplex,1,2,,yes,not stated,1500000,15/08/2026,#######
Ojodu Berger,Lagos,flat,3,3,,not stated,no,4700000,18/08/2026,#######
Sangotedo,Lagos,mansion,2,1,743,not stated,no,6300000,13/08/2026,#######
Allen,Lagos,self-contain,0,1,80,yes,yes,1000000,04/08/2026,#######
Asokoro,Abuja,duplex,2,2,42,no,yes,5300000,09/08/2026,#######
Ajah,Lagos,penthouse,4,5,562,no,no,6400000,10/08/2026,#######
Ikoyi,Lagos,penthouse,1,1,,no,yes,9600000,11/08/2026,#######
Ajah,Lagos,terrace,2,1,101,no,yes,3500000,17/08/2026,#######
Life Camp,Abuja,duplex,2,3,45,not stated,yes,2300000,01/08/2026,#######
Ikoyi,Lagos,flat,1,1,59,yes,yes,3900000,03/08/2026,#######
Guzape,Abuja,duplex,2,2,82,not stated,yes,4800000,16/08/2026,#######
Magodo,Lagos,mansion,4,3,,not stated,not stated,11200000,03/08/2026,#######
Lekki Phase 1,Lagos,bungalow,2,3,113,yes,not stated,4800000,11/08/2026,#######
Apo,Abuja,mansion,2,1,,yes,no,6300000,06/08/2026,#######
Ikoyi,Lagos,mansion,3,3,727,not stated,yes,14000000,03/08/2026,#######
Ikeja,Lagos,penthouse,2,2,139,no,yes,5400000,18/08/2026,#######
Ajah,Lagos,bungalow,2,3,90,not stated,yes,2600000,02/08/2026,#######
Festac,Lagos,bungalow,4,4,323,not stated,not stated,4300000,02/08/2026,#######
Gwarinpa,Abuja,terrace,2,3,125,yes,no,5500000,14/08/2026,#######
Victoria Island,Lagos,duplex,2,2,150,no,not stated,4800000,01/08/2026,#######
Ajah,Lagos,duplex,3,4,217,yes,no,3300000,13/08/2026,#######
Maitama,Abuja,self-contain,0,1,107,no,yes,700000,14/08/2026,#######
Magodo,Lagos,mansion,2,3,804,yes,not stated,10800000,02/08/2026,#######
Apo,Abuja,duplex,5,4,,yes,no,5400000,17/08/2026,#######
Maryland,Lagos,flat,4,4,558,not stated,yes,4800000,02/08/2026,#######
Garki,Abuja,bungalow,5,6,,not stated,no,6300000,18/08/2026,#######
Ilupeju,Lagos,mansion,3,4,649,not stated,yes,6600000,01/08/2026,#######
Dutse,Abuja,flat,3,2,,yes,yes,3900000,03/08/2026,#######
Lokogoma,Abuja,duplex,4,5,245,no,yes,5600000,16/08/2026,#######
Apo,Abuja,mansion,4,3,,not stated,not stated,7300000,09/08/2026,#######
VGC,Lagos,duplex,3,3,694,yes,not stated,3900000,07/08/2026,#######
Katampe,Abuja,mansion,2,2,731,yes,no,5600000,18/08/2026,#######
Ikeja,Lagos,duplex,3,2,446,no,not stated,3700000,10/08/2026,#######
Wuse 2,Abuja,bungalow,5,6,787,yes,yes,8300000,17/08/2026,#######
Asokoro,Abuja,penthouse,5,6,,yes,no,12300000,05/08/2026,#######
Surulere,Lagos,duplex,2,1,104,yes,not stated,3500000,02/08/2026,#######
Guzape,Abuja,self-contain,0,1,123,not stated,yes,1800000,14/08/2026,#######
Katampe,Abuja,penthouse,5,4,362,yes,not stated,6200000,12/08/2026,#######
Ikeja GRA,Lagos,mansion,5,6,,no,no,12000000,09/08/2026,#######
Victoria Island,Lagos,mansion,2,2,710,no,yes,14300000,02/08/2026,#######
Magodo,Lagos,terrace,2,1,,not stated,not stated,4900000,12/08/2026,#######
Lokogoma,Abuja,bungalow,2,3,101,yes,yes,3400000,07/08/2026,#######
Mabushi,Abuja,mansion,3,4,635,no,yes,6400000,18/08/2026,#######
Apo,Abuja,self-contain,0,1,76,no,not stated,1000000,17/08/2026,#######
Katampe,Abuja,flat,3,3,506,yes,not stated,4800000,09/08/2026,#######
Festac,Lagos,self-contain,0,1,43,no,not stated,300000,12/08/2026,#######
Katampe,Abuja,flat,3,2,619,not stated,yes,3000000,16/08/2026,#######
Gwarinpa,Abuja,penthouse,5,4,498,no,no,10600000,12/08/2026,#######
Lokogoma,Abuja,duplex,3,3,388,yes,no,4200000,13/08/2026,#######
Maitama,Abuja,bungalow,2,1,77,no,not stated,4900000,08/08/2026,#######
Ikeja GRA,Lagos,mansion,5,5,955,not stated,no,11600000,10/08/2026,#######
Lokogoma,Abuja,penthouse,4,4,209,not stated,yes,6900000,11/08/2026,#######
Magodo,Lagos,bungalow,5,4,,no,no,7400000,03/08/2026,#######
Life Camp,Abuja,mansion,6,6,1062,yes,not stated,8900000,03/08/2026,#######
Garki,Abuja,bungalow,4,3,624,yes,not stated,3700000,04/08/2026,#######
Wuse 1,Abuja,mansion,5,6,1057,yes,not stated,8000000,06/08/2026,#######
Wuse 2,Abuja,penthouse,2,2,65,not stated,yes,11200000,14/08/2026,#######
Yaba,Lagos,duplex,1,1,86,no,not stated,3100000,13/08/2026,#######
Lokogoma,Abuja,mansion,4,3,625,yes,not stated,8200000,12/08/2026,#######
Apo,Abuja,flat,1,1,75,yes,yes,3200000,16/08/2026,#######
Apo,Abuja,mansion,1,2,,no,no,6000000,06/08/2026,#######
VGC,Lagos,bungalow,1,1,100,not stated,yes,2500000,07/08/2026,#######
Asokoro,Abuja,flat,2,3,111,no,not stated,4800000,01/08/2026,#######
Asokoro,Abuja,flat,2,1,95,not stated,no,5300000,15/08/2026,#######
Life Camp,Abuja,terrace,2,3,,yes,not stated,4000000,18/08/2026,#######
Lugbe,Abuja,bungalow,2,3,,no,yes,2500000,03/08/2026,#######
Sangotedo,Lagos,flat,4,5,,yes,not stated,5100000,01/08/2026,#######
Asokoro,Abuja,self-contain,0,1,56,yes,no,800000,06/08/2026,#######
Asokoro,Abuja,penthouse,2,1,47,no,no,11100000,01/08/2026,#######
Mabushi,Abuja,mansion,2,3,906,no,no,6500000,01/08/2026,#######
Amuwo Odofin,Lagos,self-contain,0,1,93,yes,not stated,800000,08/08/2026,#######
Guzape,Abuja,penthouse,3,3,584,not stated,yes,9600000,07/08/2026,#######
Mabushi,Abuja,penthouse,1,2,89,not stated,not stated,4500000,04/08/2026,#######
Garki,Abuja,penthouse,3,2,488,yes,not stated,6100000,01/08/2026,#######
Amuwo Odofin,Lagos,mansion,5,6,710,no,no,8300000,02/08/2026,#######
Apo,Abuja,mansion,5,4,,not stated,no,7500000,03/08/2026,#######
Mabushi,Abuja,mansion,3,2,1020,yes,no,7500000,11/08/2026,#######
Gwarinpa,Abuja,duplex,1,1,81,not stated,yes,3300000,02/08/2026,#######
Sangotedo,Lagos,self-contain,0,1,119,yes,not stated,200000,16/08/2026,#######
Dutse,Abuja,self-contain,0,1,80,yes,yes,-100000,15/08/2026,#######
Ojodu Berger,Lagos,bungalow,3,2,713,not stated,not stated,3700000,09/08/2026,#######
Dutse,Abuja,terrace,2,3,84,yes,not stated,2700000,18/08/2026,#######
Dutse,Abuja,terrace,5,5,234,no,not stated,5400000,15/08/2026,#######
Katampe,Abuja,flat,3,4,316,not stated,not stated,3000000,12/08/2026,#######
Gbagada,Lagos,bungalow,4,5,292,no,yes,4800000,04/08/2026,#######
Allen,Lagos,bungalow,4,4,531,yes,no,4300000,10/08/2026,#######
Maryland,Lagos,duplex,3,4,156,no,yes,3500000,06/08/2026,#######
VGC,Lagos,self-contain,0,1,108,not stated,not stated,1100000,09/08/2026,#######
Surulere,Lagos,penthouse,4,5,756,no,no,5400000,11/08/2026,#######
Opebi,Lagos,duplex,2,2,96,yes,yes,3600000,02/08/2026,#######
Allen,Lagos,terrace,3,3,,no,yes,3900000,01/08/2026,#######
Ojodu Berger,Lagos,self-contain,0,1,83,no,yes,0,16/08/2026,#######
Mabushi,Abuja,flat,3,4,708,not stated,not stated,3000000,17/08/2026,#######
Mabushi,Abuja,bungalow,3,2,362,no,not stated,4400000,16/08/2026,#######
Festac,Lagos,self-contain,0,1,78,yes,no,-100000,17/08/2026,#######
Magodo,Lagos,duplex,4,3,638,yes,not stated,5000000,03/08/2026,#######
Allen,Lagos,self-contain,0,1,,yes,not stated,400000,04/08/2026,#######
Magodo,Lagos,self-contain,0,1,,yes,no,300000,08/08/2026,#######
Surulere,Lagos,mansion,2,1,965,no,yes,5400000,13/08/2026,#######
VGC,Lagos,penthouse,2,3,57,no,not stated,7400000,02/08/2026,#######
Lekki Phase 2,Lagos,terrace,1,2,52,not stated,no,1400000,16/08/2026,#######
Maitama,Abuja,penthouse,2,2,,no,not stated,11400000,02/08/2026,#######
Asokoro,Abuja,terrace,3,3,404,yes,yes,6700000,13/08/2026,#######
Ojodu Berger,Lagos,mansion,4,5,941,no,not stated,8500000,18/08/2026,#######
Wuse 2,Abuja,duplex,2,3,42,no,no,4700000,07/08/2026,#######
Katampe,Abuja,duplex,2,3,,not stated,yes,2500000,16/08/2026,#######
Garki,Abuja,bungalow,3,3,518,yes,yes,3200000,08/08/2026,#######
Gwarinpa,Abuja,mansion,2,1,626,no,not stated,11900000,09/08/2026,#######
Festac,Lagos,self-contain,0,1,,yes,not stated,1300000,14/08/2026,#######
Victoria Island,Lagos,penthouse,3,2,504,yes,yes,9400000,04/08/2026,#######
Magodo,Lagos,flat,2,2,,yes,yes,3900000,17/08/2026,#######
Yaba,Lagos,flat,3,2,783,yes,yes,3600000,02/08/2026,#######
Yaba,Lagos,terrace,3,2,680,not stated,not stated,4200000,03/08/2026,#######
Dutse,Abuja,bungalow,3,4,665,not stated,yes,4700000,04/08/2026,#######
Lekki Phase 1,Lagos,terrace,3,2,204,not stated,no,5100000,15/08/2026,#######
Ojodu Berger,Lagos,bungalow,3,2,,no,yes,4100000,06/08/2026,#######
Katampe,Abuja,penthouse,2,1,104,not stated,not stated,4200000,15/08/2026,#######
Ikeja GRA,Lagos,bungalow,2,1,,yes,not stated,4000000,10/08/2026,#######
Asokoro,Abuja,penthouse,3,3,477,not stated,yes,10700000,08/08/2026,#######
Life Camp,Abuja,self-contain,0,1,84,yes,yes,300000,04/08/2026,#######
Garki,Abuja,bungalow,1,1,104,not stated,not stated,1600000,15/08/2026,#######
Guzape,Abuja,self-contain,0,1,,no,yes,1300000,14/08/2026,#######
Ikoyi,Lagos,mansion,3,4,802,not stated,not stated,15400000,16/08/2026,#######
Lekki Phase 2,Lagos,duplex,4,3,789,yes,no,4500000,12/08/2026,#######
Ilupeju,Lagos,self-contain,0,1,96,not stated,no,100000,07/08/2026,#######
Ajah,Lagos,terrace,2,3,58,no,not stated,2600000,09/08/2026,#######
Wuse 1,Abuja,terrace,6,6,,yes,not stated,5300000,14/08/2026,#######
Ilupeju,Lagos,duplex,3,4,491,yes,not stated,3600000,17/08/2026,#######
Ilupeju,Lagos,flat,2,3,,yes,no,2500000,14/08/2026,#######
Katampe,Abuja,flat,5,5,255,not stated,no,5600000,18/08/2026,#######
Maryland,Lagos,duplex,3,2,352,no,no,3500000,04/08/2026,#######
Asokoro,Abuja,self-contain,0,1,57,yes,yes,1800000,17/08/2026,#######
Yaba,Lagos,bungalow,3,4,,not stated,no,4100000,01/08/2026,#######
Life Camp,Abuja,flat,4,5,475,no,no,4000000,11/08/2026,#######
Lokogoma,Abuja,terrace,1,2,96,yes,not stated,3000000,16/08/2026,#######
Life Camp,Abuja,terrace,3,4,399,yes,not stated,4100000,08/08/2026,#######
Amuwo Odofin,Lagos,self-contain,0,1,,not stated,not stated,1600000,08/08/2026,#######
Mabushi,Abuja,self-contain,0,1,,not stated,no,500000,15/08/2026,#######
Lekki Phase 2,Lagos,self-contain,0,1,127,not stated,not stated,600000,16/08/2026,#######
Wuse 1,Abuja,terrace,3,4,,yes,not stated,3300000,17/08/2026,#######
Lekki Phase 1,Lagos,duplex,5,4,768,no,no,6800000,07/08/2026,#######
Festac,Lagos,mansion,4,4,614,no,no,7600000,03/08/2026,#######
Life Camp,Abuja,penthouse,2,1,90,no,yes,3700000,16/08/2026,#######
Ikeja GRA,Lagos,duplex,3,4,,yes,no,5200000,09/08/2026,#######
Lugbe,Abuja,self-contain,0,1,128,not stated,not stated,700000,07/08/2026,#######
Wuse 1,Abuja,penthouse,2,2,56,yes,no,5100000,16/08/2026,#######
Opebi,Lagos,duplex,1,2,95,not stated,not stated,2600000,02/08/2026,#######
Jahi,Abuja,terrace,3,2,278,no,yes,6100000,08/08/2026,#######
Victoria Island,Lagos,self-contain,0,1,,no,no,1500000,11/08/2026,#######
Garki,Abuja,mansion,1,2,1067,not stated,no,4400000,10/08/2026,#######
Jahi,Abuja,penthouse,3,2,,not stated,yes,9200000,09/08/2026,#######
Dutse,Abuja,terrace,4,4,186,no,yes,5000000,03/08/2026,#######
Wuse 1,Abuja,bungalow,4,3,313,no,no,4000000,10/08/2026,#######
Guzape,Abuja,duplex,2,3,63,no,no,5300000,08/08/2026,#######
Victoria Island,Lagos,duplex,5,4,542,yes,yes,7800000,08/08/2026,#######
Magodo,Lagos,duplex,3,2,,no,not stated,5300000,16/08/2026,#######
Maitama,Abuja,mansion,5,6,1159,yes,no,17900000,02/08/2026,#######
Ikeja GRA,Lagos,mansion,2,2,956,not stated,yes,9900000,01/08/2026,#######
Gwarinpa,Abuja,bungalow,1,1,79,no,no,4500000,12/08/2026,#######
Surulere,Lagos,bungalow,2,1,92,not stated,yes,3500000,09/08/2026,#######
Ilupeju,Lagos,flat,2,1,129,yes,not stated,4000000,08/08/2026,#######
Asokoro,Abuja,duplex,2,1,,yes,yes,4900000,10/08/2026,#######
Ikeja GRA,Lagos,terrace,3,3,193,not stated,no,5600000,01/08/2026,#######
Ajah,Lagos,duplex,2,3,123,no,yes,2300000,12/08/2026,#######
Lokogoma,Abuja,flat,2,3,124,not stated,no,3100000,05/08/2026,#######
Ajah,Lagos,duplex,2,1,99,no,not stated,2100000,13/08/2026,#######
Maryland,Lagos,duplex,4,5,,not stated,no,3900000,08/08/2026,#######
Asokoro,Abuja,self-contain,0,1,67,not stated,not stated,1000000,07/08/2026,#######
Jahi,Abuja,penthouse,6,5,,not stated,yes,11000000,09/08/2026,#######
Lugbe,Abuja,duplex,3,3,302,not stated,not stated,4800000,03/08/2026,#######
Garki,Abuja,mansion,4,5,,no,no,7300000,01/08/2026,#######
Lokogoma,Abuja,self-contain,0,1,145,not stated,not stated,1700000,12/08/2026,#######
Mabushi,Abuja,mansion,2,3,922,yes,no,5900000,16/08/2026,#######
Allen,Lagos,bungalow,2,2,110,not stated,not stated,3500000,18/08/2026,#######
Yaba,Lagos,mansion,1,1,531,yes,no,6000000,01/08/2026,#######
Surulere,Lagos,penthouse,3,4,323,yes,not stated,5000000,03/08/2026,#######
Amuwo Odofin,Lagos,bungalow,2,2,143,no,yes,4000000,13/08/2026,#######
Mabushi,Abuja,terrace,4,3,735,not stated,yes,3700000,12/08/2026,#######
Garki,Abuja,penthouse,6,6,588,no,not stated,7300000,16/08/2026,#######
Lokogoma,Abuja,self-contain,0,1,146,no,no,0,10/08/2026,#######
Gwarinpa,Abuja,terrace,5,5,347,no,no,7800000,08/08/2026,#######
Surulere,Lagos,bungalow,1,1,68,yes,not stated,2300000,09/08/2026,#######
Ikoyi,Lagos,duplex,2,2,,no,yes,5900000,05/08/2026,#######
Ajah,Lagos,terrace,3,3,152,no,no,4600000,16/08/2026,#######
Asokoro,Abuja,self-contain,0,1,,not stated,no,1300000,02/08/2026,#######
Ikoyi,Lagos,bungalow,2,1,128,no,not stated,4300000,12/08/2026,#######
Mabushi,Abuja,terrace,3,4,635,yes,yes,4600000,03/08/2026,#######
Surulere,Lagos,duplex,4,4,,no,yes,5300000,10/08/2026,#######
Ikoyi,Lagos,penthouse,2,3,,yes,yes,9700000,04/08/2026,#######
Maryland,Lagos,duplex,2,3,80,not stated,not stated,3300000,18/08/2026,#######
Magodo,Lagos,self-contain,0,1,80,no,no,200000,17/08/2026,#######
Opebi,Lagos,penthouse,2,3,44,yes,not stated,4700000,06/08/2026,#######
Jahi,Abuja,bungalow,3,3,737,not stated,no,6300000,06/08/2026,#######
Asokoro,Abuja,self-contain,0,1,45,not stated,no,2000000,11/08/2026,#######
Ikeja,Lagos,self-contain,0,1,83,not stated,yes,500000,05/08/2026,#######
Mabushi,Abuja,duplex,1,1,,yes,no,3100000,11/08/2026,#######
Asokoro,Abuja,terrace,3,4,531,yes,not stated,5400000,18/08/2026,#######
Wuse 2,Abuja,terrace,5,4,507,yes,not stated,8300000,01/08/2026,#######
Ikeja,Lagos,mansion,4,5,731,no,no,8200000,09/08/2026,#######
Lekki Phase 1,Lagos,bungalow,2,3,58,no,not stated,6000000,03/08/2026,#######
Sangotedo,Lagos,terrace,5,6,,yes,not stated,5200000,05/08/2026,#######
Ikeja,Lagos,duplex,2,3,,not stated,no,2400000,07/08/2026,#######
Yaba,Lagos,flat,4,3,283,no,not stated,4000000,03/08/2026,#######
Jahi,Abuja,self-contain,0,1,144,no,no,1200000,02/08/2026,#######
Lugbe,Abuja,bungalow,3,3,,not stated,no,4200000,06/08/2026,#######
Festac,Lagos,flat,4,4,,not stated,yes,4900000,11/08/2026,#######
Surulere,Lagos,bungalow,2,2,97,yes,no,2500000,01/08/2026,#######
Magodo,Lagos,terrace,4,4,507,not stated,no,4900000,14/08/2026,#######
Gwarinpa,Abuja,mansion,1,1,864,not stated,no,11300000,09/08/2026,#######
Guzape,Abuja,self-contain,0,1,,not stated,not stated,1500000,17/08/2026,#######
Katampe,Abuja,penthouse,2,2,60,not stated,yes,5400000,02/08/2026,#######
Lekki Phase 2,Lagos,duplex,4,3,567,yes,not stated,5600000,14/08/2026,#######
Lugbe,Abuja,penthouse,4,5,168,not stated,not stated,5900000,14/08/2026,#######
Katampe,Abuja,mansion,3,2,,yes,no,6200000,03/08/2026,#######
Yaba,Lagos,mansion,3,4,,no,no,7300000,13/08/2026,#######
Ikoyi,Lagos,mansion,3,2,679,yes,no,14300000,15/08/2026,#######
Apo,Abuja,duplex,2,2,87,yes,not stated,2100000,09/08/2026,#######
Maryland,Lagos,terrace,4,4,302,not stated,yes,4800000,17/08/2026,#######
Lugbe,Abuja,terrace,2,2,,yes,yes,2600000,04/08/2026,#######
Dutse,Abuja,flat,2,3,109,no,no,2700000,17/08/2026,#######
Surulere,Lagos,self-contain,0,1,146,yes,yes,700000,11/08/2026,#######
VGC,Lagos,penthouse,2,1,67,no,yes,6900000,02/08/2026,#######
Apo,Abuja,duplex,5,5,710,no,not stated,5200000,13/08/2026,#######
Wuse 2,Abuja,flat,3,4,,no,no,7000000,18/08/2026,#######
Ikoyi,Lagos,penthouse,4,3,,not stated,not stated,12000000,12/08/2026,#######
Wuse 1,Abuja,flat,5,4,782,yes,not stated,6400000,06/08/2026,#######
Garki,Abuja,penthouse,1,2,106,no,no,3000000,01/08/2026,#######
Ojodu Berger,Lagos,duplex,3,4,,not stated,no,3100000,11/08/2026,#######
Ikeja GRA,Lagos,terrace,3,4,563,not stated,not stated,5700000,02/08/2026,#######
Ikeja GRA,Lagos,bungalow,2,3,45,not stated,no,4800000,09/08/2026,#######
Lugbe,Abuja,mansion,1,2,766,no,yes,6200000,14/08/2026,#######
Gwarinpa,Abuja,mansion,1,1,673,not stated,no,11000000,13/08/2026,#######
Festac,Lagos,duplex,6,6,575,yes,no,6800000,08/08/2026,#######
Gwarinpa,Abuja,self-contain,0,1,137,yes,not stated,800000,04/08/2026,#######
Dutse,Abuja,duplex,2,1,55,not stated,no,3700000,01/08/2026,#######
Apo,Abuja,self-contain,0,1,120,not stated,not stated,100000,07/08/2026,#######
Lugbe,Abuja,penthouse,2,1,115,no,yes,3700000,01/08/2026,#######
Life Camp,Abuja,terrace,2,3,74,yes,not stated,2400000,12/08/2026,#######
Katampe,Abuja,duplex,3,4,457,no,not stated,4700000,07/08/2026,#######
Garki,Abuja,bungalow,1,1,118,no,yes,2800000,17/08/2026,#######
Maryland,Lagos,mansion,1,1,,not stated,not stated,5500000,11/08/2026,#######
Wuse 1,Abuja,flat,6,5,475,not stated,no,5700000,17/08/2026,#######
Lugbe,Abuja,bungalow,4,4,596,no,yes,5500000,06/08/2026,#######
Opebi,Lagos,penthouse,1,1,,not stated,no,4000000,13/08/2026,#######
Ikeja GRA,Lagos,flat,4,3,,no,yes,4900000,08/08/2026,#######
Allen,Lagos,bungalow,3,3,667,yes,yes,3100000,14/08/2026,#######
Apo,Abuja,terrace,2,1,68,not stated,yes,3400000,02/08/2026,#######
Mabushi,Abuja,bungalow,3,2,609,no,yes,3400000,14/08/2026,#######
Amuwo Odofin,Lagos,self-contain,0,1,127,yes,yes,1500000,13/08/2026,#######
Lugbe,Abuja,self-contain,0,1,128,yes,no,1400000,15/08/2026,#######
Asokoro,Abuja,self-contain,0,1,61,not stated,not stated,1200000,10/08/2026,#######
Katampe,Abuja,duplex,3,2,686,yes,yes,3800000,17/08/2026,#######
Wuse 2,Abuja,self-contain,0,1,63,yes,yes,1000000,07/08/2026,#######
Victoria Island,Lagos,self-contain,0,1,,no,yes,1200000,11/08/2026,#######
Ojodu Berger,Lagos,mansion,2,1,,no,yes,6800000,13/08/2026,#######
Mabushi,Abuja,terrace,5,4,,yes,no,4600000,05/08/2026,#######
Victoria Island,Lagos,penthouse,1,1,133,not stated,yes,9200000,02/08/2026,#######
Lokogoma,Abuja,mansion,5,6,1042,yes,not stated,8600000,09/08/2026,#######
Wuse 2,Abuja,duplex,4,5,572,no,no,7200000,07/08/2026,#######
VGC,Lagos,self-contain,0,1,149,not stated,not stated,1300000,01/08/2026,#######
Asokoro,Abuja,bungalow,2,1,105,no,not stated,5200000,02/08/2026,#######
Surulere,Lagos,bungalow,2,1,73,not stated,not stated,2700000,14/08/2026,#######
Sangotedo,Lagos,flat,2,2,,no,yes,2400000,17/08/2026,#######
Maitama,Abuja,penthouse,4,5,613,yes,yes,13300000,11/08/2026,#######
Dutse,Abuja,penthouse,2,3,58,not stated,not stated,3900000,18/08/2026,#######
Ojodu Berger,Lagos,flat,1,1,,no,no,2200000,06/08/2026,#######
Ikoyi,Lagos,duplex,2,1,150,no,not stated,5600000,07/08/2026,#######
Maitama,Abuja,terrace,2,2,60,yes,no,5600000,10/08/2026,#######
Jahi,Abuja,bungalow,2,3,78,yes,yes,4000000,11/08/2026,#######
Ikoyi,Lagos,self-contain,0,1,,no,no,1000000,01/08/2026,#######
Magodo,Lagos,flat,2,2,148,not stated,yes,4000000,05/08/2026,#######
Garki,Abuja,mansion,4,3,612,no,not stated,7600000,15/08/2026,#######
Lekki Phase 1,Lagos,bungalow,2,3,,not stated,no,4100000,03/08/2026,#######
Mabushi,Abuja,mansion,4,4,979,not stated,yes,8200000,16/08/2026,#######
Maryland,Lagos,mansion,2,1,1138,not stated,not stated,6800000,17/08/2026,#######
Ikeja GRA,Lagos,penthouse,3,4,,not stated,not stated,8200000,12/08/2026,#######
Maitama,Abuja,flat,3,2,549,not stated,no,6100000,15/08/2026,#######
Gwarinpa,Abuja,penthouse,4,3,734,yes,no,10000000,08/08/2026,#######
Jahi,Abuja,penthouse,3,4,758,yes,not stated,9400000,04/08/2026,#######
Ikeja GRA,Lagos,penthouse,4,5,470,yes,no,8400000,11/08/2026,#######
Sangotedo,Lagos,penthouse,2,2,113,not stated,yes,4800000,12/08/2026,#######
Katampe,Abuja,duplex,1,1,,no,yes,3000000,12/08/2026,#######
Jahi,Abuja,mansion,4,5,,yes,yes,14600000,17/08/2026,#######
Ikeja GRA,Lagos,terrace,3,4,,no,not stated,4600000,09/08/2026,#######
Festac,Lagos,penthouse,1,1,100,not stated,not stated,3600000,16/08/2026,#######
Ikeja,Lagos,duplex,3,4,598,yes,no,4200000,16/08/2026,#######
Ikeja GRA,Lagos,mansion,2,2,501,not stated,no,9500000,03/08/2026,#######
Festac,Lagos,mansion,3,4,582,no,yes,7500000,03/08/2026,#######
Guzape,Abuja,penthouse,3,4,371,yes,yes,9900000,18/08/2026,#######
Lekki Phase 1,Lagos,duplex,3,4,633,no,not stated,5000000,08/08/2026,#######
Surulere,Lagos,self-contain,0,1,147,yes,not stated,600000,13/08/2026,#######
Lokogoma,Abuja,duplex,2,3,67,yes,no,3600000,09/08/2026,#######
Ikeja GRA,Lagos,self-contain,0,1,92,yes,no,2000000,12/08/2026,#######
Ikeja GRA,Lagos,terrace,6,6,559,not stated,no,7700000,14/08/2026,#######
Lokogoma,Abuja,terrace,4,5,,no,yes,5300000,02/08/2026,#######
Dutse,Abuja,mansion,1,2,,no,no,5800000,08/08/2026,#######
Gwarinpa,Abuja,flat,4,4,,not stated,yes,6100000,13/08/2026,#######
Mabushi,Abuja,self-contain,0,1,,not stated,yes,0,10/08/2026,#######
Wuse 1,Abuja,flat,3,3,755,no,no,4800000,12/08/2026,#######
Yaba,Lagos,terrace,2,2,,yes,not stated,3200000,06/08/2026,#######
Lekki Phase 2,Lagos,flat,3,4,356,yes,yes,3800000,16/08/2026,#######
Life Camp,Abuja,bungalow,2,3,,yes,not stated,2700000,16/08/2026,#######
Mabushi,Abuja,mansion,3,2,945,not stated,no,7200000,08/08/2026,#######
Gwarinpa,Abuja,bungalow,4,4,695,yes,yes,6300000,11/08/2026,#######
Ajah,Lagos,penthouse,5,6,454,yes,no,7400000,01/08/2026,#######
Lugbe,Abuja,penthouse,5,5,774,yes,no,6800000,01/08/2026,#######
Life Camp,Abuja,duplex,3,4,439,no,yes,4700000,16/08/2026,#######
Gwarinpa,Abuja,mansion,3,4,1112,not stated,no,13100000,09/08/2026,#######
Apo,Abuja,duplex,5,6,,yes,no,4800000,17/08/2026,#######
Dutse,Abuja,duplex,5,6,627,no,yes,6400000,07/08/2026,#######
Opebi,Lagos,mansion,2,1,1196,not stated,no,5600000,15/08/2026,#######
Ilupeju,Lagos,duplex,4,4,,no,not stated,4800000,03/08/2026,#######
Wuse 1,Abuja,duplex,3,4,167,no,not stated,4200000,07/08/2026,#######
Lokogoma,Abuja,bungalow,2,3,115,not stated,not stated,3900000,15/08/2026,#######
Garki,Abuja,terrace,2,1,81,not stated,no,2100000,12/08/2026,#######
Ikoyi,Lagos,bungalow,2,1,118,yes,not stated,5800000,13/08/2026,#######
Allen,Lagos,penthouse,5,6,553,not stated,no,6600000,06/08/2026,#######
Apo,Abuja,bungalow,3,2,,yes,yes,3300000,05/08/2026,#######
Jahi,Abuja,penthouse,3,2,393,not stated,no,9000000,08/08/2026,#######
Mabushi,Abuja,terrace,2,2,,yes,yes,3000000,09/08/2026,#######
Magodo,Lagos,terrace,5,6,183,not stated,yes,6400000,10/08/2026,#######
Mabushi,Abuja,penthouse,3,3,705,no,yes,5100000,08/08/2026,#######
Maitama,Abuja,flat,6,5,,not stated,not stated,9000000,10/08/2026,#######
Sangotedo,Lagos,bungalow,5,4,,yes,not stated,5100000,04/08/2026,#######
Gwarinpa,Abuja,mansion,1,1,870,no,yes,12100000,09/08/2026,#######
Life Camp,Abuja,flat,2,1,71,no,yes,2800000,13/08/2026,#######
Lugbe,Abuja,duplex,1,1,98,no,not stated,1300000,03/08/2026,#######
Opebi,Lagos,self-contain,0,1,82,yes,no,600000,17/08/2026,#######
Lugbe,Abuja,mansion,2,1,1024,yes,no,6000000,05/08/2026,#######
Amuwo Odofin,Lagos,flat,3,4,783,not stated,yes,3300000,11/08/2026,#######
Festac,Lagos,self-contain,0,1,121,no,not stated,1600000,01/08/2026,#######
Yaba,Lagos,bungalow,4,4,776,no,not stated,3700000,18/08/2026,#######
Garki,Abuja,bungalow,6,6,203,not stated,yes,5900000,16/08/2026,#######
Surulere,Lagos,flat,4,4,741,yes,no,4000000,10/08/2026,#######
Dutse,Abuja,flat,3,3,585,yes,no,3800000,02/08/2026,#######
Ikeja,Lagos,self-contain,0,1,,yes,yes,1700000,16/08/2026,#######
Ilupeju,Lagos,mansion,2,3,1068,not stated,no,5300000,08/08/2026,#######
Ikeja,Lagos,bungalow,2,2,48,yes,not stated,2400000,07/08/2026,#######
Opebi,Lagos,terrace,4,3,,not stated,no,4100000,05/08/2026,#######
Magodo,Lagos,penthouse,5,6,359,not stated,not stated,9200000,09/08/2026,#######
Amuwo Odofin,Lagos,mansion,2,1,626,yes,not stated,5600000,04/08/2026,#######
Ikeja GRA,Lagos,duplex,1,1,87,no,yes,2300000,05/08/2026,#######
Asokoro,Abuja,terrace,2,1,,yes,not stated,4700000,09/08/2026,#######
Lugbe,Abuja,penthouse,3,4,,yes,not stated,6200000,04/08/2026,#######
Lugbe,Abuja,penthouse,3,3,544,yes,no,4700000,02/08/2026,#######
Gwarinpa,Abuja,mansion,2,1,1055,no,no,11800000,11/08/2026,#######
Opebi,Lagos,mansion,4,3,1060,not stated,no,6900000,16/08/2026,#######
Lekki Phase 2,Lagos,terrace,4,4,350,not stated,not stated,3700000,05/08/2026,#######
Ikoyi,Lagos,bungalow,1,1,45,yes,no,4900000,10/08/2026,#######
Wuse 1,Abuja,terrace,1,1,109,not stated,yes,3200000,10/08/2026,#######
Ilupeju,Lagos,penthouse,3,3,,no,yes,6200000,11/08/2026,#######
Ojodu Berger,Lagos,duplex,4,3,783,no,not stated,5300000,15/08/2026,#######
Ajah,Lagos,terrace,3,2,426,no,not stated,3900000,03/08/2026,#######
Opebi,Lagos,flat,3,4,,no,not stated,3900000,16/08/2026,#######
Ikeja,Lagos,mansion,3,3,,not stated,no,6000000,11/08/2026,#######
Ajah,Lagos,mansion,2,3,644,not stated,no,5200000,18/08/2026,#######
Asokoro,Abuja,penthouse,4,3,288,not stated,no,13400000,11/08/2026,#######
Maitama,Abuja,penthouse,2,3,125,yes,not stated,10100000,11/08/2026,#######
Mabushi,Abuja,mansion,4,4,,yes,no,8600000,09/08/2026,#######
Maryland,Lagos,duplex,2,1,133,not stated,yes,2400000,18/08/2026,#######
Sangotedo,Lagos,duplex,2,3,84,no,not stated,3600000,14/08/2026,#######
Magodo,Lagos,bungalow,2,1,73,not stated,yes,4000000,01/08/2026,#######
Maitama,Abuja,duplex,1,2,111,not stated,no,4900000,14/08/2026,#######
Guzape,Abuja,terrace,1,1,,yes,no,3300000,08/08/2026,#######
Dutse,Abuja,mansion,2,3,,not stated,no,5100000,04/08/2026,#######
Wuse 2,Abuja,terrace,4,4,,no,no,7200000,18/08/2026,#######
Apo,Abuja,mansion,2,1,1059,yes,no,6300000,04/08/2026,#######
Jahi,Abuja,duplex,4,4,,not stated,yes,5700000,01/08/2026,#######
Ikeja GRA,Lagos,terrace,4,5,,no,not stated,5500000,04/08/2026,#######
Ikoyi,Lagos,terrace,2,2,79,not stated,not stated,4900000,12/08/2026,#######
Maitama,Abuja,duplex,3,3,771,yes,yes,7100000,13/08/2026,#######
Ikoyi,Lagos,flat,1,1,42,no,not stated,3300000,06/08/2026,#######
Amuwo Odofin,Lagos,penthouse,2,2,65,not stated,no,4700000,10/08/2026,#######
Lekki Phase 2,Lagos,penthouse,6,6,,not stated,not stated,7300000,16/08/2026,#######
Maryland,Lagos,bungalow,2,2,42,no,no,2900000,11/08/2026,#######
Ilupeju,Lagos,flat,5,6,,no,no,5900000,04/08/2026,#######
Yaba,Lagos,terrace,3,4,518,yes,no,4500000,17/08/2026,#######
Opebi,Lagos,mansion,2,3,903,no,yes,5800000,18/08/2026,#######
Ikeja,Lagos,flat,3,4,,not stated,not stated,3600000,03/08/2026,#######
Sangotedo,Lagos,bungalow,3,3,,not stated,no,4700000,07/08/2026,#######
Garki,Abuja,penthouse,1,1,149,not stated,no,2900000,17/08/2026,#######
Guzape,Abuja,mansion,3,3,,no,no,11900000,04/08/2026,#######
Maitama,Abuja,terrace,5,4,776,yes,no,8600000,14/08/2026,#######
Maitama,Abuja,mansion,1,2,718,not stated,no,14400000,06/08/2026,#######
Mabushi,Abuja,penthouse,2,2,119,not stated,not stated,4000000,11/08/2026,#######
Lugbe,Abuja,duplex,2,2,,yes,yes,2400000,08/08/2026,#######
Katampe,Abuja,mansion,5,5,,yes,yes,9300000,13/08/2026,#######
Wuse 1,Abuja,flat,3,3,309,yes,yes,3800000,18/08/2026,#######
Asokoro,Abuja,mansion,6,5,868,not stated,no,19200000,06/08/2026,#######
Festac,Lagos,duplex,3,4,,not stated,not stated,3900000,01/08/2026,#######
Mabushi,Abuja,bungalow,2,2,52,no,no,3200000,16/08/2026,#######
Lokogoma,Abuja,duplex,4,4,520,not stated,not stated,5500000,06/08/2026,#######
Jahi,Abuja,mansion,2,1,509,not stated,no,12500000,11/08/2026,#######
Lugbe,Abuja,bungalow,3,2,652,yes,yes,3600000,14/08/2026,#######
Maryland,Lagos,duplex,5,6,427,no,no,5200000,07/08/2026,#######
Amuwo Odofin,Lagos,terrace,3,2,,not stated,no,4000000,08/08/2026,#######
Ojodu Berger,Lagos,flat,3,4,570,no,no,3400000,07/08/2026,#######
Lokogoma,Abuja,bungalow,3,3,,yes,not stated,3200000,12/08/2026,#######
Maitama,Abuja,mansion,1,1,815,not stated,not stated,16200000,18/08/2026,#######
Festac,Lagos,mansion,2,1,1182,not stated,no,7000000,07/08/2026,#######
Surulere,Lagos,penthouse,2,2,71,not stated,yes,3800000,05/08/2026,#######
Gbagada,Lagos,mansion,5,6,1100,yes,no,8800000,03/08/2026,#######
Jahi,Abuja,penthouse,1,1,87,no,no,7100000,08/08/2026,#######
Garki,Abuja,self-contain,0,1,46,not stated,no,1100000,18/08/2026,#######
Garki,Abuja,duplex,3,2,256,no,yes,4000000,11/08/2026,#######
Victoria Island,Lagos,penthouse,3,4,280,no,yes,10100000,07/08/2026,#######
Ikoyi,Lagos,duplex,6,6,,yes,not stated,7300000,10/08/2026,#######
Wuse 2,Abuja,duplex,1,1,,not stated,yes,5000000,07/08/2026,#######
Gwarinpa,Abuja,mansion,3,3,,yes,no,13400000,07/08/2026,#######
Garki,Abuja,terrace,3,3,204,no,yes,4200000,12/08/2026,#######
Surulere,Lagos,self-contain,0,1,78,no,not stated,400000,09/08/2026,#######
Sangotedo,Lagos,terrace,5,5,713,not stated,not stated,5200000,03/08/2026,#######
Opebi,Lagos,self-contain,0,1,,yes,yes,100000,03/08/2026,#######
Guzape,Abuja,duplex,3,3,491,no,not stated,5400000,12/08/2026,#######
Gwarinpa,Abuja,duplex,1,2,,not stated,not stated,4400000,02/08/2026,#######
Maitama,Abuja,mansion,3,2,1077,no,not stated,16100000,09/08/2026,#######
Magodo,Lagos,terrace,1,2,121,yes,no,3300000,01/08/2026,#######
Mabushi,Abuja,terrace,3,4,642,yes,yes,4100000,08/08/2026,#######
Dutse,Abuja,terrace,3,3,264,no,not stated,4100000,11/08/2026,#######
Lokogoma,Abuja,mansion,4,3,,yes,not stated,7800000,05/08/2026,#######
Ajah,Lagos,penthouse,3,3,694,not stated,yes,5600000,17/08/2026,#######
Life Camp,Abuja,mansion,1,1,740,no,yes,5100000,15/08/2026,#######
Ilupeju,Lagos,penthouse,3,3,,yes,no,4800000,07/08/2026,#######
Surulere,Lagos,mansion,4,3,1068,not stated,no,7600000,05/08/2026,#######
Sangotedo,Lagos,bungalow,2,2,,no,not stated,3500000,08/08/2026,#######
Victoria Island,Lagos,duplex,4,3,,not stated,not stated,7500000,04/08/2026,#######
Victoria Island,Lagos,terrace,5,5,298,no,not stated,6600000,18/08/2026,#######
Ikeja GRA,Lagos,penthouse,2,2,101,not stated,no,7800000,16/08/2026,#######
Amuwo Odofin,Lagos,bungalow,2,1,47,yes,no,2200000,02/08/2026,#######
Asokoro,Abuja,terrace,3,3,496,no,not stated,7100000,06/08/2026,#######
Victoria Island,Lagos,bungalow,6,7,206,yes,yes,8700000,02/08/2026,#######
Asokoro,Abuja,self-contain,0,1,,no,yes,2400000,10/08/2026,#######
Gwarinpa,Abuja,penthouse,5,5,323,no,not stated,11600000,16/08/2026,#######
Festac,Lagos,mansion,6,5,1070,no,no,9500000,16/08/2026,#######
Lugbe,Abuja,mansion,3,4,,no,no,6400000,17/08/2026,#######
Guzape,Abuja,self-contain,0,1,70,yes,yes,2100000,06/08/2026,#######
Mabushi,Abuja,flat,4,5,743,no,not stated,4700000,06/08/2026,#######
Lekki Phase 1,Lagos,bungalow,5,4,324,no,yes,6900000,05/08/2026,#######
Lugbe,Abuja,mansion,2,3,1095,yes,no,6000000,10/08/2026,#######
Lugbe,Abuja,terrace,3,4,631,yes,not stated,3300000,13/08/2026,#######
Surulere,Lagos,bungalow,1,2,131,no,not stated,2500000,12/08/2026,#######
Lekki Phase 1,Lagos,self-contain,0,1,53,no,yes,600000,04/08/2026,#######
Life Camp,Abuja,bungalow,5,5,,not stated,yes,5800000,15/08/2026,#######
Maryland,Lagos,mansion,3,4,1026,yes,no,7300000,07/08/2026,#######
Dutse,Abuja,terrace,4,3,,yes,not stated,3900000,18/08/2026,#######
Mabushi,Abuja,mansion,2,2,878,not stated,not stated,5700000,08/08/2026,#######
Ajah,Lagos,terrace,2,2,,yes,no,3400000,07/08/2026,#######
Mabushi,Abuja,bungalow,3,2,177,not stated,no,4100000,13/08/2026,#######
Life Camp,Abuja,self-contain,0,1,52,not stated,no,1100000,17/08/2026,#######
Dutse,Abuja,mansion,2,1,,yes,not stated,5500000,03/08/2026,#######
Life Camp,Abuja,terrace,3,3,164,no,yes,3000000,11/08/2026,#######
Garki,Abuja,self-contain,0,1,146,yes,yes,1000000,06/08/2026,#######
Allen,Lagos,self-contain,0,1,132,yes,no,1400000,13/08/2026,#######
Allen,Lagos,self-contain,0,1,,no,no,1200000,12/08/2026,#######
Ilupeju,Lagos,duplex,2,1,65,no,not stated,4000000,05/08/2026,#######
Yaba,Lagos,terrace,4,4,526,not stated,not stated,3800000,09/08/2026,#######
Opebi,Lagos,terrace,3,4,366,no,no,3200000,01/08/2026,#######
Ilupeju,Lagos,self-contain,0,1,76,not stated,not stated,300000,07/08/2026,#######
Wuse 1,Abuja,mansion,2,2,791,no,yes,5600000,05/08/2026,#######
Ajah,Lagos,flat,5,6,,not stated,no,4900000,10/08/2026,#######
Asokoro,Abuja,flat,5,5,730,yes,not stated,7100000,18/08/2026,#######
Lugbe,Abuja,penthouse,2,2,,yes,yes,5100000,11/08/2026,#######
Sangotedo,Lagos,mansion,5,4,,no,yes,9300000,14/08/2026,#######
Gwarinpa,Abuja,bungalow,4,3,357,yes,not stated,6700000,03/08/2026,#######
Dutse,Abuja,penthouse,5,6,251,yes,no,7900000,14/08/2026,#######
Jahi,Abuja,self-contain,0,1,100,no,not stated,1000000,10/08/2026,#######
Victoria Island,Lagos,penthouse,3,4,,no,yes,10600000,06/08/2026,#######
Lokogoma,Abuja,duplex,5,6,,no,yes,5400000,02/08/2026,#######
VGC,Lagos,flat,2,1,94,not stated,no,4900000,05/08/2026,#######
Ikoyi,Lagos,mansion,3,4,1009,no,not stated,14200000,06/08/2026,#######
Lekki Phase 2,Lagos,self-contain,0,1,,yes,yes,1100000,16/08/2026,#######
Ilupeju,Lagos,mansion,3,4,962,not stated,yes,7300000,05/08/2026,#######
Apo,Abuja,bungalow,2,2,81,not stated,not stated,2800000,18/08/2026,#######
Lekki Phase 1,Lagos,penthouse,2,2,110,not stated,yes,9900000,13/08/2026,#######
Dutse,Abuja,terrace,3,4,,not stated,no,3900000,14/08/2026,#######
Lekki Phase 1,Lagos,penthouse,4,3,470,not stated,not stated,10800000,02/08/2026,#######
Wuse 2,Abuja,penthouse,3,3,,yes,not stated,11000000,02/08/2026,#######
Ikoyi,Lagos,flat,2,1,139,yes,not stated,4200000,14/08/2026,#######
Maryland,Lagos,penthouse,1,1,,yes,no,3600000,13/08/2026,#######
Jahi,Abuja,duplex,3,4,628,not stated,no,6000000,01/08/2026,#######
Ojodu Berger,Lagos,terrace,2,3,118,no,yes,3100000,05/08/2026,#######
Asokoro,Abuja,terrace,3,4,633,yes,not stated,6600000,04/08/2026,#######
Guzape,Abuja,bungalow,2,3,,yes,no,5400000,01/08/2026,#######
Lokogoma,Abuja,bungalow,4,5,452,not stated,no,4600000,08/08/2026,#######
Festac,Lagos,mansion,1,1,971,no,no,5000000,13/08/2026,#######
Guzape,Abuja,mansion,5,6,599,yes,yes,15400000,07/08/2026,#######
Maitama,Abuja,duplex,5,6,,yes,no,7700000,18/08/2026,#######
Amuwo Odofin,Lagos,mansion,4,5,,not stated,yes,7700000,10/08/2026,#######
Asokoro,Abuja,duplex,4,5,692,yes,no,6300000,14/08/2026,#######
Lugbe,Abuja,mansion,3,3,658,no,yes,6700000,09/08/2026,#######
Ilupeju,Lagos,flat,2,1,46,yes,yes,3900000,08/08/2026,#######
Magodo,Lagos,terrace,2,3,,no,not stated,4700000,12/08/2026,#######
Garki,Abuja,penthouse,3,3,184,no,yes,5200000,18/08/2026,#######
Lekki Phase 1,Lagos,flat,5,6,617,not stated,yes,7500000,02/08/2026,#######
Festac,Lagos,bungalow,3,3,598,yes,yes,3500000,17/08/2026,#######
Ilupeju,Lagos,flat,4,3,,not stated,not stated,4900000,11/08/2026,#######
Magodo,Lagos,penthouse,3,4,712,no,not stated,6900000,06/08/2026,#######
Wuse 2,Abuja,terrace,2,3,81,yes,no,6500000,02/08/2026,#######
Yaba,Lagos,bungalow,2,3,125,not stated,not stated,3800000,04/08/2026,#######
Ikeja GRA,Lagos,self-contain,0,1,,not stated,not stated,2000000,13/08/2026,#######
Guzape,Abuja,bungalow,2,3,,not stated,no,5400000,03/08/2026,#######
Guzape,Abuja,flat,3,2,495,no,not stated,6100000,15/08/2026,#######
Lekki Phase 1,Lagos,self-contain,0,1,70,no,not stated,1000000,17/08/2026,#######
VGC,Lagos,self-contain,0,1,,yes,not stated,2000000,04/08/2026,#######
Mabushi,Abuja,penthouse,2,2,,yes,yes,5400000,06/08/2026,#######
VGC,Lagos,flat,2,3,129,no,not stated,4100000,14/08/2026,#######
Ikoyi,Lagos,duplex,2,3,111,yes,yes,5000000,18/08/2026,#######
Gbagada,Lagos,duplex,2,3,83,not stated,no,2900000,14/08/2026,#######
Victoria Island,Lagos,flat,2,2,,not stated,yes,4900000,16/08/2026,#######
Maitama,Abuja,penthouse,2,1,87,yes,no,10100000,04/08/2026,#######
Maitama,Abuja,flat,1,2,140,no,not stated,5300000,15/08/2026,#######
Ilupeju,Lagos,penthouse,5,4,406,yes,no,6500000,11/08/2026,#######
Lekki Phase 2,Lagos,flat,5,5,,yes,not stated,4800000,01/08/2026,#######
Mabushi,Abuja,penthouse,2,2,123,yes,not stated,4700000,14/08/2026,#######
Lokogoma,Abuja,penthouse,1,2,44,not stated,not stated,3000000,16/08/2026,#######
Opebi,Lagos,flat,6,7,321,yes,no,5800000,16/08/2026,#######
Surulere,Lagos,terrace,3,2,362,no,yes,4700000,06/08/2026,#######
Maitama,Abuja,mansion,1,2,565,yes,yes,15700000,13/08/2026,#######
Ajah,Lagos,mansion,1,1,,not stated,no,4300000,10/08/2026,#######
Asokoro,Abuja,flat,6,5,228,yes,not stated,9200000,09/08/2026,#######
Life Camp,Abuja,penthouse,4,4,252,no,yes,6200000,17/08/2026,#######
Katampe,Abuja,bungalow,2,1,76,not stated,not stated,2700000,07/08/2026,#######
Jahi,Abuja,penthouse,5,4,,not stated,yes,9900000,15/08/2026,#######
Magodo,Lagos,flat,1,1,119,no,no,4000000,06/08/2026,#######
Apo,Abuja,terrace,2,3,93,no,not stated,2600000,04/08/2026,#######
Lokogoma,Abuja,duplex,2,3,,yes,yes,3200000,04/08/2026,#######
Ilupeju,Lagos,flat,3,3,381,yes,no,3000000,12/08/2026,#######
Ilupeju,Lagos,bungalow,2,3,132,not stated,yes,2400000,15/08/2026,#######
Wuse 1,Abuja,penthouse,3,2,740,yes,not stated,4800000,12/08/2026,#######
Festac,Lagos,duplex,3,4,511,no,yes,4000000,11/08/2026,#######
Surulere,Lagos,mansion,2,3,680,no,not stated,5500000,08/08/2026,#######
Mabushi,Abuja,terrace,5,6,230,yes,yes,5400000,07/08/2026,#######
Ajah,Lagos,flat,2,3,76,yes,no,3000000,12/08/2026,#######
Victoria Island,Lagos,terrace,2,1,90,not stated,yes,4400000,08/08/2026,#######
Ojodu Berger,Lagos,bungalow,2,1,145,yes,not stated,3700000,15/08/2026,#######
Yaba,Lagos,mansion,4,5,760,no,no,7600000,07/08/2026,#######
Yaba,Lagos,bungalow,2,1,90,no,yes,3300000,15/08/2026,#######
Wuse 2,Abuja,duplex,5,4,638,no,yes,8500000,05/08/2026,#######
Garki,Abuja,terrace,4,3,573,no,not stated,3800000,11/08/2026,#######
Allen,Lagos,flat,2,3,106,yes,not stated,2100000,07/08/2026,#######
Dutse,Abuja,penthouse,5,6,,no,no,7500000,15/08/2026,#######
Gwarinpa,Abuja,flat,5,6,,yes,not stated,6500000,11/08/2026,#######
Festac,Lagos,flat,2,2,,yes,not stated,3800000,12/08/2026,#######
Dutse,Abuja,duplex,3,2,562,no,yes,4500000,07/08/2026,#######
Maryland,Lagos,mansion,2,2,961,not stated,yes,7000000,15/08/2026,#######
Ikeja GRA,Lagos,mansion,3,2,554,no,not stated,10100000,09/08/2026,#######
VGC,Lagos,self-contain,0,1,,no,no,1100000,04/08/2026,#######
Jahi,Abuja,penthouse,4,3,764,no,no,10800000,10/08/2026,#######
Dutse,Abuja,mansion,2,2,649,not stated,no,6500000,14/08/2026,#######
Maitama,Abuja,flat,3,2,258,yes,not stated,6300000,13/08/2026,#######
Festac,Lagos,duplex,1,1,113,yes,yes,3200000,03/08/2026,#######
Ojodu Berger,Lagos,duplex,4,5,389,yes,not stated,4200000,16/08/2026,#######
Ajah,Lagos,penthouse,2,2,45,not stated,yes,5200000,09/08/2026,#######
Wuse 1,Abuja,flat,1,2,137,no,yes,1600000,05/08/2026,#######
Garki,Abuja,mansion,2,2,710,no,yes,5400000,18/08/2026,#######
Mabushi,Abuja,penthouse,2,3,139,yes,yes,4100000,13/08/2026,#######
Surulere,Lagos,terrace,2,1,139,not stated,yes,3800000,02/08/2026,#######
VGC,Lagos,self-contain,0,1,100,not stated,yes,2000000,03/08/2026,#######
Sangotedo,Lagos,bungalow,5,4,730,not stated,no,5000000,07/08/2026,#######
Katampe,Abuja,terrace,1,1,107,no,yes,3100000,05/08/2026,#######
Amuwo Odofin,Lagos,terrace,2,2,57,no,no,3300000,17/08/2026,#######
Lugbe,Abuja,duplex,3,2,557,yes,yes,3700000,12/08/2026,#######
Lekki Phase 1,Lagos,bungalow,3,4,777,yes,yes,6300000,17/08/2026,#######
Maitama,Abuja,bungalow,2,2,103,not stated,no,5400000,02/08/2026,#######
Ikeja,Lagos,self-contain,0,1,107,no,not stated,800000,06/08/2026,#######
Ikeja GRA,Lagos,mansion,2,1,,no,yes,9700000,14/08/2026,#######
Katampe,Abuja,self-contain,0,1,95,not stated,no,300000,14/08/2026,#######
Opebi,Lagos,duplex,2,1,53,not stated,no,3300000,04/08/2026,#######
Wuse 1,Abuja,flat,1,2,131,no,not stated,3200000,02/08/2026,#######
Allen,Lagos,self-contain,0,1,,yes,not stated,1100000,07/08/2026,#######
Yaba,Lagos,flat,3,3,280,not stated,yes,4000000,10/08/2026,#######
VGC,Lagos,penthouse,3,2,592,yes,yes,7300000,08/08/2026,#######
Guzape,Abuja,duplex,4,4,306,yes,yes,6200000,03/08/2026,#######
Lugbe,Abuja,duplex,3,3,253,not stated,not stated,4500000,06/08/2026,#######
Ajah,Lagos,flat,4,3,,not stated,not stated,5000000,12/08/2026,#######
Amuwo Odofin,Lagos,mansion,4,5,726,yes,yes,8600000,14/08/2026,#######
Ajah,Lagos,flat,2,3,,yes,not stated,2400000,11/08/2026,#######
Maitama,Abuja,bungalow,2,3,70,yes,not stated,5500000,10/08/2026,#######
Victoria Island,Lagos,self-contain,0,1,,yes,no,900000,16/08/2026,#######
Jahi,Abuja,terrace,3,4,435,no,no,4700000,11/08/2026,#######
Festac,Lagos,penthouse,2,3,83,not stated,no,3800000,17/08/2026,#######
Lekki Phase 2,Lagos,duplex,4,5,,yes,yes,4700000,04/08/2026,#######
Jahi,Abuja,self-contain,0,1,85,yes,not stated,700000,15/08/2026,#######
Wuse 1,Abuja,self-contain,0,1,110,yes,not stated,1700000,13/08/2026,#######
Katampe,Abuja,flat,2,2,,not stated,yes,2300000,13/08/2026,#######
Ilupeju,Lagos,terrace,1,1,,not stated,not stated,2000000,04/08/2026,#######
Amuwo Odofin,Lagos,flat,5,4,,not stated,not stated,5000000,07/08/2026,#######
Gwarinpa,Abuja,penthouse,1,2,137,yes,yes,6600000,06/08/2026,#######
Festac,Lagos,flat,3,2,576,not stated,not stated,4700000,17/08/2026,#######
Surulere,Lagos,bungalow,6,5,569,yes,yes,6900000,11/08/2026,#######
Apo,Abuja,flat,4,4,224,not stated,no,4400000,13/08/2026,#######
Wuse 2,Abuja,self-contain,0,1,,yes,no,1600000,17/08/2026,#######
Yaba,Lagos,flat,5,5,598,no,no,4700000,18/08/2026,#######
Guzape,Abuja,mansion,2,2,595,yes,not stated,12300000,11/08/2026,#######
Allen,Lagos,duplex,6,7,,not stated,yes,6100000,10/08/2026,#######
Ajah,Lagos,penthouse,3,3,212,no,yes,5600000,14/08/2026,#######
Asokoro,Abuja,terrace,5,4,622,not stated,not stated,8600000,07/08/2026,#######
Sangotedo,Lagos,mansion,3,3,643,no,yes,5900000,01/08/2026,#######
VGC,Lagos,self-contain,0,1,91,not stated,not stated,100000,12/08/2026,#######
Mabushi,Abuja,mansion,6,5,1044,no,no,8700000,13/08/2026,#######
Guzape,Abuja,mansion,2,3,,not stated,no,11200000,14/08/2026,#######
Lugbe,Abuja,penthouse,4,3,489,not stated,not stated,6900000,06/08/2026,#######
Apo,Abuja,duplex,2,1,75,yes,no,3300000,11/08/2026,#######
Wuse 1,Abuja,penthouse,1,1,92,no,yes,4500000,08/08/2026,#######
Lekki Phase 2,Lagos,terrace,2,1,,no,not stated,3000000,18/08/2026,#######
Dutse,Abuja,mansion,2,2,,no,yes,6200000,08/08/2026,#######
Ikoyi,Lagos,self-contain,0,1,,not stated,no,1700000,13/08/2026,#######
Yaba,Lagos,flat,6,6,727,no,yes,6800000,06/08/2026,#######
Festac,Lagos,flat,4,5,,not stated,no,5400000,16/08/2026,#######
Opebi,Lagos,terrace,3,2,637,no,no,3700000,17/08/2026,#######
Magodo,Lagos,penthouse,5,4,286,not stated,not stated,9600000,10/08/2026,#######
Asokoro,Abuja,bungalow,2,2,104,no,yes,4900000,12/08/2026,#######
Ajah,Lagos,duplex,3,3,557,not stated,not stated,4300000,05/08/2026,#######
Lekki Phase 2,Lagos,duplex,2,3,131,yes,yes,3800000,02/08/2026,#######
Ikeja GRA,Lagos,bungalow,6,7,386,no,not stated,8000000,15/08/2026,#######
Sangotedo,Lagos,bungalow,2,2,41,not stated,yes,4000000,06/08/2026,#######
Gwarinpa,Abuja,self-contain,0,1,122,not stated,no,1400000,11/08/2026,#######
Yaba,Lagos,mansion,6,6,1188,no,not stated,10200000,18/08/2026,#######
Maitama,Abuja,terrace,3,4,793,not stated,yes,5800000,06/08/2026,#######
Festac,Lagos,bungalow,2,3,51,yes,no,4000000,08/08/2026,#######
Guzape,Abuja,penthouse,2,2,60,yes,no,7500000,09/08/2026,#######
Ojodu Berger,Lagos,duplex,3,4,593,not stated,not stated,4800000,09/08/2026,#######
Lokogoma,Abuja,self-contain,0,1,130,not stated,no,1600000,05/08/2026,#######
Asokoro,Abuja,duplex,1,1,128,yes,yes,4500000,18/08/2026,#######
Dutse,Abuja,bungalow,2,3,64,not stated,yes,3300000,08/08/2026,#######
Asokoro,Abuja,self-contain,0,1,42,not stated,yes,600000,15/08/2026,#######
Dutse,Abuja,duplex,3,3,,not stated,yes,4300000,18/08/2026,#######
Garki,Abuja,duplex,3,3,,no,not stated,3000000,08/08/2026,#######
Lugbe,Abuja,self-contain,0,1,106,yes,not stated,-100000,15/08/2026,#######
Garki,Abuja,penthouse,4,3,365,yes,no,6000000,09/08/2026,#######
Victoria Island,Lagos,self-contain,0,1,,no,not stated,1800000,10/08/2026,#######
Jahi,Abuja,bungalow,2,2,113,yes,not stated,4600000,09/08/2026,#######
Opebi,Lagos,terrace,2,1,80,yes,yes,3400000,17/08/2026,#######
Apo,Abuja,terrace,4,3,,no,not stated,4000000,14/08/2026,#######
Guzape,Abuja,self-contain,0,1,135,yes,yes,1500000,18/08/2026,#######
Ajah,Lagos,penthouse,4,5,,yes,not stated,6300000,15/08/2026,#######
Allen,Lagos,duplex,3,3,206,not stated,no,4700000,16/08/2026,#######
Jahi,Abuja,bungalow,2,3,47,no,yes,4300000,18/08/2026,#######
Jahi,Abuja,duplex,2,3,108,no,not stated,4200000,13/08/2026,#######
Katampe,Abuja,duplex,2,1,72,no,yes,4000000,16/08/2026,#######
Sangotedo,Lagos,bungalow,3,4,743,not stated,no,4800000,03/08/2026,#######
Wuse 1,Abuja,terrace,2,1,,no,not stated,3300000,17/08/2026,#######
Asokoro,Abuja,self-contain,0,1,,no,yes,1900000,03/08/2026,#######
Gwarinpa,Abuja,mansion,2,1,856,not stated,not stated,12800000,05/08/2026,#######
Maitama,Abuja,self-contain,0,1,140,no,not stated,1700000,09/08/2026,#######
Lokogoma,Abuja,mansion,2,3,,yes,not stated,6700000,16/08/2026,#######
Guzape,Abuja,self-contain,0,1,100,no,no,400000,05/08/2026,#######
Ikoyi,Lagos,duplex,3,3,304,not stated,not stated,5100000,12/08/2026,#######
Mabushi,Abuja,duplex,1,1,73,yes,not stated,2600000,01/08/2026,#######
VGC,Lagos,flat,3,3,226,no,not stated,5400000,14/08/2026,#######
VGC,Lagos,mansion,4,4,528,not stated,no,11700000,09/08/2026,#######
Ikoyi,Lagos,self-contain,0,1,123,not stated,yes,1200000,05/08/2026,#######
Maitama,Abuja,mansion,4,4,624,no,yes,17200000,06/08/2026,#######
Guzape,Abuja,duplex,3,4,,yes,yes,4800000,17/08/2026,#######
Amuwo Odofin,Lagos,bungalow,4,4,617,no,yes,5100000,07/08/2026,#######
Lugbe,Abuja,penthouse,2,2,128,not stated,no,5500000,12/08/2026,#######
Allen,Lagos,self-contain,0,1,138,no,no,1000000,11/08/2026,#######
Garki,Abuja,self-contain,0,1,83,not stated,no,1200000,01/08/2026,#######
Asokoro,Abuja,duplex,1,1,71,no,no,4000000,08/08/2026,#######
Garki,Abuja,terrace,3,3,,yes,yes,3700000,17/08/2026,#######
Lokogoma,Abuja,mansion,6,5,510,no,not stated,9500000,06/08/2026,#######
Ojodu Berger,Lagos,flat,3,3,755,no,not stated,4500000,10/08/2026,#######
Lugbe,Abuja,mansion,3,4,723,yes,not stated,7300000,14/08/2026,#######
Guzape,Abuja,duplex,3,3,382,yes,yes,4700000,17/08/2026,#######
Life Camp,Abuja,penthouse,2,2,52,no,not stated,4000000,13/08/2026,#######
Garki,Abuja,penthouse,2,3,121,yes,no,5400000,03/08/2026,#######
Festac,Lagos,bungalow,3,2,317,yes,no,4600000,06/08/2026,#######
Guzape,Abuja,mansion,3,2,1080,not stated,no,12800000,04/08/2026,#######
Garki,Abuja,flat,1,1,,not stated,no,1800000,08/08/2026,#######
Magodo,Lagos,mansion,5,4,,not stated,not stated,13300000,03/08/2026,#######
Lugbe,Abuja,flat,4,5,773,not stated,yes,5000000,17/08/2026,#######
Katampe,Abuja,duplex,2,3,44,not stated,yes,3300000,13/08/2026,#######
Opebi,Lagos,flat,2,1,58,not stated,yes,3100000,11/08/2026,#######
Lokogoma,Abuja,penthouse,4,4,412,no,yes,6100000,15/08/2026,#######
Mabushi,Abuja,bungalow,3,4,759,no,not stated,3400000,10/08/2026,#######
Apo,Abuja,mansion,3,4,524,yes,yes,7300000,15/08/2026,#######
Ikeja GRA,Lagos,mansion,3,2,634,no,not stated,11200000,14/08/2026,#######
Surulere,Lagos,bungalow,2,3,63,no,not stated,2500000,06/08/2026,#######
Maitama,Abuja,bungalow,3,4,,yes,no,7300000,12/08/2026,#######
Ikoyi,Lagos,duplex,3,2,,not stated,not stated,6400000,15/08/2026,#######
Apo,Abuja,self-contain,0,1,98,yes,yes,1300000,17/08/2026,#######
Ikoyi,Lagos,mansion,4,3,975,no,no,15100000,10/08/2026,#######
Life Camp,Abuja,penthouse,4,3,693,yes,no,6600000,07/08/2026,#######
Allen,Lagos,bungalow,2,1,58,not stated,not stated,3200000,16/08/2026,#######
Garki,Abuja,penthouse,2,2,136,yes,yes,4400000,06/08/2026,#######
Asokoro,Abuja,terrace,4,4,739,no,no,6200000,12/08/2026,#######
Yaba,Lagos,mansion,5,6,1006,not stated,not stated,8900000,14/08/2026,#######
Garki,Abuja,mansion,5,4,,not stated,no,7700000,14/08/2026,#######
Wuse 1,Abuja,flat,3,4,162,no,no,4700000,04/08/2026,#######
Asokoro,Abuja,terrace,3,2,223,not stated,yes,6800000,15/08/2026,#######
Maryland,Lagos,duplex,2,3,96,yes,yes,2500000,09/08/2026,#######
Garki,Abuja,mansion,2,2,742,no,no,6200000,17/08/2026,#######
Ikeja GRA,Lagos,duplex,4,5,,yes,yes,4700000,01/08/2026,#######
Lekki Phase 2,Lagos,mansion,4,5,910,yes,not stated,8500000,07/08/2026,#######
Lugbe,Abuja,self-contain,0,1,119,no,yes,1100000,15/08/2026,#######
Dutse,Abuja,mansion,1,1,542,not stated,not stated,6100000,02/08/2026,#######
Allen,Lagos,self-contain,0,1,80,not stated,no,600000,03/08/2026,#######
Apo,Abuja,mansion,1,1,514,yes,no,5800000,08/08/2026,#######
VGC,Lagos,penthouse,2,3,118,yes,yes,7300000,18/08/2026,#######
Mabushi,Abuja,mansion,5,5,1003,no,not stated,8300000,03/08/2026,#######
Ikeja GRA,Lagos,duplex,6,5,,yes,not stated,6600000,02/08/2026,#######
Gbagada,Lagos,mansion,2,2,1136,yes,not stated,5500000,02/08/2026,#######
Maitama,Abuja,penthouse,3,2,435,no,no,11300000,12/08/2026,#######
Gbagada,Lagos,flat,2,3,137,not stated,no,2900000,12/08/2026,#######
Apo,Abuja,terrace,2,3,45,yes,no,3500000,12/08/2026,#######
Jahi,Abuja,duplex,2,3,70,no,yes,5300000,15/08/2026,#######
VGC,Lagos,terrace,4,5,699,yes,no,6000000,17/08/2026,#######
Dutse,Abuja,duplex,3,3,432,not stated,no,3600000,03/08/2026,#######
Asokoro,Abuja,duplex,1,2,118,no,no,5500000,16/08/2026,#######
Gbagada,Lagos,mansion,5,6,1159,not stated,not stated,8800000,17/08/2026,#######
Ilupeju,Lagos,self-contain,0,1,81,yes,no,-100000,04/08/2026,#######
Asokoro,Abuja,self-contain,0,1,52,no,yes,1900000,16/08/2026,#######
Katampe,Abuja,penthouse,2,3,131,not stated,no,3600000,15/08/2026,#######
VGC,Lagos,terrace,5,6,,not stated,not stated,6300000,15/08/2026,#######
Opebi,Lagos,self-contain,0,1,138,no,no,300000,01/08/2026,#######
Victoria Island,Lagos,duplex,2,3,43,yes,yes,4200000,08/08/2026,#######
Yaba,Lagos,duplex,1,2,,no,not stated,2000000,03/08/2026,#######
Apo,Abuja,penthouse,2,3,112,not stated,yes,5100000,09/08/2026,#######
Victoria Island,Lagos,self-contain,0,1,67,no,not stated,800000,04/08/2026,#######
Allen,Lagos,self-contain,0,1,91,not stated,not stated,400000,13/08/2026,#######
Allen,Lagos,flat,1,2,110,no,no,2300000,03/08/2026,#######
Lugbe,Abuja,mansion,3,4,1020,no,yes,6000000,12/08/2026,#######
Maryland,Lagos,duplex,1,2,48,yes,not stated,2000000,16/08/2026,#######
Maitama,Abuja,duplex,3,2,,no,not stated,5400000,17/08/2026,#######
Magodo,Lagos,penthouse,2,3,75,not stated,not stated,6100000,16/08/2026,#######
Ojodu Berger,Lagos,penthouse,2,3,112,yes,yes,4800000,03/08/2026,#######
Yaba,Lagos,duplex,5,6,789,yes,no,5700000,14/08/2026,#######
Asokoro,Abuja,terrace,5,4,,yes,no,7100000,17/08/2026,#######
VGC,Lagos,bungalow,4,3,558,yes,not stated,6600000,14/08/2026,#######
Maitama,Abuja,self-contain,0,1,,no,no,2000000,16/08/2026,#######
Lugbe,Abuja,duplex,6,5,745,yes,no,6800000,11/08/2026,#######
Lekki Phase 2,Lagos,terrace,5,6,637,yes,not stated,4800000,02/08/2026,#######
Yaba,Lagos,mansion,2,1,1117,yes,no,5900000,03/08/2026,#######
Asokoro,Abuja,flat,2,2,55,yes,yes,6000000,14/08/2026,#######
Ajah,Lagos,penthouse,2,1,72,yes,yes,4100000,10/08/2026,#######
Amuwo Odofin,Lagos,bungalow,2,3,72,yes,no,3600000,09/08/2026,#######
Dutse,Abuja,flat,1,1,93,no,yes,1300000,08/08/2026,#######
Gwarinpa,Abuja,terrace,4,4,,yes,yes,5300000,15/08/2026,#######
Apo,Abuja,flat,5,4,,yes,no,6000000,08/08/2026,#######
Lekki Phase 2,Lagos,penthouse,3,3,543,no,not stated,4700000,01/08/2026,#######
Wuse 2,Abuja,flat,2,3,58,not stated,not stated,5800000,07/08/2026,#######
Ikeja GRA,Lagos,self-contain,0,1,89,yes,no,1000000,17/08/2026,#######
Gwarinpa,Abuja,penthouse,3,2,267,not stated,not stated,9500000,07/08/2026,#######
Lugbe,Abuja,duplex,2,3,90,no,yes,3400000,07/08/2026,#######
Mabushi,Abuja,penthouse,2,1,103,yes,no,4900000,06/08/2026,#######
Apo,Abuja,duplex,5,4,,yes,not stated,4700000,18/08/2026,#######
Maitama,Abuja,self-contain,0,1,55,no,no,2100000,13/08/2026,#######
Victoria Island,Lagos,penthouse,2,2,70,no,yes,9300000,17/08/2026,#######
Jahi,Abuja,bungalow,4,4,289,yes,not stated,6700000,11/08/2026,#######
Lugbe,Abuja,self-contain,0,1,113,yes,yes,1400000,18/08/2026,#######
Victoria Island,Lagos,flat,3,3,746,no,yes,6600000,10/08/2026,#######
Life Camp,Abuja,duplex,5,5,360,not stated,no,6100000,07/08/2026,#######
Dutse,Abuja,mansion,6,6,904,yes,yes,8500000,10/08/2026,#######
VGC,Lagos,penthouse,3,4,534,yes,yes,7400000,16/08/2026,#######
Festac,Lagos,terrace,1,1,118,not stated,yes,2800000,05/08/2026,#######
Gbagada,Lagos,mansion,2,3,1118,no,no,5100000,11/08/2026,#######
Magodo,Lagos,flat,3,4,,yes,no,4800000,16/08/2026,#######
Sangotedo,Lagos,bungalow,5,4,303,not stated,yes,5800000,04/08/2026,#######
Amuwo Odofin,Lagos,flat,5,5,162,not stated,yes,4900000,11/08/2026,#######
Wuse 2,Abuja,duplex,4,5,,no,not stated,7900000,09/08/2026,#######
Victoria Island,Lagos,self-contain,0,1,145,yes,no,800000,12/08/2026,#######
Dutse,Abuja,self-contain,0,1,43,no,yes,1100000,02/08/2026,#######
Opebi,Lagos,duplex,5,5,303,yes,no,5200000,14/08/2026,#######
Wuse 1,Abuja,bungalow,2,1,,no,no,2800000,07/08/2026,#######
Yaba,Lagos,mansion,1,1,,no,yes,4800000,11/08/2026,#######
Apo,Abuja,bungalow,3,2,557,not stated,yes,4200000,04/08/2026,#######
Dutse,Abuja,duplex,2,3,56,not stated,yes,2800000,10/08/2026,#######
Lekki Phase 2,Lagos,flat,2,1,82,no,no,3600000,12/08/2026,#######
Life Camp,Abuja,penthouse,2,3,,not stated,not stated,4900000,17/08/2026,#######
Gbagada,Lagos,bungalow,1,1,,not stated,yes,1300000,11/08/2026,#######
Lugbe,Abuja,bungalow,2,1,115,not stated,no,3400000,03/08/2026,#######
VGC,Lagos,flat,6,7,291,not stated,no,7500000,08/08/2026,#######
Apo,Abuja,penthouse,1,2,144,not stated,no,4600000,01/08/2026,#######
Lugbe,Abuja,self-contain,0,1,90,no,not stated,1600000,16/08/2026,#######
Lugbe,Abuja,self-contain,0,1,137,yes,not stated,200000,02/08/2026,#######
Gbagada,Lagos,terrace,2,3,147,no,yes,3200000,13/08/2026,#######
Wuse 2,Abuja,self-contain,0,1,131,not stated,no,2500000,07/08/2026,#######
Dutse,Abuja,self-contain,0,1,147,yes,not stated,1100000,11/08/2026,#######
Festac,Lagos,mansion,1,1,1092,yes,not stated,5400000,09/08/2026,#######
Dutse,Abuja,terrace,5,6,,yes,yes,5600000,13/08/2026,#######
Apo,Abuja,penthouse,2,2,125,not stated,no,3700000,04/08/2026,#######
Gbagada,Lagos,duplex,3,3,487,not stated,not stated,4000000,13/08/2026,#######
VGC,Lagos,terrace,3,3,255,no,not stated,5700000,06/08/2026,#######
Ikoyi,Lagos,penthouse,3,2,546,not stated,no,11200000,09/08/2026,#######
Wuse 1,Abuja,mansion,4,5,,not stated,yes,7900000,12/08/2026,#######
Festac,Lagos,terrace,3,2,428,not stated,yes,2900000,01/08/2026,#######
Ikeja GRA,Lagos,terrace,3,3,611,yes,not stated,5500000,07/08/2026,#######
Wuse 1,Abuja,bungalow,3,4,622,yes,no,3800000,16/08/2026,#######
Ajah,Lagos,mansion,3,3,767,no,no,7100000,10/08/2026,#######
Guzape,Abuja,bungalow,3,2,399,not stated,yes,6000000,11/08/2026,#######
Life Camp,Abuja,flat,2,2,145,not stated,not stated,4000000,03/08/2026,#######
Ilupeju,Lagos,self-contain,0,1,,no,not stated,300000,09/08/2026,#######
Guzape,Abuja,flat,3,3,431,not stated,not stated,5500000,16/08/2026,#######
Katampe,Abuja,mansion,3,4,957,not stated,no,6700000,12/08/2026,#######
Ajah,Lagos,penthouse,4,5,715,yes,yes,6800000,03/08/2026,#######
Festac,Lagos,terrace,1,1,87,no,yes,1800000,08/08/2026,#######
Guzape,Abuja,self-contain,0,1,150,no,not stated,1200000,16/08/2026,#######
Katampe,Abuja,mansion,3,3,,yes,no,7100000,07/08/2026,#######
Lekki Phase 1,Lagos,terrace,4,3,,not stated,no,5800000,17/08/2026,#######
Sangotedo,Lagos,self-contain,0,1,71,not stated,not stated,800000,10/08/2026,#######
Ojodu Berger,Lagos,terrace,6,6,671,yes,not stated,5600000,11/08/2026,#######
Lokogoma,Abuja,bungalow,4,4,761,yes,no,5200000,05/08/2026,#######
Wuse 2,Abuja,terrace,2,2,,no,not stated,5400000,09/08/2026,#######
Mabushi,Abuja,bungalow,2,2,57,no,not stated,2900000,07/08/2026,#######
Life Camp,Abuja,penthouse,2,1,130,no,not stated,4900000,16/08/2026,#######
Wuse 1,Abuja,penthouse,2,1,78,no,not stated,4400000,01/08/2026,#######
Apo,Abuja,terrace,1,1,,yes,no,1300000,13/08/2026,#######
Ikeja GRA,Lagos,self-contain,0,1,,no,no,700000,06/08/2026,#######
Gwarinpa,Abuja,terrace,5,6,592,yes,yes,7800000,13/08/2026,#######
Gbagada,Lagos,flat,3,4,451,no,no,3100000,13/08/2026,#######
Allen,Lagos,penthouse,3,3,174,no,yes,4700000,01/08/2026,#######
Apo,Abuja,mansion,2,1,742,yes,not stated,6700000,02/08/2026,#######
Wuse 1,Abuja,terrace,4,4,,not stated,no,4300000,03/08/2026,#######
Maryland,Lagos,duplex,2,1,135,yes,no,3300000,16/08/2026,#######
Maryland,Lagos,penthouse,4,5,162,not stated,not stated,5300000,17/08/2026,#######
Ilupeju,Lagos,duplex,2,2,,no,not stated,2700000,03/08/2026,#######
Wuse 1,Abuja,terrace,2,3,,no,not stated,3800000,17/08/2026,#######
Yaba,Lagos,self-contain,0,1,131,yes,not stated,300000,01/08/2026,#######
Lokogoma,Abuja,terrace,2,2,82,no,no,2700000,12/08/2026,#######
Dutse,Abuja,duplex,1,1,133,no,no,2800000,16/08/2026,#######
Ikoyi,Lagos,penthouse,2,3,132,not stated,not stated,9700000,08/08/2026,#######
Lekki Phase 2,Lagos,bungalow,3,2,159,yes,not stated,3400000,01/08/2026,#######
Magodo,Lagos,self-contain,0,1,149,not stated,not stated,1600000,10/08/2026,#######
Ilupeju,Lagos,duplex,2,3,,not stated,no,3600000,09/08/2026,#######
Lugbe,Abuja,self-contain,0,1,108,not stated,no,1200000,02/08/2026,#######
Sangotedo,Lagos,self-contain,0,1,79,not stated,not stated,1500000,14/08/2026,#######
Magodo,Lagos,mansion,2,3,,not stated,yes,9800000,14/08/2026,#######
Ajah,Lagos,self-contain,0,1,101,no,yes,400000,12/08/2026,#######
Asokoro,Abuja,flat,2,1,123,no,not stated,5100000,02/08/2026,#######
Lugbe,Abuja,terrace,2,2,,yes,no,2100000,03/08/2026,#######
Dutse,Abuja,mansion,1,2,1014,yes,yes,5400000,01/08/2026,#######
Asokoro,Abuja,self-contain,0,1,108,no,not stated,2100000,01/08/2026,#######
Ojodu Berger,Lagos,penthouse,1,1,,yes,no,3600000,03/08/2026,#######
Gwarinpa,Abuja,self-contain,0,1,149,not stated,no,1900000,07/08/2026,#######
Lekki Phase 2,Lagos,terrace,3,4,,no,yes,3100000,03/08/2026,#######
Garki,Abuja,penthouse,6,6,658,yes,no,8300000,09/08/2026,#######
Maitama,Abuja,bungalow,5,6,515,yes,not stated,7100000,11/08/2026,#######
Life Camp,Abuja,bungalow,5,4,,no,no,4700000,13/08/2026,#######
Gbagada,Lagos,mansion,2,2,1018,no,no,6600000,17/08/2026,#######
Gwarinpa,Abuja,penthouse,2,1,79,no,yes,8300000,04/08/2026,#######
Apo,Abuja,mansion,2,2,,yes,yes,5200000,16/08/2026,#######
Ikoyi,Lagos,terrace,2,3,,not stated,no,5400000,15/08/2026,#######
Wuse 1,Abuja,flat,1,1,141,no,no,2200000,12/08/2026,#######
Jahi,Abuja,penthouse,1,2,143,no,no,7300000,06/08/2026,#######
Ikeja GRA,Lagos,mansion,2,3,1140,yes,no,10900000,11/08/2026,#######
Ikeja GRA,Lagos,penthouse,3,4,286,no,yes,7300000,08/08/2026,#######
Katampe,Abuja,self-contain,0,1,67,not stated,yes,100000,10/08/2026,#######
Dutse,Abuja,duplex,3,3,683,no,no,3400000,08/08/2026,#######
Dutse,Abuja,flat,5,6,488,yes,not stated,5100000,09/08/2026,#######
Dutse,Abuja,terrace,4,4,782,no,no,5200000,01/08/2026,#######
Surulere,Lagos,mansion,5,5,748,not stated,no,8800000,17/08/2026,#######
Victoria Island,Lagos,mansion,3,4,836,yes,yes,14600000,12/08/2026,#######
Surulere,Lagos,mansion,2,3,,yes,no,5200000,13/08/2026,#######
Allen,Lagos,duplex,4,5,361,no,no,3900000,05/08/2026,#######
Surulere,Lagos,bungalow,6,7,160,yes,yes,6200000,02/08/2026,#######
Lugbe,Abuja,terrace,3,2,,no,no,4100000,18/08/2026,#######
Life Camp,Abuja,mansion,2,3,,no,no,7000000,07/08/2026,#######
Victoria Island,Lagos,terrace,2,2,75,no,no,4400000,17/08/2026,#######
Wuse 2,Abuja,mansion,4,4,534,no,not stated,16800000,04/08/2026,#######
Ikeja,Lagos,terrace,3,3,403,not stated,no,3700000,02/08/2026,#######
Maryland,Lagos,flat,2,3,138,not stated,not stated,2200000,10/08/2026,#######
Katampe,Abuja,terrace,4,5,333,no,yes,4300000,08/08/2026,#######
Magodo,Lagos,self-contain,0,1,75,not stated,no,1200000,08/08/2026,#######
Jahi,Abuja,flat,2,2,120,not stated,not stated,4600000,07/08/2026,#######
Ikeja,Lagos,duplex,5,4,479,no,not stated,5800000,13/08/2026,#######
Maryland,Lagos,self-contain,0,1,,no,yes,1700000,07/08/2026,#######
Gbagada,Lagos,penthouse,5,5,291,yes,not stated,6700000,17/08/2026,#######
Yaba,Lagos,terrace,2,1,94,no,not stated,3000000,15/08/2026,#######
Ilupeju,Lagos,bungalow,2,2,77,not stated,not stated,2600000,07/08/2026,#######
Ilupeju,Lagos,self-contain,0,1,73,yes,not stated,1300000,12/08/2026,#######
Garki,Abuja,terrace,5,4,,yes,not stated,4700000,12/08/2026,#######
Wuse 2,Abuja,terrace,2,2,84,yes,no,5300000,16/08/2026,#######
Mabushi,Abuja,penthouse,5,6,737,no,no,6500000,13/08/2026,#######
Katampe,Abuja,bungalow,1,2,,no,no,3100000,14/08/2026,#######
Wuse 2,Abuja,terrace,3,3,707,yes,not stated,6900000,11/08/2026,#######
Opebi,Lagos,terrace,3,3,,no,not stated,4400000,12/08/2026,#######
Ajah,Lagos,bungalow,1,1,99,no,yes,2800000,16/08/2026,#######
Jahi,Abuja,self-contain,0,1,102,yes,not stated,700000,15/08/2026,#######
Surulere,Lagos,flat,3,4,,no,no,4200000,12/08/2026,#######
Garki,Abuja,terrace,4,5,790,yes,no,4800000,03/08/2026,#######
Jahi,Abuja,terrace,3,4,556,yes,yes,6300000,02/08/2026,#######
Life Camp,Abuja,bungalow,2,2,98,no,not stated,2100000,03/08/2026,#######
Amuwo Odofin,Lagos,mansion,2,3,1049,no,not stated,5400000,14/08/2026,#######
Gbagada,Lagos,duplex,3,2,516,not stated,yes,4300000,05/08/2026,#######
Ilupeju,Lagos,flat,3,3,544,yes,no,4400000,12/08/2026,#######
Jahi,Abuja,self-contain,0,1,,not stated,yes,2100000,04/08/2026,#######
Lugbe,Abuja,bungalow,5,4,174,no,not stated,6200000,10/08/2026,#######
Gbagada,Lagos,duplex,4,5,,yes,not stated,5000000,02/08/2026,#######
VGC,Lagos,mansion,3,2,1029,no,no,10200000,12/08/2026,#######
Opebi,Lagos,duplex,1,1,,yes,not stated,1800000,01/08/2026,#######
Wuse 1,Abuja,mansion,4,5,828,no,yes,6900000,14/08/2026,#######
Lekki Phase 2,Lagos,penthouse,2,2,88,not stated,no,5300000,01/08/2026,#######
Festac,Lagos,penthouse,3,2,348,no,no,4700000,02/08/2026,#######
Ikeja GRA,Lagos,terrace,2,3,68,no,no,4900000,13/08/2026,#######
Ilupeju,Lagos,flat,2,3,,yes,yes,2600000,18/08/2026,#######
Wuse 2,Abuja,mansion,6,7,,yes,no,19900000,13/08/2026,#######
Ikoyi,Lagos,terrace,2,3,,not stated,yes,4700000,11/08/2026,#######
Magodo,Lagos,self-contain,0,1,131,not stated,no,1100000,03/08/2026,#######
Ikeja GRA,Lagos,flat,1,1,,yes,yes,3700000,12/08/2026,#######
Surulere,Lagos,duplex,4,4,174,not stated,yes,3800000,12/08/2026,#######
Ajah,Lagos,self-contain,0,1,131,not stated,not stated,1100000,03/08/2026,#######
Mabushi,Abuja,flat,4,4,589,not stated,not stated,5200000,18/08/2026,#######
Lekki Phase 1,Lagos,self-contain,0,1,137,yes,yes,400000,11/08/2026,#######
Ikeja,Lagos,penthouse,2,2,51,not stated,not stated,5200000,12/08/2026,#######
Apo,Abuja,penthouse,2,3,76,not stated,yes,3900000,06/08/2026,#######
Guzape,Abuja,terrace,6,6,266,not stated,yes,8700000,05/08/2026,#######
Opebi,Lagos,mansion,2,3,1042,not stated,no,6400000,15/08/2026,#######
VGC,Lagos,duplex,5,5,,no,no,7400000,04/08/2026,#######
Festac,Lagos,terrace,2,1,44,no,not stated,2900000,05/08/2026,#######
Allen,Lagos,duplex,4,5,251,not stated,not stated,4200000,18/08/2026,#######
Wuse 1,Abuja,terrace,6,7,357,yes,no,6400000,07/08/2026,#######
Katampe,Abuja,duplex,4,3,794,yes,yes,5300000,13/08/2026,#######
Ikeja GRA,Lagos,terrace,3,4,739,not stated,yes,5400000,17/08/2026,#######
Mabushi,Abuja,terrace,3,4,565,yes,yes,4800000,16/08/2026,#######
Dutse,Abuja,mansion,5,6,612,yes,no,9000000,10/08/2026,#######
Victoria Island,Lagos,terrace,1,1,,not stated,yes,4800000,07/08/2026,#######
Lekki Phase 1,Lagos,bungalow,5,4,314,no,not stated,7200000,18/08/2026,#######
Festac,Lagos,bungalow,3,2,660,not stated,not stated,3800000,08/08/2026,#######
Magodo,Lagos,mansion,1,1,743,no,no,9400000,09/08/2026,#######
Lugbe,Abuja,mansion,3,4,1046,yes,yes,6400000,14/08/2026,#######
Allen,Lagos,flat,1,1,134,yes,no,1900000,17/08/2026,#######
Lokogoma,Abuja,bungalow,4,4,398,not stated,no,5300000,10/08/2026,#######
Victoria Island,Lagos,bungalow,4,5,,yes,not stated,7100000,03/08/2026,#######
Guzape,Abuja,mansion,3,2,,no,no,13700000,15/08/2026,#######
Mabushi,Abuja,duplex,2,1,128,not stated,yes,3400000,03/08/2026,#######
Amuwo Odofin,Lagos,bungalow,3,3,553,no,no,4700000,16/08/2026,#######
Lokogoma,Abuja,mansion,2,3,844,not stated,not stated,5300000,02/08/2026,#######
Life Camp,Abuja,bungalow,5,5,,no,not stated,5600000,08/08/2026,#######
Ikoyi,Lagos,self-contain,0,1,,not stated,yes,1400000,13/08/2026,#######
Wuse 1,Abuja,bungalow,3,2,206,not stated,no,4100000,01/08/2026,#######
Mabushi,Abuja,penthouse,2,1,84,yes,not stated,5000000,17/08/2026,#######
Gbagada,Lagos,bungalow,2,2,130,no,not stated,4000000,06/08/2026,#######
Victoria Island,Lagos,duplex,2,1,,not stated,yes,5900000,03/08/2026,#######
Ikeja,Lagos,bungalow,4,5,,yes,not stated,3700000,11/08/2026,#######
Guzape,Abuja,mansion,2,2,,no,not stated,11500000,09/08/2026,#######
Maitama,Abuja,penthouse,3,4,670,not stated,not stated,10600000,13/08/2026,#######
Ikeja GRA,Lagos,penthouse,2,1,51,no,yes,7600000,18/08/2026,#######
Dutse,Abuja,mansion,2,1,1006,no,no,5100000,13/08/2026,#######
Apo,Abuja,terrace,2,1,51,not stated,no,2100000,14/08/2026,#######
Wuse 1,Abuja,bungalow,5,5,,no,yes,5500000,14/08/2026,#######
Life Camp,Abuja,terrace,3,4,211,no,yes,4800000,05/08/2026,#######
Ikoyi,Lagos,penthouse,3,4,530,not stated,no,10500000,09/08/2026,#######
Sangotedo,Lagos,duplex,2,2,,yes,yes,2400000,09/08/2026,#######
Wuse 2,Abuja,terrace,2,1,101,yes,not stated,5800000,08/08/2026,#######
Asokoro,Abuja,penthouse,2,2,,no,no,10800000,04/08/2026,#######
Surulere,Lagos,penthouse,2,2,117,yes,no,4800000,08/08/2026,#######
Dutse,Abuja,self-contain,0,1,110,no,not stated,400000,12/08/2026,#######
Jahi,Abuja,bungalow,4,3,510,yes,yes,5900000,08/08/2026,#######
Ajah,Lagos,terrace,3,3,588,not stated,not stated,3300000,07/08/2026,#######
Maitama,Abuja,bungalow,6,6,,yes,no,8900000,17/08/2026,#######
Dutse,Abuja,terrace,3,2,382,no,not stated,4700000,17/08/2026,#######
Victoria Island,Lagos,bungalow,3,4,676,yes,no,6700000,15/08/2026,#######
Wuse 2,Abuja,flat,3,3,276,yes,not stated,7300000,14/08/2026,#######
Katampe,Abuja,penthouse,3,3,609,no,not stated,6000000,17/08/2026,#######
Katampe,Abuja,terrace,2,2,,not stated,yes,3500000,09/08/2026,#######
Ajah,Lagos,bungalow,4,4,,yes,no,5200000,15/08/2026,#######
Ilupeju,Lagos,terrace,2,1,,yes,no,3600000,04/08/2026,#######
Life Camp,Abuja,self-contain,0,1,,yes,yes,1000000,08/08/2026,#######
Gwarinpa,Abuja,terrace,3,3,,no,not stated,4900000,01/08/2026,#######
Festac,Lagos,mansion,2,3,556,not stated,no,5500000,15/08/2026,#######
Mabushi,Abuja,penthouse,4,5,300,yes,not stated,6600000,11/08/2026,#######
Ajah,Lagos,mansion,2,2,,yes,no,6100000,02/08/2026,#######
Victoria Island,Lagos,duplex,1,2,79,no,yes,3700000,18/08/2026,#######
Festac,Lagos,mansion,2,3,991,yes,not stated,6300000,03/08/2026,#######
Apo,Abuja,flat,3,2,,no,yes,3500000,17/08/2026,#######
Ikoyi,Lagos,mansion,3,2,,yes,no,15100000,08/08/2026,#######
Lokogoma,Abuja,bungalow,3,2,,no,yes,3300000,17/08/2026,#######
Asokoro,Abuja,bungalow,2,1,,no,not stated,5800000,13/08/2026,#######
Wuse 2,Abuja,penthouse,4,4,551,not stated,not stated,12500000,15/08/2026,#######
Ajah,Lagos,self-contain,0,1,77,no,yes,1100000,08/08/2026,#######
Jahi,Abuja,terrace,3,3,227,not stated,yes,5200000,15/08/2026,#######
Wuse 1,Abuja,mansion,2,3,704,yes,yes,6800000,03/08/2026,#######
Yaba,Lagos,flat,1,1,,not stated,not stated,1300000,04/08/2026,#######
Lekki Phase 1,Lagos,self-contain,0,1,139,yes,not stated,900000,01/08/2026,#######
Ikeja,Lagos,mansion,2,2,,not stated,not stated,6000000,04/08/2026,#######
Jahi,Abuja,mansion,3,4,,not stated,no,13600000,18/08/2026,#######
Sangotedo,Lagos,mansion,4,4,,yes,yes,8600000,09/08/2026,#######
Allen,Lagos,terrace,3,4,303,yes,yes,2900000,02/08/2026,#######
Lekki Phase 2,Lagos,duplex,3,4,490,yes,yes,4200000,13/08/2026,#######
Mabushi,Abuja,penthouse,2,3,58,yes,no,5100000,01/08/2026,#######
Ikoyi,Lagos,flat,3,2,683,yes,yes,6300000,15/08/2026,#######
Maitama,Abuja,bungalow,2,2,115,not stated,no,5700000,12/08/2026,#######
Magodo,Lagos,penthouse,5,4,695,yes,not stated,9700000,01/08/2026,#######
Guzape,Abuja,penthouse,5,4,387,not stated,no,10600000,04/08/2026,#######
Ikeja,Lagos,self-contain,0,1,97,no,yes,1200000,16/08/2026,#######
Ojodu Berger,Lagos,self-contain,0,1,,no,no,300000,06/08/2026,#######
Victoria Island,Lagos,terrace,5,6,505,no,yes,6700000,17/08/2026,#######
Victoria Island,Lagos,terrace,3,3,,yes,not stated,6000000,03/08/2026,#######
Ikeja,Lagos,penthouse,4,5,,yes,not stated,5400000,06/08/2026,#######
Ikeja GRA,Lagos,flat,2,3,67,yes,not stated,3200000,10/08/2026,#######
Festac,Lagos,terrace,3,2,453,yes,no,3600000,12/08/2026,#######
Maryland,Lagos,duplex,2,1,,not stated,yes,3600000,12/08/2026,#######
Victoria Island,Lagos,self-contain,0,1,66,not stated,no,1100000,07/08/2026,#######
Ikoyi,Lagos,duplex,3,4,295,yes,yes,5800000,11/08/2026,#######
Dutse,Abuja,self-contain,0,1,119,yes,yes,1200000,10/08/2026,#######
Yaba,Lagos,self-contain,0,1,132,no,yes,0,16/08/2026,#######
Ajah,Lagos,terrace,2,3,46,not stated,yes,3500000,03/08/2026,#######
Katampe,Abuja,flat,3,3,208,not stated,no,3400000,15/08/2026,#######
Magodo,Lagos,self-contain,0,1,,yes,not stated,700000,09/08/2026,#######
Jahi,Abuja,terrace,3,4,649,not stated,no,4700000,01/08/2026,#######
Amuwo Odofin,Lagos,flat,3,2,770,no,not stated,4300000,07/08/2026,#######
Dutse,Abuja,mansion,2,1,1101,not stated,yes,5400000,07/08/2026,#######
Mabushi,Abuja,terrace,1,2,113,not stated,no,2100000,08/08/2026,#######
Wuse 2,Abuja,self-contain,0,1,54,not stated,no,1300000,17/08/2026,#######
Amuwo Odofin,Lagos,flat,3,4,679,yes,no,3300000,17/08/2026,#######
Gwarinpa,Abuja,mansion,2,3,770,not stated,yes,12500000,12/08/2026,#######
Yaba,Lagos,mansion,2,1,994,no,no,5600000,09/08/2026,#######
Mabushi,Abuja,bungalow,3,2,,not stated,not stated,4500000,04/08/2026,#######
Jahi,Abuja,flat,3,2,,not stated,not stated,4800000,04/08/2026,#######
Victoria Island,Lagos,mansion,4,5,759,not stated,no,16300000,17/08/2026,#######
Lekki Phase 2,Lagos,flat,3,3,279,not stated,not stated,3700000,08/08/2026,#######
Lekki Phase 1,Lagos,duplex,3,4,723,not stated,yes,5000000,12/08/2026,#######
Victoria Island,Lagos,penthouse,2,1,75,no,yes,8900000,14/08/2026,#######
Lugbe,Abuja,flat,4,4,,yes,no,3700000,09/08/2026,#######
Ikeja,Lagos,bungalow,3,4,471,yes,not stated,3300000,07/08/2026,#######
Maitama,Abuja,penthouse,5,5,158,yes,no,13800000,04/08/2026,#######
Katampe,Abuja,mansion,5,5,810,not stated,no,8800000,08/08/2026,#######
Ikeja GRA,Lagos,self-contain,0,1,139,yes,yes,1900000,02/08/2026,#######
Maitama,Abuja,duplex,3,4,459,not stated,yes,6200000,07/08/2026,#######
Garki,Abuja,penthouse,5,5,,not stated,no,7800000,13/08/2026,#######
Mabushi,Abuja,bungalow,3,4,259,not stated,yes,3300000,12/08/2026,#######
Ojodu Berger,Lagos,mansion,3,4,981,no,no,6000000,10/08/2026,#######
Gwarinpa,Abuja,penthouse,3,3,,not stated,no,10000000,03/08/2026,#######
VGC,Lagos,bungalow,2,1,,yes,no,3100000,04/08/2026,#######
Opebi,Lagos,penthouse,1,1,,not stated,yes,3100000,05/08/2026,#######
Apo,Abuja,mansion,4,4,1199,no,yes,7900000,05/08/2026,#######
Gwarinpa,Abuja,terrace,6,5,150,yes,not stated,7800000,01/08/2026,#######
Surulere,Lagos,penthouse,1,1,40,no,not stated,4500000,17/08/2026,#######
Surulere,Lagos,self-contain,0,1,,no,no,1200000,11/08/2026,#######
Mabushi,Abuja,duplex,4,4,655,yes,no,3900000,16/08/2026,#######
Lekki Phase 2,Lagos,penthouse,3,3,315,yes,no,6300000,13/08/2026,#######
Ojodu Berger,Lagos,mansion,2,1,649,yes,no,5900000,16/08/2026,#######
Guzape,Abuja,duplex,2,1,,yes,yes,5000000,05/08/2026,#######
Ikoyi,Lagos,penthouse,4,4,552,not stated,yes,12100000,18/08/2026,#######
Gbagada,Lagos,flat,4,3,168,no,not stated,4100000,17/08/2026,#######
Festac,Lagos,self-contain,0,1,47,yes,no,0,01/08/2026,#######
Lugbe,Abuja,flat,2,1,135,not stated,not stated,3800000,18/08/2026,#######
Lugbe,Abuja,mansion,3,3,509,yes,no,6100000,18/08/2026,#######
Ikeja,Lagos,flat,5,5,,no,not stated,4600000,11/08/2026,#######
Mabushi,Abuja,penthouse,3,2,638,not stated,not stated,5500000,04/08/2026,#######
Maryland,Lagos,bungalow,5,6,,not stated,yes,4800000,05/08/2026,#######
Gwarinpa,Abuja,duplex,5,6,,yes,no,6900000,15/08/2026,#######
Ikeja,Lagos,terrace,3,2,233,yes,not stated,3500000,10/08/2026,#######
Gwarinpa,Abuja,bungalow,5,5,735,not stated,yes,6600000,06/08/2026,#######
Maitama,Abuja,bungalow,2,3,75,no,yes,5500000,04/08/2026,#######
Asokoro,Abuja,duplex,4,4,350,yes,not stated,7900000,15/08/2026,#######
Asokoro,Abuja,penthouse,2,3,,no,not stated,11200000,01/08/2026,#######
Victoria Island,Lagos,flat,2,2,140,not stated,not stated,5000000,07/08/2026,#######
Surulere,Lagos,self-contain,0,1,131,no,no,1100000,03/08/2026,#######
VGC,Lagos,self-contain,0,1,,no,yes,600000,17/08/2026,#######
Gbagada,Lagos,mansion,2,1,911,not stated,not stated,6300000,16/08/2026,#######
Yaba,Lagos,bungalow,5,4,627,yes,yes,5400000,02/08/2026,#######
Maitama,Abuja,flat,4,3,391,no,yes,6800000,07/08/2026,#######
Ilupeju,Lagos,flat,2,2,126,not stated,no,3500000,07/08/2026,#######
Wuse 1,Abuja,bungalow,3,4,251,no,no,3800000,15/08/2026,#######
Dutse,Abuja,self-contain,0,1,145,yes,yes,-100000,01/08/2026,#######
Katampe,Abuja,flat,1,2,55,no,not stated,1700000,02/08/2026,#######
Lekki Phase 1,Lagos,mansion,2,1,859,yes,yes,13700000,08/08/2026,#######
Jahi,Abuja,mansion,6,6,655,no,yes,15700000,13/08/2026,#######
Mabushi,Abuja,penthouse,4,4,,yes,not stated,5600000,14/08/2026,#######
Surulere,Lagos,mansion,2,2,,not stated,yes,6600000,15/08/2026,#######
Lekki Phase 2,Lagos,duplex,3,4,599,yes,yes,3200000,02/08/2026,#######
Amuwo Odofin,Lagos,self-contain,0,1,150,not stated,not stated,200000,13/08/2026,#######
Gbagada,Lagos,flat,2,2,91,not stated,no,3800000,14/08/2026,#######
Gbagada,Lagos,penthouse,2,2,129,yes,no,4500000,03/08/2026,#######
Mabushi,Abuja,flat,2,3,40,not stated,yes,4000000,15/08/2026,#######
Gbagada,Lagos,mansion,2,3,619,no,yes,7000000,10/08/2026,#######
Ikoyi,Lagos,terrace,5,6,617,not stated,no,7800000,01/08/2026,#######
Ojodu Berger,Lagos,duplex,4,5,,yes,no,4900000,18/08/2026,#######
Lekki Phase 1,Lagos,flat,4,5,570,no,yes,5800000,14/08/2026,#######
VGC,Lagos,penthouse,2,1,150,not stated,not stated,6100000,16/08/2026,#######
Ilupeju,Lagos,penthouse,3,2,623,yes,yes,4800000,03/08/2026,#######
Guzape,Abuja,duplex,5,4,297,yes,no,6700000,01/08/2026,#######
Wuse 1,Abuja,terrace,3,2,166,yes,no,4600000,16/08/2026,#######
Lugbe,Abuja,flat,4,3,333,not stated,yes,5500000,05/08/2026,#######
Garki,Abuja,duplex,2,1,74,no,yes,3400000,02/08/2026,#######
Maitama,Abuja,penthouse,5,4,304,not stated,yes,14100000,14/08/2026,#######
Magodo,Lagos,duplex,1,1,40,no,not stated,3900000,03/08/2026,#######
Wuse 1,Abuja,mansion,4,4,,yes,not stated,7600000,15/08/2026,#######
Gwarinpa,Abuja,duplex,2,3,74,not stated,not stated,5500000,14/08/2026,#######
Dutse,Abuja,mansion,2,2,,yes,yes,5100000,05/08/2026,#######
Victoria Island,Lagos,flat,2,3,112,not stated,no,5600000,04/08/2026,#######
Maitama,Abuja,penthouse,2,1,,not stated,no,10400000,07/08/2026,#######
Maitama,Abuja,flat,3,2,177,not stated,yes,6900000,09/08/2026,#######
Ikeja,Lagos,flat,1,2,43,yes,yes,2400000,12/08/2026,#######
Apo,Abuja,terrace,3,2,259,yes,not stated,3700000,17/08/2026,#######
Festac,Lagos,self-contain,0,1,42,yes,yes,0,02/08/2026,#######
Lugbe,Abuja,bungalow,6,5,737,no,yes,6500000,05/08/2026,#######
Yaba,Lagos,self-contain,0,1,76,yes,not stated,1200000,05/08/2026,#######
Guzape,Abuja,terrace,2,1,47,no,not stated,5000000,15/08/2026,#######
Amuwo Odofin,Lagos,self-contain,0,1,131,no,yes,1300000,17/08/2026,#######
Asokoro,Abuja,penthouse,1,1,,not stated,no,9200000,06/08/2026,#######
Opebi,Lagos,flat,2,2,57,not stated,yes,3200000,12/08/2026,#######
Jahi,Abuja,terrace,3,4,,not stated,not stated,4600000,07/08/2026,#######
Victoria Island,Lagos,mansion,4,3,,not stated,yes,16600000,18/08/2026,#######
Maitama,Abuja,penthouse,3,2,277,yes,no,11600000,16/08/2026,#######
Guzape,Abuja,flat,6,5,430,yes,no,8400000,16/08/2026,#######
Mabushi,Abuja,self-contain,0,1,77,yes,not stated,300000,11/08/2026,#######
Lekki Phase 1,Lagos,bungalow,6,7,408,yes,not stated,8200000,04/08/2026,#######
Ikeja GRA,Lagos,duplex,1,1,80,not stated,yes,4100000,18/08/2026,#######
Yaba,Lagos,self-contain,0,1,70,no,no,500000,04/08/2026,#######
Ajah,Lagos,self-contain,0,1,90,not stated,not stated,1400000,09/08/2026,#######
Opebi,Lagos,mansion,2,2,985,yes,not stated,6800000,07/08/2026,#######
Garki,Abuja,terrace,3,3,675,no,not stated,3800000,03/08/2026,#######
Lekki Phase 2,Lagos,duplex,3,2,267,no,yes,3000000,08/08/2026,#######
Surulere,Lagos,bungalow,3,2,641,no,yes,4300000,15/08/2026,#######
Maitama,Abuja,mansion,3,4,822,no,not stated,17700000,14/08/2026,#######
Asokoro,Abuja,penthouse,2,1,92,not stated,yes,10000000,13/08/2026,#######
Gwarinpa,Abuja,duplex,2,2,44,yes,yes,5400000,14/08/2026,#######
Ikeja GRA,Lagos,duplex,3,3,,not stated,not stated,4000000,18/08/2026,#######
Lugbe,Abuja,self-contain,0,1,131,no,not stated,1000000,18/08/2026,#######
Wuse 1,Abuja,bungalow,5,6,,no,not stated,4500000,03/08/2026,#######
Sangotedo,Lagos,bungalow,2,3,,no,no,2100000,05/08/2026,#######
Wuse 1,Abuja,mansion,2,3,,not stated,no,6000000,01/08/2026,#######
Apo,Abuja,self-contain,0,1,107,not stated,yes,1000000,12/08/2026,#######
Wuse 2,Abuja,self-contain,0,1,,yes,yes,1800000,16/08/2026,#######
Yaba,Lagos,self-contain,0,1,55,not stated,no,0,09/08/2026,#######
Jahi,Abuja,mansion,1,1,645,not stated,no,11100000,09/08/2026,#######
Asokoro,Abuja,penthouse,2,2,54,no,no,11200000,18/08/2026,#######
Dutse,Abuja,terrace,2,1,,no,no,3300000,08/08/2026,#######
Lekki Phase 1,Lagos,terrace,3,3,788,not stated,not stated,4900000,17/08/2026,#######
Gwarinpa,Abuja,self-contain,0,1,91,yes,not stated,1500000,12/08/2026,#######
Sangotedo,Lagos,flat,2,1,74,no,not stated,2600000,05/08/2026,#######
Surulere,Lagos,terrace,2,1,60,no,not stated,2900000,10/08/2026,#######
Gbagada,Lagos,mansion,4,4,792,yes,no,6900000,13/08/2026,#######
Dutse,Abuja,duplex,1,2,78,yes,no,2200000,15/08/2026,#######
Opebi,Lagos,penthouse,3,4,,yes,no,4400000,18/08/2026,#######
Ikoyi,Lagos,bungalow,2,3,114,yes,no,5700000,15/08/2026,#######
Gbagada,Lagos,self-contain,0,1,94,no,no,900000,10/08/2026,#######
Ikoyi,Lagos,mansion,1,1,,not stated,yes,14000000,02/08/2026,#######
Guzape,Abuja,duplex,3,4,647,yes,not stated,4400000,09/08/2026,#######
Sangotedo,Lagos,penthouse,1,1,139,yes,yes,3900000,13/08/2026,#######
Ikeja,Lagos,flat,3,2,626,yes,not stated,4800000,06/08/2026,#######
Maitama,Abuja,duplex,2,3,74,yes,yes,4700000,02/08/2026,#######
Life Camp,Abuja,duplex,6,5,,no,no,6600000,12/08/2026,#######
Festac,Lagos,mansion,2,3,524,not stated,not stated,5100000,04/08/2026,#######
Ajah,Lagos,mansion,2,2,,no,not stated,6200000,11/08/2026,#######
Gwarinpa,Abuja,terrace,2,1,77,no,yes,4800000,02/08/2026,#######
Amuwo Odofin,Lagos,self-contain,0,1,105,no,yes,1700000,18/08/2026,#######
Dutse,Abuja,terrace,4,5,758,yes,yes,5600000,06/08/2026,#######
Ojodu Berger,Lagos,mansion,1,2,634,no,not stated,5100000,17/08/2026,#######
Wuse 2,Abuja,duplex,2,3,,not stated,not stated,4600000,02/08/2026,#######
Victoria Island,Lagos,flat,2,1,,no,no,6000000,10/08/2026,#######
Mabushi,Abuja,flat,3,2,591,yes,yes,3000000,01/08/2026,#######
Maitama,Abuja,bungalow,3,4,685,not stated,not stated,6400000,02/08/2026,#######
Sangotedo,Lagos,self-contain,0,1,51,not stated,not stated,-100000,09/08/2026,#######
Asokoro,Abuja,self-contain,0,1,128,yes,yes,1400000,12/08/2026,#######
Lugbe,Abuja,self-contain,0,1,91,yes,not stated,1000000,02/08/2026,#######
Sangotedo,Lagos,terrace,2,2,150,no,not stated,2900000,01/08/2026,#######
Wuse 2,Abuja,flat,3,2,,no,not stated,5700000,12/08/2026,#######
Maryland,Lagos,self-contain,0,1,,not stated,not stated,200000,13/08/2026,#######
Asokoro,Abuja,bungalow,2,1,,no,no,4800000,13/08/2026,#######
Amuwo Odofin,Lagos,mansion,3,2,,no,yes,6000000,02/08/2026,#######
Gwarinpa,Abuja,mansion,2,2,,no,not stated,12600000,17/08/2026,#######
Ojodu Berger,Lagos,terrace,2,2,64,not stated,not stated,3300000,15/08/2026,#######
Ikeja GRA,Lagos,mansion,2,3,1047,yes,no,10700000,09/08/2026,#######
Life Camp,Abuja,penthouse,5,6,,yes,no,7500000,11/08/2026,#######
Lugbe,Abuja,self-contain,0,1,,not stated,yes,100000,17/08/2026,#######
Gwarinpa,Abuja,bungalow,2,3,73,no,no,5000000,12/08/2026,#######
Wuse 1,Abuja,mansion,3,4,814,not stated,no,6100000,18/08/2026,#######
Jahi,Abuja,duplex,2,3,62,no,not stated,4500000,11/08/2026,#######
Ojodu Berger,Lagos,bungalow,2,1,46,not stated,not stated,2500000,04/08/2026,#######
Allen,Lagos,terrace,2,1,,yes,yes,3400000,16/08/2026,#######
Garki,Abuja,self-contain,0,1,,no,not stated,1700000,02/08/2026,#######
Maitama,Abuja,bungalow,3,3,,no,no,7000000,01/08/2026,#######
Katampe,Abuja,terrace,1,2,144,yes,yes,2400000,11/08/2026,#######
Maryland,Lagos,mansion,2,3,534,no,yes,6700000,03/08/2026,#######
Allen,Lagos,duplex,3,3,294,not stated,no,4600000,10/08/2026,#######
Guzape,Abuja,mansion,3,3,794,yes,yes,12100000,16/08/2026,#######
Garki,Abuja,self-contain,0,1,124,yes,not stated,1200000,15/08/2026,#######
Apo,Abuja,self-contain,0,1,84,no,not stated,1600000,04/08/2026,#######
Ajah,Lagos,bungalow,3,2,664,no,not stated,4100000,07/08/2026,#######
Surulere,Lagos,mansion,3,4,1034,yes,no,6300000,09/08/2026,#######
Yaba,Lagos,penthouse,5,5,,yes,no,6100000,14/08/2026,#######
Maryland,Lagos,duplex,2,3,,no,no,3400000,04/08/2026,#######
Maitama,Abuja,penthouse,3,2,392,no,yes,10800000,09/08/2026,#######
Garki,Abuja,duplex,3,3,283,yes,not stated,4500000,09/08/2026,#######
Ilupeju,Lagos,flat,3,4,202,not stated,no,3300000,08/08/2026,#######
Wuse 1,Abuja,penthouse,2,3,131,no,no,3900000,06/08/2026,#######
Sangotedo,Lagos,mansion,6,7,,yes,yes,9700000,03/08/2026,#######
Sangotedo,Lagos,bungalow,4,5,339,no,not stated,5000000,01/08/2026,#######
Gbagada,Lagos,terrace,5,4,198,yes,no,5100000,06/08/2026,#######
Magodo,Lagos,self-contain,0,1,96,not stated,yes,800000,10/08/2026,#######
Lekki Phase 1,Lagos,duplex,6,6,728,yes,not stated,8400000,04/08/2026,#######
Mabushi,Abuja,duplex,2,1,137,not stated,no,3500000,12/08/2026,#######
Garki,Abuja,flat,2,3,,no,yes,3700000,16/08/2026,#######
Gwarinpa,Abuja,terrace,2,2,86,not stated,no,5200000,05/08/2026,#######
Lugbe,Abuja,mansion,3,4,681,not stated,yes,7600000,03/08/2026,#######
Wuse 1,Abuja,duplex,6,7,,yes,not stated,6700000,15/08/2026,#######
Allen,Lagos,bungalow,4,3,,not stated,yes,4400000,02/08/2026,#######
Jahi,Abuja,self-contain,0,1,113,not stated,yes,1600000,06/08/2026,#######
Lokogoma,Abuja,mansion,1,2,647,no,yes,5400000,12/08/2026,#######
Ilupeju,Lagos,mansion,6,5,1198,not stated,no,8500000,12/08/2026,#######
Wuse 1,Abuja,duplex,3,2,168,no,no,4800000,03/08/2026,#######
Ojodu Berger,Lagos,bungalow,3,2,647,not stated,no,3300000,04/08/2026,#######
VGC,Lagos,penthouse,5,5,,not stated,yes,9000000,03/08/2026,#######
Lokogoma,Abuja,bungalow,3,4,680,yes,no,3800000,18/08/2026,#######
Ikoyi,Lagos,mansion,2,1,,no,no,13600000,03/08/2026,#######
Maitama,Abuja,duplex,2,2,133,no,not stated,6100000,17/08/2026,#######
Gwarinpa,Abuja,flat,4,3,,no,yes,5900000,01/08/2026,#######
Gwarinpa,Abuja,flat,5,6,636,no,no,6700000,01/08/2026,#######
Allen,Lagos,self-contain,0,1,132,yes,yes,100000,07/08/2026,#######
Opebi,Lagos,flat,2,2,123,no,no,3300000,02/08/2026,#######
Gwarinpa,Abuja,bungalow,2,1,80,yes,yes,4100000,12/08/2026,#######
Asokoro,Abuja,mansion,3,2,1191,no,no,16200000,13/08/2026,#######
Ikeja GRA,Lagos,penthouse,4,4,481,yes,yes,8600000,12/08/2026,#######
Maryland,Lagos,terrace,6,6,,yes,yes,6200000,11/08/2026,#######
Dutse,Abuja,self-contain,0,1,45,not stated,not stated,1500000,09/08/2026,#######
Mabushi,Abuja,self-contain,0,1,150,no,not stated,1400000,17/08/2026,#######
Wuse 2,Abuja,flat,3,4,,no,yes,6200000,10/08/2026,#######
Life Camp,Abuja,self-contain,0,1,101,not stated,yes,-100000,04/08/2026,#######
Lekki Phase 2,Lagos,mansion,2,1,567,yes,yes,5500000,01/08/2026,#######
Surulere,Lagos,bungalow,5,5,360,yes,yes,5300000,11/08/2026,#######
Ojodu Berger,Lagos,bungalow,3,3,629,not stated,not stated,2900000,11/08/2026,#######
Opebi,Lagos,flat,3,4,,yes,not stated,4200000,15/08/2026,#######
Wuse 2,Abuja,mansion,2,3,919,no,no,16600000,09/08/2026,#######
Life Camp,Abuja,flat,4,3,,no,no,4500000,10/08/2026,#######
Surulere,Lagos,flat,6,7,,not stated,not stated,5700000,10/08/2026,#######
Maitama,Abuja,terrace,3,3,639,no,no,7000000,06/08/2026,#######
Maitama,Abuja,duplex,3,2,690,not stated,yes,7200000,07/08/2026,#######
Ajah,Lagos,mansion,4,5,668,yes,no,7500000,10/08/2026,#######
Gwarinpa,Abuja,duplex,3,2,604,not stated,not stated,5200000,02/08/2026,#######
Asokoro,Abuja,flat,3,3,277,not stated,yes,5900000,17/08/2026,#######
Katampe,Abuja,terrace,2,1,103,yes,not stated,3900000,16/08/2026,#######
Lokogoma,Abuja,mansion,3,3,,not stated,not stated,7500000,08/08/2026,#######
Lokogoma,Abuja,flat,3,3,175,yes,not stated,4000000,07/08/2026,#######
Wuse 2,Abuja,mansion,6,6,723,not stated,yes,20200000,18/08/2026,#######
Ilupeju,Lagos,self-contain,0,1,68,no,not stated,1000000,05/08/2026,#######
Wuse 2,Abuja,flat,2,1,128,no,not stated,6300000,15/08/2026,#######
Apo,Abuja,duplex,3,3,781,no,not stated,4700000,02/08/2026,#######
Gwarinpa,Abuja,bungalow,4,3,,not stated,not stated,6300000,09/08/2026,#######
Yaba,Lagos,flat,2,3,147,no,not stated,3200000,05/08/2026,#######
Life Camp,Abuja,mansion,4,5,728,yes,yes,8500000,18/08/2026,#######
Katampe,Abuja,terrace,3,4,609,not stated,no,3900000,08/08/2026,#######
Apo,Abuja,flat,3,4,332,no,not stated,4100000,10/08/2026,#######
Victoria Island,Lagos,duplex,2,2,66,not stated,not stated,4100000,08/08/2026,#######
Lugbe,Abuja,penthouse,4,4,,yes,not stated,6600000,03/08/2026,#######
Festac,Lagos,bungalow,4,5,,no,yes,4700000,14/08/2026,#######
Wuse 1,Abuja,bungalow,1,1,,yes,no,2500000,02/08/2026,#######
Wuse 2,Abuja,duplex,3,4,757,not stated,yes,6800000,11/08/2026,#######
Garki,Abuja,bungalow,1,1,44,no,not stated,1900000,04/08/2026,#######
Jahi,Abuja,bungalow,2,1,116,not stated,yes,4200000,02/08/2026,#######
Lekki Phase 2,Lagos,penthouse,3,4,204,yes,not stated,6300000,02/08/2026,#######
Dutse,Abuja,mansion,1,1,1009,not stated,not stated,6200000,16/08/2026,#######
Maryland,Lagos,mansion,3,2,923,not stated,yes,7400000,09/08/2026,#######
Amuwo Odofin,Lagos,penthouse,3,4,266,not stated,no,4600000,11/08/2026,#######
Allen,Lagos,bungalow,2,2,141,yes,not stated,3300000,18/08/2026,#######
Maitama,Abuja,flat,4,4,609,not stated,yes,7300000,12/08/2026,#######
Lugbe,Abuja,penthouse,2,2,54,no,no,4300000,05/08/2026,#######
Sangotedo,Lagos,self-contain,0,1,,not stated,no,700000,06/08/2026,#######
Amuwo Odofin,Lagos,penthouse,3,2,391,yes,not stated,6100000,11/08/2026,#######
Gwarinpa,Abuja,terrace,3,2,411,yes,no,5500000,01/08/2026,#######
Apo,Abuja,penthouse,4,3,,no,yes,5500000,01/08/2026,#######
Allen,Lagos,terrace,2,1,52,not stated,not stated,3100000,03/08/2026,#######
Ikeja,Lagos,penthouse,3,4,,yes,yes,5600000,02/08/2026,#######
Lekki Phase 1,Lagos,flat,1,2,,no,no,4000000,18/08/2026,#######
Katampe,Abuja,bungalow,3,4,468,yes,not stated,3900000,13/08/2026,#######
Lugbe,Abuja,mansion,1,1,,yes,not stated,5600000,07/08/2026,#######
Lekki Phase 2,Lagos,penthouse,2,2,,not stated,yes,5400000,16/08/2026,#######
Lokogoma,Abuja,penthouse,5,5,332,not stated,yes,7400000,17/08/2026,#######
Wuse 1,Abuja,terrace,3,3,,no,not stated,3800000,08/08/2026,#######
Apo,Abuja,mansion,6,5,1070,not stated,yes,9100000,02/08/2026,#######
Katampe,Abuja,self-contain,0,1,54,not stated,not stated,1700000,18/08/2026,#######
Festac,Lagos,terrace,4,4,590,no,not stated,4700000,13/08/2026,#######
Katampe,Abuja,penthouse,4,5,564,no,no,6700000,07/08/2026,#######
Yaba,Lagos,bungalow,5,4,538,not stated,yes,5000000,03/08/2026,#######
Wuse 2,Abuja,duplex,2,1,135,yes,not stated,4900000,16/08/2026,#######
Ilupeju,Lagos,duplex,4,3,583,yes,yes,4100000,13/08/2026,#######
Opebi,Lagos,mansion,2,3,,not stated,not stated,6200000,09/08/2026,#######
Amuwo Odofin,Lagos,mansion,2,2,919,no,yes,6300000,14/08/2026,#######
Ikoyi,Lagos,self-contain,0,1,80,no,not stated,1300000,12/08/2026,#######
Maryland,Lagos,penthouse,2,3,65,not stated,not stated,5400000,17/08/2026,#######
Life Camp,Abuja,mansion,3,4,975,not stated,no,7600000,13/08/2026,#######
Victoria Island,Lagos,flat,2,2,107,no,yes,5900000,05/08/2026,#######
Wuse 2,Abuja,duplex,2,1,131,not stated,yes,6500000,08/08/2026,#######
Wuse 1,Abuja,mansion,2,2,928,not stated,not stated,6900000,15/08/2026,#######
Wuse 2,Abuja,self-contain,0,1,109,no,yes,1500000,11/08/2026,#######
Wuse 2,Abuja,bungalow,3,3,354,yes,yes,5800000,06/08/2026,#######
Allen,Lagos,penthouse,1,1,133,not stated,not stated,3500000,18/08/2026,#######
Gwarinpa,Abuja,self-contain,0,1,42,not stated,yes,2100000,09/08/2026,#######
Yaba,Lagos,self-contain,0,1,100,no,not stated,1000000,08/08/2026,#######
Asokoro,Abuja,duplex,5,4,796,no,yes,8200000,04/08/2026,#######
Mabushi,Abuja,penthouse,2,3,,yes,no,3700000,08/08/2026,#######
Sangotedo,Lagos,bungalow,2,3,,not stated,not stated,2200000,18/08/2026,#######
Maryland,Lagos,bungalow,2,3,,not stated,yes,2500000,07/08/2026,#######
Lokogoma,Abuja,duplex,1,1,54,yes,not stated,2500000,06/08/2026,#######
Apo,Abuja,bungalow,4,4,285,not stated,not stated,5200000,04/08/2026,#######
